id,serie_bac,note_maths,note_sciences,note_langues,note_eco,matieres_preferees,competences,interets,environnement,metiers_vises,filiere
syn-00000,S,4,4,3,4,Physique-Chimie|Histoire-Geographie|Arts,Electronique / bricolage technique|Analyse de donnees / logique,Art / design / audiovisuel|Sciences|Droit / justice,Terrain / exterieur,Creation / design,EMII
syn-00001,C,4,4,3,3,Arts|Economie / Gestion,Creativite / design|Vente / negociation|Organisation / gestion de projet,Finance / comptabilite|Communication / medias|Tourisme / hotellerie,Atelier / usine,Commerce / relation client,CAA
syn-00002,S,4,4,4,3,Physique-Chimie|Francais / Litterature|Sport,Creativite / design|Redaction / communication|Analyse de donnees / logique|Electronique / bricolage technique,BTP / construction|Art / design / audiovisuel|Communication / medias,Terrain / exterieur,Commerce / relation client,IMTICIA
syn-00003,A1,3,3,4,2,Economie / Gestion|Informatique / Technologie|SVT,Organisation / gestion de projet|Travail en equipe,Sciences|Art / design / audiovisuel|Entrepreneuriat / business|Sante / social,Mixte,Entrepreneur / independant|Creation / design,CAA
syn-00004,D,4,5,5,2,Economie / Gestion|Sport|Francais / Litterature,Redaction / communication|Vente / negociation,Entrepreneuriat / business|Communication / medias|Agriculture / environnement|Droit / justice,Mixte,Recherche / enseignement,DTJA
syn-00005,S,2,5,2,3,SVT|Langues etrangeres,Analyse de donnees / logique|Travail en equipe|Creativite / design|Redaction / communication,BTP / construction|Sciences|Entrepreneuriat / business,Terrain / exterieur,Creation / design|Entrepreneur / independant,CAA
syn-00006,S,3,3,3,1,Mathematiques|Sport,Travail en equipe|Electronique / bricolage technique,Sciences|Art / design / audiovisuel,Bureau,Entrepreneur / independant|Technique / ingenierie,IGGLIA
syn-00007,D,5,3,3,4,Langues etrangeres|Francais / Litterature,Redaction / communication|Travail en equipe|Programmation|Analyse de donnees / logique,Sciences|Droit / justice|Communication / medias|Sante / social,Laboratoire,Commerce / relation client,ISAIA
syn-00008,D,1,3,3,4,Histoire-Geographie|Langues etrangeres,Travail en equipe|Vente / negociation,Communication / medias|Entrepreneuriat / business,Mixte,Commerce / relation client|Entrepreneur / independant,CAA
syn-00009,A1,3,2,2,1,SVT|Sport|Mathematiques,Creativite / design|Analyse de donnees / logique|Programmation|Travail en equipe,Droit / justice|Sciences|Communication / medias|Agriculture / environnement,Laboratoire,Technique / ingenierie,TEE
syn-00010,Technique industrielle,1,3,3,3,Sport|Histoire-Geographie|Arts,Travail en equipe|Electronique / bricolage technique,Droit / justice|Technologie / informatique,Atelier / usine,Recherche / enseignement|Creation / design,EMII
syn-00011,S,4,4,3,2,Arts|Sport|SVT,Organisation / gestion de projet|Electronique / bricolage technique|Travail en equipe|Redaction / communication,Sciences|Droit / justice,Bureau,Technique / ingenierie|Commerce / relation client,DTJA
syn-00012,S,1,5,4,4,Histoire-Geographie|Langues etrangeres|Physique-Chimie,Redaction / communication|Electronique / bricolage technique|Analyse de donnees / logique,Communication / medias|Sciences|Tourisme / hotellerie|Droit / justice,Atelier / usine,Commerce / relation client,EMII
syn-00013,D,4,4,2,3,Mathematiques|Sport|SVT,Analyse de donnees / logique|Redaction / communication|Programmation,Droit / justice|Tourisme / hotellerie,Mixte,Creation / design|Recherche / enseignement,ISAIA
syn-00014,S,3,4,3,3,Physique-Chimie|Langues etrangeres|Histoire-Geographie,Organisation / gestion de projet|Travail en equipe|Electronique / bricolage technique|Redaction / communication,Droit / justice|Communication / medias|BTP / construction|Art / design / audiovisuel,Bureau,Creation / design|Recherche / enseignement,EMII
syn-00015,C,4,2,3,4,Langues etrangeres|Informatique / Technologie|Physique-Chimie,Redaction / communication|Electronique / bricolage technique|Travail en equipe,BTP / construction|Tourisme / hotellerie,Terrain / exterieur,Entrepreneur / independant,GCA
syn-00016,D,4,2,2,3,Sport|Francais / Litterature,Vente / negociation|Electronique / bricolage technique|Programmation,Entrepreneuriat / business|Communication / medias|Technologie / informatique,Terrain / exterieur,Creation / design,ESIIA
syn-00017,L,2,5,2,4,Histoire-Geographie|Physique-Chimie,Electronique / bricolage technique|Redaction / communication|Analyse de donnees / logique,Entrepreneuriat / business|Communication / medias|BTP / construction|Droit / justice,Atelier / usine,Entrepreneur / independant,CAA
syn-00018,A1,2,4,4,3,Informatique / Technologie|Francais / Litterature,Programmation|Electronique / bricolage technique|Analyse de donnees / logique,Droit / justice|Technologie / informatique|Sante / social,Atelier / usine,Recherche / enseignement|Creation / design,DTJA
syn-00019,Technique genie civil,3,5,2,3,SVT|Francais / Litterature|Informatique / Technologie,Programmation|Electronique / bricolage technique|Redaction / communication,BTP / construction|Sciences|Technologie / informatique|Droit / justice,Bureau,Creation / design|Recherche / enseignement,DTJA
syn-00020,S,2,4,4,3,SVT|Economie / Gestion|Informatique / Technologie,Organisation / gestion de projet|Electronique / bricolage technique|Programmation|Redaction / communication,Entrepreneuriat / business|Tourisme / hotellerie|BTP / construction,Laboratoire,Recherche / enseignement,IAA
syn-00021,D,3,5,3,3,SVT|Arts,Electronique / bricolage technique|Creativite / design,Tourisme / hotellerie|Agriculture / environnement,Bureau,Technique / ingenierie|Creation / design,AEE
syn-00022,D,2,3,3,2,Histoire-Geographie|Physique-Chimie|SVT,Analyse de donnees / logique|Organisation / gestion de projet,Agriculture / environnement|Entrepreneuriat / business|Sciences|Sante / social,Atelier / usine,Technique / ingenierie|Creation / design,IAA
syn-00023,S,2,3,3,3,Economie / Gestion|Histoire-Geographie|Sport,Vente / negociation|Organisation / gestion de projet|Travail en equipe|Electronique / bricolage technique,Finance / comptabilite|Entrepreneuriat / business|Sciences|Droit / justice,Mixte,Entrepreneur / independant,CAA
syn-00024,C,5,4,2,3,Informatique / Technologie|Francais / Litterature|Economie / Gestion,Electronique / bricolage technique|Organisation / gestion de projet|Redaction / communication,Entrepreneuriat / business|Technologie / informatique|Sante / social,Mixte,Commerce / relation client,ISAIA
syn-00025,D,3,4,3,2,SVT|Mathematiques,Programmation|Travail en equipe|Electronique / bricolage technique,Sante / social|Communication / medias|Sciences,Mixte,Commerce / relation client|Gestion / management,PIP
syn-00026,Technique agricole,3,5,1,4,Arts|Francais / Litterature|Histoire-Geographie,Creativite / design|Redaction / communication,Tourisme / hotellerie|Communication / medias|Agriculture / environnement,Terrain / exterieur,Entrepreneur / independant,AEE
syn-00027,D,4,3,3,4,Arts|Informatique / Technologie,Electronique / bricolage technique|Programmation|Redaction / communication|Travail en equipe,Technologie / informatique|Agriculture / environnement,Bureau,Commerce / relation client|Entrepreneur / independant,IMTICIA
syn-00028,L,2,3,3,2,Francais / Litterature|Economie / Gestion,Programmation|Vente / negociation,Finance / comptabilite|Communication / medias|Entrepreneuriat / business,Terrain / exterieur,Gestion / management,CAA
syn-00029,L,2,2,4,3,Histoire-Geographie|Francais / Litterature|SVT,Redaction / communication|Creativite / design|Organisation / gestion de projet,Communication / medias|Tourisme / hotellerie,Bureau,Technique / ingenierie|Entrepreneur / independant,TEE
syn-00030,A1,4,1,5,3,Langues etrangeres|Sport,Programmation|Travail en equipe|Analyse de donnees / logique|Redaction / communication,Sciences|Communication / medias,Mixte,Gestion / management,TEH
syn-00031,L,2,3,3,4,Sport|Economie / Gestion|SVT,Programmation|Vente / negociation|Organisation / gestion de projet,Agriculture / environnement|Entrepreneuriat / business|Finance / comptabilite|BTP / construction,Terrain / exterieur,Creation / design,EMP
syn-00032,Technique genie civil,3,5,2,2,Informatique / Technologie|Histoire-Geographie|Economie / Gestion,Organisation / gestion de projet|Electronique / bricolage technique|Programmation|Vente / negociation,Sante / social|Tourisme / hotellerie,Mixte,Technique / ingenierie|Creation / design,EMP
syn-00033,Technique genie civil,3,3,3,2,Mathematiques|Francais / Litterature,Vente / negociation|Analyse de donnees / logique,Sciences|Finance / comptabilite|Droit / justice|Communication / medias,Bureau,Gestion / management,DTJA
syn-00034,Technique agricole,2,3,4,4,Economie / Gestion|Francais / Litterature|Physique-Chimie,Redaction / communication|Vente / negociation|Electronique / bricolage technique|Travail en equipe,Communication / medias|Finance / comptabilite|Droit / justice|Technologie / informatique,Terrain / exterieur,Creation / design|Technique / ingenierie,DTJA
syn-00035,D,4,3,3,3,Francais / Litterature|Arts,Redaction / communication|Creativite / design|Organisation / gestion de projet,Art / design / audiovisuel|Communication / medias,Bureau,Recherche / enseignement,IMTICIA
syn-00036,A2,3,3,3,2,Sport|Langues etrangeres,Analyse de donnees / logique|Organisation / gestion de projet|Redaction / communication,Finance / comptabilite|Sciences|BTP / construction,Terrain / exterieur,Commerce / relation client|Entrepreneur / independant,TEE
syn-00037,Technique agricole,4,2,3,3,Mathematiques|Arts|Sport,Electronique / bricolage technique|Analyse de donnees / logique,Art / design / audiovisuel|Sciences|Finance / comptabilite,Terrain / exterieur,Entrepreneur / independant,FIC
syn-00038,S,4,4,2,3,Informatique / Technologie|Histoire-Geographie,Programmation|Travail en equipe,Sante / social|Entrepreneuriat / business,Bureau,Recherche / enseignement|Technique / ingenierie,IGGLIA
syn-00039,S,2,3,3,3,Sport|Physique-Chimie,Organisation / gestion de projet|Electronique / bricolage technique|Analyse de donnees / logique|Vente / negociation,Sciences|BTP / construction,Laboratoire,Entrepreneur / independant|Commerce / relation client,IAA
syn-00040,S,5,4,2,3,Physique-Chimie|Economie / Gestion,Organisation / gestion de projet|Vente / negociation|Creativite / design,Sante / social|Finance / comptabilite|Tourisme / hotellerie|Communication / medias,Mixte,Technique / ingenierie|Gestion / management,FIC
syn-00041,C,4,4,2,3,Francais / Litterature|Arts,Redaction / communication|Organisation / gestion de projet|Creativite / design|Travail en equipe,Entrepreneuriat / business|Droit / justice|Art / design / audiovisuel,Atelier / usine,Technique / ingenierie,EMII
syn-00042,Technique agricole,2,3,2,4,Informatique / Technologie|Histoire-Geographie,Electronique / bricolage technique|Programmation,Agriculture / environnement|Art / design / audiovisuel|Tourisme / hotellerie|Droit / justice,Terrain / exterieur,Commerce / relation client|Gestion / management,EMP
syn-00043,S,5,2,3,3,Arts|Mathematiques|Economie / Gestion,Vente / negociation|Programmation|Creativite / design|Organisation / gestion de projet,Art / design / audiovisuel|Sciences,Bureau,Recherche / enseignement,ISAIA
syn-00044,D,3,1,2,2,Arts|Francais / Litterature|Informatique / Technologie,Electronique / bricolage technique|Organisation / gestion de projet,Droit / justice|Technologie / informatique,Terrain / exterieur,Commerce / relation client|Technique / ingenierie,IMTICIA
syn-00045,L,2,4,3,5,Informatique / Technologie|Mathematiques,Electronique / bricolage technique|Redaction / communication,Technologie / informatique|Entrepreneuriat / business,Mixte,Recherche / enseignement,CAA
syn-00046,S,4,3,3,3,Langues etrangeres|Mathematiques|Francais / Litterature,Creativite / design|Analyse de donnees / logique,Communication / medias|Entrepreneuriat / business,Terrain / exterieur,Commerce / relation client,ISAIA
syn-00047,Technique genie civil,2,3,3,3,Physique-Chimie|Francais / Litterature|Informatique / Technologie,Analyse de donnees / logique|Electronique / bricolage technique|Redaction / communication|Organisation / gestion de projet,Sciences|Technologie / informatique|BTP / construction|Droit / justice,Bureau,Technique / ingenierie,DTJA
syn-00048,A1,3,2,5,3,Sport|Francais / Litterature|Arts,Vente / negociation|Redaction / communication|Travail en equipe,Sante / social|Agriculture / environnement|Sciences,Laboratoire,Commerce / relation client,DTJA
syn-00049,A2,2,2,3,3,Francais / Litterature|Arts|Histoire-Geographie,Analyse de donnees / logique|Creativite / design,Technologie / informatique|Entrepreneuriat / business|Droit / justice,Terrain / exterieur,Entrepreneur / independant|Technique / ingenierie,DTJA
syn-00050,D,2,4,3,3,SVT|Histoire-Geographie|Economie / Gestion,Redaction / communication|Analyse de donnees / logique|Programmation,Droit / justice|Finance / comptabilite,Bureau,Recherche / enseignement|Commerce / relation client,DTJA
syn-00051,C,3,4,3,2,Langues etrangeres|Mathematiques,Redaction / communication|Vente / negociation|Analyse de donnees / logique,Tourisme / hotellerie|Agriculture / environnement|Sciences,Mixte,Creation / design,TEE
syn-00052,C,5,2,3,2,Arts|Physique-Chimie|Langues etrangeres,Redaction / communication|Vente / negociation|Organisation / gestion de projet|Analyse de donnees / logique,Sciences|Sante / social|Art / design / audiovisuel|Tourisme / hotellerie,Atelier / usine,Entrepreneur / independant|Creation / design,GCA
syn-00053,A1,4,3,2,3,Francais / Litterature|Economie / Gestion|Mathematiques,Creativite / design|Analyse de donnees / logique|Vente / negociation,Sante / social|Entrepreneuriat / business|Droit / justice,Terrain / exterieur,Technique / ingenierie|Creation / design,CAA
syn-00054,C,3,4,3,3,Sport|Informatique / Technologie|Economie / Gestion,Programmation|Travail en equipe|Vente / negociation,Sciences|Entrepreneuriat / business,Bureau,Commerce / relation client|Entrepreneur / independant,CAA
syn-00055,C,4,4,3,3,Physique-Chimie|Mathematiques,Electronique / bricolage technique|Analyse de donnees / logique|Travail en equipe,Sciences|Tourisme / hotellerie,Laboratoire,Technique / ingenierie,ICMP
syn-00056,L,2,3,4,3,Arts|Informatique / Technologie|Histoire-Geographie,Organisation / gestion de projet|Electronique / bricolage technique|Creativite / design,Tourisme / hotellerie|Communication / medias|Sciences|BTP / construction,Mixte,Recherche / enseignement,TEH
syn-00057,A2,2,2,4,3,Arts|Economie / Gestion|Mathematiques,Organisation / gestion de projet|Creativite / design,Finance / comptabilite|Entrepreneuriat / business|Droit / justice|Art / design / audiovisuel,Laboratoire,Recherche / enseignement|Entrepreneur / independant,EMP
syn-00058,L,2,4,4,3,SVT|Langues etrangeres|Histoire-Geographie,Electronique / bricolage technique|Travail en equipe|Organisation / gestion de projet,Sciences|Droit / justice|Entrepreneuriat / business,Mixte,Recherche / enseignement|Gestion / management,TEH
syn-00059,C,3,3,4,4,Francais / Litterature|Sport,Creativite / design|Redaction / communication|Travail en equipe,Art / design / audiovisuel|Technologie / informatique|Droit / justice,Atelier / usine,Commerce / relation client,DTJA
syn-00060,Technique industrielle,4,3,3,3,Sport|SVT,Travail en equipe|Creativite / design|Redaction / communication,Sante / social|Art / design / audiovisuel,Bureau,Gestion / management,ISAIA
syn-00061,S,4,3,3,4,Informatique / Technologie|SVT|Francais / Litterature,Redaction / communication|Programmation,Entrepreneuriat / business|Sante / social|Technologie / informatique,Atelier / usine,Technique / ingenierie,IGGLIA
syn-00062,C,3,4,4,2,Histoire-Geographie|Sport|Langues etrangeres,Travail en equipe|Organisation / gestion de projet|Creativite / design|Redaction / communication,Tourisme / hotellerie|Communication / medias,Terrain / exterieur,Technique / ingenierie,TEE
syn-00063,D,3,3,2,4,Histoire-Geographie|SVT|Mathematiques,Electronique / bricolage technique|Organisation / gestion de projet|Redaction / communication,Art / design / audiovisuel|Agriculture / environnement,Laboratoire,Entrepreneur / independant,CAA
syn-00064,Technique industrielle,4,4,3,1,Langues etrangeres|SVT,Travail en equipe|Redaction / communication,Agriculture / environnement|Sciences,Bureau,Entrepreneur / independant,TEE
syn-00065,S,3,4,3,4,Physique-Chimie|Mathematiques,Vente / negociation|Electronique / bricolage technique|Analyse de donnees / logique|Programmation,Sciences|Finance / comptabilite|Sante / social,Bureau,Gestion / management|Entrepreneur / independant,FIC
syn-00066,D,3,2,3,5,Sport|Arts,Creativite / design|Vente / negociation|Travail en equipe|Redaction / communication,Art / design / audiovisuel|Agriculture / environnement|Communication / medias,Mixte,Entrepreneur / independant|Technique / ingenierie,CAA
syn-00067,A1,2,3,3,3,Arts|SVT,Vente / negociation|Creativite / design|Redaction / communication|Travail en equipe,Art / design / audiovisuel|Sante / social|Sciences,Bureau,Recherche / enseignement,DTJA
syn-00068,Technique industrielle,3,2,2,3,Sport|Informatique / Technologie|Francais / Litterature,Travail en equipe|Vente / negociation|Programmation|Organisation / gestion de projet,Communication / medias|Finance / comptabilite|Technologie / informatique|Tourisme / hotellerie,Terrain / exterieur,Creation / design,IMTICIA
syn-00069,S,4,5,4,3,Economie / Gestion|Mathematiques,Programmation|Analyse de donnees / logique|Creativite / design|Vente / negociation,Art / design / audiovisuel|Technologie / informatique,Laboratoire,Technique / ingenierie|Recherche / enseignement,ISAIA
syn-00070,Technique industrielle,3,3,2,3,SVT|Histoire-Geographie,Electronique / bricolage technique|Analyse de donnees / logique|Creativite / design,Droit / justice|Tourisme / hotellerie|Sciences,Atelier / usine,Recherche / enseignement|Entrepreneur / independant,EMII
syn-00071,L,3,2,3,4,Informatique / Technologie|Sport,Travail en equipe|Creativite / design|Programmation|Analyse de donnees / logique,Sante / social|Art / design / audiovisuel|Technologie / informatique,Mixte,Technique / ingenierie|Creation / design,FIC
syn-00072,L,3,1,3,4,Mathematiques|Langues etrangeres|Arts,Creativite / design|Redaction / communication|Organisation / gestion de projet,Technologie / informatique|Finance / comptabilite|Droit / justice,Terrain / exterieur,Commerce / relation client|Gestion / management,FIC
syn-00073,D,2,5,3,4,Physique-Chimie|SVT|Langues etrangeres,Creativite / design|Redaction / communication|Programmation|Organisation / gestion de projet,Agriculture / environnement|BTP / construction,Mixte,Gestion / management,IAA
syn-00074,A2,4,1,5,3,Sport|Histoire-Geographie|Francais / Litterature,Redaction / communication|Analyse de donnees / logique|Organisation / gestion de projet|Travail en equipe,Droit / justice|Communication / medias|BTP / construction,Terrain / exterieur,Recherche / enseignement|Entrepreneur / independant,TEE
syn-00075,A2,2,5,4,4,Sport|Physique-Chimie,Analyse de donnees / logique|Travail en equipe|Programmation|Electronique / bricolage technique,Sciences|BTP / construction|Sante / social|Technologie / informatique,Mixte,Recherche / enseignement|Technique / ingenierie,EMP
syn-00076,C,4,4,2,4,Mathematiques|SVT,Analyse de donnees / logique|Vente / negociation|Programmation|Travail en equipe,Agriculture / environnement|Droit / justice|Sciences|Sante / social,Bureau,Gestion / management,ISAIA
syn-00077,D,2,3,2,3,Informatique / Technologie|SVT,Organisation / gestion de projet|Analyse de donnees / logique,Art / design / audiovisuel|Agriculture / environnement,Terrain / exterieur,Technique / ingenierie|Recherche / enseignement,IGGLIA
syn-00078,C,5,5,4,2,Informatique / Technologie|Francais / Litterature,Vente / negociation|Programmation,Sante / social|Technologie / informatique|Entrepreneuriat / business|Droit / justice,Bureau,Gestion / management|Technique / ingenierie,IGGLIA
syn-00079,D,4,3,2,3,Informatique / Technologie|Physique-Chimie,Programmation|Organisation / gestion de projet|Electronique / bricolage technique|Redaction / communication,Technologie / informatique|BTP / construction|Tourisme / hotellerie,Atelier / usine,Commerce / relation client,ESIIA
syn-00080,A2,2,4,4,4,Langues etrangeres|Arts,Redaction / communication|Creativite / design,Art / design / audiovisuel|Agriculture / environnement|Communication / medias|BTP / construction,Terrain / exterieur,Commerce / relation client,TEE
syn-00081,D,4,3,3,1,Informatique / Technologie|Sport,Programmation|Travail en equipe,Entrepreneuriat / business|Agriculture / environnement|Communication / medias|Technologie / informatique,Bureau,Recherche / enseignement,IGGLIA
syn-00082,D,2,3,4,5,Arts|Physique-Chimie|Economie / Gestion,Analyse de donnees / logique|Creativite / design,Agriculture / environnement|Communication / medias,Terrain / exterieur,Commerce / relation client|Gestion / management,CAA
syn-00083,S,4,3,3,2,Arts|Informatique / Technologie,Electronique / bricolage technique|Creativite / design|Programmation,Finance / comptabilite|Communication / medias|Art / design / audiovisuel,Terrain / exterieur,Entrepreneur / independant|Commerce / relation client,IMTICIA
syn-00084,S,4,3,3,3,SVT|Francais / Litterature|Arts,Programmation|Creativite / design,Agriculture / environnement|Finance / comptabilite|Tourisme / hotellerie|Sante / social,Bureau,Technique / ingenierie|Commerce / relation client,ISAIA
syn-00085,D,4,4,4,4,Histoire-Geographie|Langues etrangeres,Creativite / design|Programmation,Finance / comptabilite|Communication / medias|Art / design / audiovisuel|Sante / social,Mixte,Entrepreneur / independant|Technique / ingenierie,IMTICIA
syn-00086,S,3,3,4,3,SVT|Histoire-Geographie|Physique-Chimie,Analyse de donnees / logique|Programmation|Travail en equipe,Tourisme / hotellerie|Sciences,Terrain / exterieur,Commerce / relation client,TEH
syn-00087,Technique agricole,4,3,4,2,Francais / Litterature|Langues etrangeres|Informatique / Technologie,Redaction / communication|Creativite / design|Electronique / bricolage technique,Tourisme / hotellerie|Finance / comptabilite|Art / design / audiovisuel|Communication / medias,Bureau,Commerce / relation client,TEH
syn-00088,S,4,2,4,3,Mathematiques|SVT,Analyse de donnees / logique|Travail en equipe,Art / design / audiovisuel|Sante / social|Sciences|Finance / comptabilite,Mixte,Recherche / enseignement|Technique / ingenierie,ISAIA
syn-00089,C,3,4,3,5,SVT|Histoire-Geographie,Electronique / bricolage technique|Programmation,Tourisme / hotellerie|Communication / medias,Bureau,Commerce / relation client,TEH
syn-00090,S,3,4,2,4,Arts|Economie / Gestion|SVT,Organisation / gestion de projet|Programmation,Finance / comptabilite|BTP / construction,Atelier / usine,Creation / design,FIC
syn-00091,D,3,3,4,2,Physique-Chimie|Langues etrangeres|SVT,Travail en equipe|Electronique / bricolage technique|Analyse de donnees / logique,Sciences|Sante / social|BTP / construction,Laboratoire,Creation / design|Recherche / enseignement,PIP
syn-00092,D,3,3,3,3,Physique-Chimie|Economie / Gestion,Analyse de donnees / logique|Creativite / design,Entrepreneuriat / business|Sciences|Art / design / audiovisuel,Mixte,Gestion / management|Creation / design,IMTICIA
syn-00093,A2,2,1,3,3,Arts|Langues etrangeres|Francais / Litterature,Redaction / communication|Electronique / bricolage technique,Finance / comptabilite|Sciences,Mixte,Technique / ingenierie,TEE
syn-00094,D,2,3,2,3,Mathematiques|Sport|Francais / Litterature,Redaction / communication|Programmation|Travail en equipe|Analyse de donnees / logique,Droit / justice|Entrepreneuriat / business,Terrain / exterieur,Technique / ingenierie,DTJA
syn-00095,C,3,4,3,3,Langues etrangeres|Arts|SVT,Creativite / design|Redaction / communication|Analyse de donnees / logique|Organisation / gestion de projet,Technologie / informatique|BTP / construction,Bureau,Commerce / relation client|Recherche / enseignement,TEH
syn-00096,Technique agricole,4,4,3,5,Economie / Gestion|Histoire-Geographie|Sport,Vente / negociation|Organisation / gestion de projet,Tourisme / hotellerie|Art / design / audiovisuel|Entrepreneuriat / business|Droit / justice,Mixte,Commerce / relation client|Technique / ingenierie,CAA
syn-00097,A1,2,2,3,3,Arts|Economie / Gestion,Creativite / design|Travail en equipe,Art / design / audiovisuel|Finance / comptabilite|Entrepreneuriat / business,Mixte,Recherche / enseignement|Entrepreneur / independant,CAA
syn-00098,A2,4,2,5,3,SVT|Francais / Litterature,Redaction / communication|Organisation / gestion de projet|Travail en equipe|Programmation,Sciences|Communication / medias|Agriculture / environnement|Sante / social,Mixte,Creation / design|Gestion / management,DTJA
syn-00099,A1,2,3,4,3,Physique-Chimie|Mathematiques,Analyse de donnees / logique|Organisation / gestion de projet,Sciences|Finance / comptabilite,Terrain / exterieur,Commerce / relation client,TEE
syn-00100,A2,1,2,3,3,Economie / Gestion|Informatique / Technologie|Mathematiques,Organisation / gestion de projet|Electronique / bricolage technique|Programmation,Technologie / informatique|Sciences|BTP / construction,Atelier / usine,Gestion / management|Technique / ingenierie,FIC
syn-00101,C,5,4,3,4,Arts|Langues etrangeres,Organisation / gestion de projet|Creativite / design,Tourisme / hotellerie|Agriculture / environnement,Terrain / exterieur,Commerce / relation client,TEH
syn-00102,L,2,3,4,3,Sport|Francais / Litterature,Travail en equipe|Vente / negociation,Technologie / informatique|Entrepreneuriat / business,Atelier / usine,Entrepreneur / independant,CAA
syn-00103,L,2,5,4,3,Physique-Chimie|Langues etrangeres|Histoire-Geographie,Electronique / bricolage technique|Redaction / communication,BTP / construction|Droit / justice,Mixte,Gestion / management|Recherche / enseignement,DTJA
syn-00104,D,4,4,2,2,SVT|Francais / Litterature|Economie / Gestion,Travail en equipe|Redaction / communication,Droit / justice|Finance / comptabilite|BTP / construction,Bureau,Commerce / relation client|Technique / ingenierie,DTJA
syn-00105,Technique industrielle,2,4,2,3,Arts|SVT,Programmation|Creativite / design|Redaction / communication,Sante / social|Communication / medias|Tourisme / hotellerie,Bureau,Gestion / management,IMTICIA
syn-00106,D,4,3,2,3,Histoire-Geographie|Physique-Chimie,Organisation / gestion de projet|Electronique / bricolage technique|Travail en equipe,Technologie / informatique|Droit / justice|Tourisme / hotellerie|Agriculture / environnement,Bureau,Commerce / relation client|Entrepreneur / independant,EMII
syn-00107,S,3,5,4,2,SVT|Physique-Chimie|Mathematiques,Organisation / gestion de projet|Electronique / bricolage technique|Analyse de donnees / logique,Sante / social|Tourisme / hotellerie|Sciences|Agriculture / environnement,Bureau,Recherche / enseignement,PIP
syn-00108,S,3,2,3,2,Sport|Langues etrangeres|Informatique / Technologie,Travail en equipe|Electronique / bricolage technique,Entrepreneuriat / business|Communication / medias,Mixte,Entrepreneur / independant,TEH
syn-00109,S,4,4,4,2,Francais / Litterature|Arts,Creativite / design|Redaction / communication|Travail en equipe,Entrepreneuriat / business|Art / design / audiovisuel,Terrain / exterieur,Technique / ingenierie|Entrepreneur / independant,IMTICIA
syn-00110,A2,1,5,3,4,Sport|Informatique / Technologie|Mathematiques,Electronique / bricolage technique|Travail en equipe,Tourisme / hotellerie|Finance / comptabilite|Technologie / informatique,Bureau,Gestion / management,TEE
syn-00111,C,4,4,3,3,Physique-Chimie|Sport,Programmation|Analyse de donnees / logique|Travail en equipe,BTP / construction|Art / design / audiovisuel,Bureau,Recherche / enseignement|Commerce / relation client,ISAIA
syn-00112,S,4,2,3,3,Informatique / Technologie|Economie / Gestion,Organisation / gestion de projet|Vente / negociation|Electronique / bricolage technique|Programmation,Finance / comptabilite|Communication / medias,Bureau,Creation / design,FIC
syn-00113,S,5,1,2,4,Mathematiques|SVT|Histoire-Geographie,Vente / negociation|Travail en equipe|Redaction / communication|Analyse de donnees / logique,Entrepreneuriat / business|Sciences|Sante / social,Mixte,Creation / design|Recherche / enseignement,ISAIA
syn-00114,A2,4,1,4,3,Informatique / Technologie|Francais / Litterature|Arts,Organisation / gestion de projet|Electronique / bricolage technique|Programmation,Agriculture / environnement|Droit / justice|Tourisme / hotellerie|Technologie / informatique,Mixte,Recherche / enseignement|Commerce / relation client,DTJA
syn-00115,D,3,4,2,1,Sport|Francais / Litterature,Organisation / gestion de projet|Electronique / bricolage technique|Vente / negociation,BTP / construction|Finance / comptabilite|Communication / medias,Atelier / usine,Technique / ingenierie|Entrepreneur / independant,EMII
syn-00116,S,5,4,2,3,Informatique / Technologie|Arts,Programmation|Organisation / gestion de projet|Creativite / design,Tourisme / hotellerie|Technologie / informatique|Art / design / audiovisuel,Bureau,Recherche / enseignement,IMTICIA
syn-00117,Technique genie civil,2,2,2,2,Physique-Chimie|Arts|SVT,Creativite / design|Electronique / bricolage technique|Vente / negociation,Communication / medias|BTP / construction|Technologie / informatique|Sciences,Bureau,Technique / ingenierie|Recherche / enseignement,GCA
syn-00118,Technique industrielle,2,4,3,1,Mathematiques|Economie / Gestion|Francais / Litterature,Vente / negociation|Redaction / communication|Organisation / gestion de projet,Communication / medias|Sciences,Mixte,Creation / design,CAA
syn-00119,Technique industrielle,2,3,5,3,Histoire-Geographie|Sport|Langues etrangeres,Redaction / communication|Travail en equipe,Communication / medias|Agriculture / environnement|Droit / justice|Tourisme / hotellerie,Mixte,Recherche / enseignement|Commerce / relation client,TEH
syn-00120,D,4,3,2,1,Histoire-Geographie|Mathematiques|Physique-Chimie,Analyse de donnees / logique|Electronique / bricolage technique|Creativite / design,Sciences|Droit / justice|BTP / construction,Mixte,Gestion / management|Recherche / enseignement,GCA
syn-00121,C,3,2,1,4,Arts|Histoire-Geographie|Langues etrangeres,Travail en equipe|Redaction / communication|Analyse de donnees / logique|Organisation / gestion de projet,Droit / justice|Tourisme / hotellerie,Bureau,Creation / design,DTJA
syn-00122,A2,2,2,3,5,Histoire-Geographie|Sport|Langues etrangeres,Redaction / communication|Electronique / bricolage technique|Organisation / gestion de projet|Creativite / design,Tourisme / hotellerie|Art / design / audiovisuel,Bureau,Entrepreneur / independant|Recherche / enseignement,TEH
syn-00123,A1,2,2,4,3,Langues etrangeres|Francais / Litterature|Histoire-Geographie,Electronique / bricolage technique|Redaction / communication|Organisation / gestion de projet,Art / design / audiovisuel|Droit / justice,Laboratoire,Commerce / relation client,DTJA
syn-00124,S,4,5,3,2,Mathematiques|Economie / Gestion,Analyse de donnees / logique|Vente / negociation|Travail en equipe|Organisation / gestion de projet,Finance / comptabilite|Entrepreneuriat / business|Technologie / informatique,Atelier / usine,Commerce / relation client,ISAIA
syn-00125,S,2,3,5,4,Economie / Gestion|Arts,Creativite / design|Vente / negociation|Redaction / communication|Travail en equipe,Communication / medias|Droit / justice|Technologie / informatique|BTP / construction,Bureau,Technique / ingenierie,CAA
syn-00126,D,4,3,3,1,Arts|Sport,Creativite / design|Electronique / bricolage technique|Redaction / communication|Programmation,Finance / comptabilite|Communication / medias,Mixte,Technique / ingenierie|Recherche / enseignement,ESIIA
syn-00127,S,4,3,2,3,SVT|Informatique / Technologie|Economie / Gestion,Electronique / bricolage technique|Organisation / gestion de projet|Analyse de donnees / logique,Finance / comptabilite|Technologie / informatique|Agriculture / environnement,Bureau,Entrepreneur / independant|Technique / ingenierie,ISAIA
syn-00128,C,4,3,3,3,Informatique / Technologie|SVT,Electronique / bricolage technique|Programmation|Creativite / design|Organisation / gestion de projet,Entrepreneuriat / business|Technologie / informatique|Finance / comptabilite,Mixte,Recherche / enseignement,IGGLIA
syn-00129,A2,1,2,4,3,Langues etrangeres|Francais / Litterature|Mathematiques,Redaction / communication|Vente / negociation|Analyse de donnees / logique|Travail en equipe,Finance / comptabilite|Communication / medias|Sciences|BTP / construction,Terrain / exterieur,Commerce / relation client,CAA
syn-00130,Technique industrielle,2,3,4,2,Histoire-Geographie|Informatique / Technologie,Electronique / bricolage technique|Redaction / communication|Analyse de donnees / logique,Tourisme / hotellerie|BTP / construction,Terrain / exterieur,Technique / ingenierie,TEE
syn-00131,A2,2,2,3,3,Histoire-Geographie|Francais / Litterature|Langues etrangeres,Vente / negociation|Redaction / communication,Droit / justice|Finance / comptabilite|Tourisme / hotellerie|Art / design / audiovisuel,Atelier / usine,Entrepreneur / independant|Creation / design,DTJA
syn-00132,D,3,4,1,3,Arts|Francais / Litterature,Electronique / bricolage technique|Organisation / gestion de projet,Communication / medias|Art / design / audiovisuel|Droit / justice|Agriculture / environnement,Terrain / exterieur,Recherche / enseignement|Gestion / management,AEE
syn-00133,S,4,2,3,3,Langues etrangeres|Informatique / Technologie,Vente / negociation|Redaction / communication,Technologie / informatique|Communication / medias|Tourisme / hotellerie,Bureau,Commerce / relation client|Recherche / enseignement,TEH
syn-00134,D,3,5,2,3,Physique-Chimie|Francais / Litterature,Electronique / bricolage technique|Redaction / communication|Organisation / gestion de projet,Sciences|Droit / justice,Bureau,Recherche / enseignement,PIP
syn-00135,S,4,4,2,4,Physique-Chimie|Histoire-Geographie,Analyse de donnees / logique|Programmation|Electronique / bricolage technique|Organisation / gestion de projet,Agriculture / environnement|BTP / construction,Terrain / exterieur,Entrepreneur / independant,ESIIA
syn-00136,C,3,4,3,3,Francais / Litterature|Informatique / Technologie,Analyse de donnees / logique|Redaction / communication,Communication / medias|Tourisme / hotellerie,Terrain / exterieur,Recherche / enseignement,TEH
syn-00137,L,3,2,3,1,Langues etrangeres|Physique-Chimie,Redaction / communication|Analyse de donnees / logique|Electronique / bricolage technique,BTP / construction|Sciences|Entrepreneuriat / business|Tourisme / hotellerie,Mixte,Commerce / relation client,TEE
syn-00138,C,4,5,4,4,Mathematiques|Physique-Chimie,Redaction / communication|Programmation|Electronique / bricolage technique|Travail en equipe,Entrepreneuriat / business|Sciences|Sante / social,Mixte,Creation / design|Entrepreneur / independant,ICMP
syn-00139,C,4,5,5,3,Histoire-Geographie|Informatique / Technologie,Analyse de donnees / logique|Vente / negociation,Technologie / informatique|Art / design / audiovisuel|Communication / medias,Mixte,Creation / design|Commerce / relation client,IGGLIA
syn-00140,S,2,5,3,3,Francais / Litterature|Mathematiques,Redaction / communication|Travail en equipe|Vente / negociation,Communication / medias|Finance / comptabilite|Tourisme / hotellerie|Sciences,Mixte,Creation / design,ICMP
syn-00141,A1,3,2,3,3,Sport|Informatique / Technologie,Electronique / bricolage technique|Creativite / design|Travail en equipe,Entrepreneuriat / business|Sciences,Atelier / usine,Entrepreneur / independant,CAA
syn-00142,Technique industrielle,2,4,1,4,Francais / Litterature|SVT|Mathematiques,Analyse de donnees / logique|Redaction / communication|Electronique / bricolage technique|Vente / negociation,Sciences|Finance / comptabilite,Bureau,Commerce / relation client|Technique / ingenierie,CAA
syn-00143,S,4,4,4,4,Arts|Francais / Litterature|Economie / Gestion,Organisation / gestion de projet|Analyse de donnees / logique|Travail en equipe,Entrepreneuriat / business|Communication / medias|Agriculture / environnement|Tourisme / hotellerie,Laboratoire,Entrepreneur / independant|Creation / design,CAA
syn-00144,A2,2,3,3,3,Histoire-Geographie|Arts|Francais / Litterature,Redaction / communication|Creativite / design,Art / design / audiovisuel|Sante / social|Agriculture / environnement,Mixte,Gestion / management,DTJA
syn-00145,C,4,2,3,2,Physique-Chimie|Mathematiques|SVT,Programmation|Travail en equipe|Analyse de donnees / logique|Redaction / communication,BTP / construction|Sciences|Finance / comptabilite,Terrain / exterieur,Creation / design|Recherche / enseignement,ISAIA
syn-00146,D,3,3,4,4,Francais / Litterature|Sport,Travail en equipe|Programmation,Sante / social|Sciences|Agriculture / environnement,Bureau,Recherche / enseignement|Gestion / management,DTJA
syn-00147,S,5,4,2,3,SVT|Physique-Chimie,Vente / negociation|Electronique / bricolage technique,Agriculture / environnement|Entrepreneuriat / business|Sciences|Art / design / audiovisuel,Bureau,Entrepreneur / independant|Recherche / enseignement,PIP
syn-00148,A1,2,1,4,3,Langues etrangeres|Francais / Litterature,Redaction / communication|Organisation / gestion de projet|Vente / negociation,Communication / medias|Sante / social|Finance / comptabilite|Droit / justice,Mixte,Technique / ingenierie,DTJA
syn-00149,C,4,4,4,3,Economie / Gestion|Physique-Chimie|Informatique / Technologie,Vente / negociation|Programmation|Organisation / gestion de projet,Technologie / informatique|Sante / social,Bureau,Gestion / management,IGGLIA
syn-00150,A2,1,2,3,2,Francais / Litterature|Arts,Vente / negociation|Organisation / gestion de projet|Programmation,Art / design / audiovisuel|Technologie / informatique|Entrepreneuriat / business|Communication / medias,Mixte,Technique / ingenierie,CAA
syn-00151,D,4,5,1,2,Informatique / Technologie|Histoire-Geographie|SVT,Creativite / design|Analyse de donnees / logique|Programmation|Travail en equipe,Sante / social|Art / design / audiovisuel|Agriculture / environnement,Mixte,Commerce / relation client|Creation / design,IMTICIA
syn-00152,S,4,3,4,3,Economie / Gestion|Sport,Travail en equipe|Organisation / gestion de projet|Vente / negociation,Entrepreneuriat / business|Technologie / informatique|Finance / comptabilite|Art / design / audiovisuel,Terrain / exterieur,Gestion / management,EMP
syn-00153,A2,1,4,3,2,Economie / Gestion|Sport,Organisation / gestion de projet|Travail en equipe|Creativite / design,BTP / construction|Entrepreneuriat / business,Atelier / usine,Commerce / relation client,CAA
syn-00154,A1,2,2,3,3,Physique-Chimie|Mathematiques,Electronique / bricolage technique|Analyse de donnees / logique|Redaction / communication|Creativite / design,BTP / construction|Sciences|Entrepreneuriat / business,Laboratoire,Creation / design|Commerce / relation client,CAA
syn-00155,Technique agricole,2,3,3,4,Histoire-Geographie|Sport|Informatique / Technologie,Organisation / gestion de projet|Travail en equipe,Sciences|Communication / medias,Mixte,Technique / ingenierie,CAA
syn-00156,Technique genie civil,5,3,3,3,Histoire-Geographie|Langues etrangeres,Creativite / design|Organisation / gestion de projet|Programmation,Sciences|Communication / medias,Atelier / usine,Technique / ingenierie|Recherche / enseignement,FIC
syn-00157,D,3,5,2,1,Physique-Chimie|Sport,Travail en equipe|Programmation|Analyse de donnees / logique|Vente / negociation,Communication / medias|BTP / construction|Technologie / informatique,Atelier / usine,Commerce / relation client|Gestion / management,ICMP
syn-00158,D,4,2,4,2,Francais / Litterature|Langues etrangeres,Travail en equipe|Vente / negociation|Redaction / communication,Entrepreneuriat / business|Tourisme / hotellerie|Communication / medias|Droit / justice,Bureau,Gestion / management,DTJA
syn-00159,D,5,5,3,3,Sport|Physique-Chimie|Histoire-Geographie,Travail en equipe|Analyse de donnees / logique|Electronique / bricolage technique|Programmation,Technologie / informatique|Droit / justice,Laboratoire,Commerce / relation client,ESIIA
syn-00160,A1,4,3,5,5,SVT|Economie / Gestion|Physique-Chimie,Analyse de donnees / logique|Electronique / bricolage technique,Sante / social|Finance / comptabilite|Sciences,Terrain / exterieur,Creation / design,FIC
syn-00161,S,4,2,1,4,Sport|Mathematiques|Francais / Litterature,Travail en equipe|Analyse de donnees / logique|Redaction / communication|Electronique / bricolage technique,Art / design / audiovisuel|Finance / comptabilite|Agriculture / environnement,Bureau,Creation / design,ISAIA
syn-00162,A2,2,3,2,2,Economie / Gestion|Physique-Chimie,Vente / negociation|Organisation / gestion de projet,Finance / comptabilite|Entrepreneuriat / business,Mixte,Creation / design,CAA
syn-00163,S,5,3,3,2,Mathematiques|Economie / Gestion,Organisation / gestion de projet|Electronique / bricolage technique,Tourisme / hotellerie|Finance / comptabilite|Entrepreneuriat / business|Sciences,Atelier / usine,Creation / design|Technique / ingenierie,ISAIA
syn-00164,C,2,3,1,2,Sport|Physique-Chimie|Informatique / Technologie,Electronique / bricolage technique|Creativite / design|Travail en equipe|Programmation,BTP / construction|Sciences|Technologie / informatique,Mixte,Creation / design|Gestion / management,ESIIA
syn-00165,D,2,3,4,4,Francais / Litterature|Arts|SVT,Travail en equipe|Redaction / communication|Analyse de donnees / logique|Creativite / design,BTP / construction|Communication / medias|Sante / social|Droit / justice,Bureau,Entrepreneur / independant|Technique / ingenierie,IMTICIA
syn-00166,S,5,5,4,1,Economie / Gestion|Mathematiques|SVT,Vente / negociation|Organisation / gestion de projet|Programmation,Sciences|Sante / social,Mixte,Entrepreneur / independant|Commerce / relation client,PIP
syn-00167,D,2,2,2,3,Mathematiques|SVT|Arts,Travail en equipe|Creativite / design|Vente / negociation,Communication / medias|Sciences|Finance / comptabilite|Sante / social,Terrain / exterieur,Recherche / enseignement|Gestion / management,IMTICIA
syn-00168,L,1,4,3,4,Economie / Gestion|Langues etrangeres|Arts,Vente / negociation|Analyse de donnees / logique,Communication / medias|Entrepreneuriat / business|Tourisme / hotellerie|Art / design / audiovisuel,Atelier / usine,Technique / ingenierie,EMP
syn-00169,S,3,3,3,3,Histoire-Geographie|SVT|Physique-Chimie,Programmation|Vente / negociation,Sciences|BTP / construction|Agriculture / environnement|Communication / medias,Mixte,Commerce / relation client|Technique / ingenierie,IAA
syn-00170,Technique industrielle,3,3,5,3,Economie / Gestion|Histoire-Geographie|Langues etrangeres,Analyse de donnees / logique|Electronique / bricolage technique|Vente / negociation|Organisation / gestion de projet,BTP / construction|Droit / justice,Terrain / exterieur,Gestion / management|Recherche / enseignement,TEE
syn-00171,D,4,3,4,2,SVT|Francais / Litterature,Analyse de donnees / logique|Programmation|Electronique / bricolage technique|Vente / negociation,Agriculture / environnement|Sciences|Communication / medias,Terrain / exterieur,Gestion / management|Creation / design,IMTICIA
syn-00172,D,4,4,3,2,SVT|Mathematiques|Langues etrangeres,Travail en equipe|Programmation|Analyse de donnees / logique,Agriculture / environnement|Finance / comptabilite|Communication / medias|Tourisme / hotellerie,Bureau,Entrepreneur / independant,AEE
syn-00173,S,4,4,4,4,Sport|Langues etrangeres|Histoire-Geographie,Redaction / communication|Analyse de donnees / logique|Organisation / gestion de projet|Vente / negociation,Droit / justice|Technologie / informatique|Tourisme / hotellerie|Sante / social,Bureau,Entrepreneur / independant|Gestion / management,DTJA
syn-00174,D,3,4,2,4,Histoire-Geographie|Physique-Chimie,Electronique / bricolage technique|Travail en equipe|Analyse de donnees / logique,BTP / construction|Art / design / audiovisuel,Terrain / exterieur,Commerce / relation client|Creation / design,EMII
syn-00175,L,2,3,3,3,Sport|Mathematiques|Histoire-Geographie,Travail en equipe|Electronique / bricolage technique|Organisation / gestion de projet|Analyse de donnees / logique,Communication / medias|Tourisme / hotellerie,Bureau,Recherche / enseignement,TEE
syn-00176,D,2,2,3,3,Economie / Gestion|Langues etrangeres|Mathematiques,Organisation / gestion de projet|Creativite / design|Vente / negociation,Tourisme / hotellerie|Art / design / audiovisuel|Entrepreneuriat / business,Bureau,Entrepreneur / independant,CAA
syn-00177,A2,2,4,4,3,Sport|Arts|Francais / Litterature,Travail en equipe|Organisation / gestion de projet,BTP / construction|Art / design / audiovisuel|Communication / medias,Atelier / usine,Commerce / relation client,TEH
syn-00178,A1,2,4,4,4,Sport|Francais / Litterature|Histoire-Geographie,Electronique / bricolage technique|Programmation|Travail en equipe|Creativite / design,Agriculture / environnement|Sante / social|Communication / medias,Bureau,Gestion / management,EMP
syn-00179,D,3,3,2,2,Physique-Chimie|SVT|Informatique / Technologie,Electronique / bricolage technique|Programmation,Agriculture / environnement|Sante / social|Droit / justice|Finance / comptabilite,Atelier / usine,Technique / ingenierie,IAA
syn-00180,D,3,2,3,2,Informatique / Technologie|Arts|SVT,Creativite / design|Analyse de donnees / logique,Sciences|Sante / social,Bureau,Creation / design,PIP
syn-00181,S,4,4,4,4,Histoire-Geographie|Mathematiques,Organisation / gestion de projet|Analyse de donnees / logique,Finance / comptabilite|Communication / medias|Technologie / informatique|BTP / construction,Mixte,Creation / design|Entrepreneur / independant,FIC
syn-00182,S,4,3,5,2,Mathematiques|Francais / Litterature|Economie / Gestion,Analyse de donnees / logique|Organisation / gestion de projet|Travail en equipe|Vente / negociation,Communication / medias|Droit / justice|Finance / comptabilite,Terrain / exterieur,Entrepreneur / independant,ISAIA
syn-00183,A2,3,3,4,3,Francais / Litterature|Physique-Chimie,Vente / negociation|Redaction / communication|Electronique / bricolage technique|Travail en equipe,BTP / construction|Sciences,Bureau,Creation / design,CAA
syn-00184,Technique industrielle,3,3,3,3,Mathematiques|SVT,Electronique / bricolage technique|Travail en equipe|Creativite / design,Sciences|Agriculture / environnement|Tourisme / hotellerie,Terrain / exterieur,Recherche / enseignement,TEE
syn-00185,C,4,4,2,4,Mathematiques|Sport,Vente / negociation|Travail en equipe|Analyse de donnees / logique|Electronique / bricolage technique,Tourisme / hotellerie|Sciences|Communication / medias,Laboratoire,Gestion / management|Technique / ingenierie,IAA
syn-00186,D,3,2,4,4,Economie / Gestion|Histoire-Geographie|SVT,Analyse de donnees / logique|Redaction / communication,Tourisme / hotellerie|Sciences|Droit / justice,Bureau,Gestion / management|Commerce / relation client,DTJA
syn-00187,L,3,2,3,1,SVT|Physique-Chimie|Informatique / Technologie,Electronique / bricolage technique|Vente / negociation,Sante / social|Technologie / informatique|Agriculture / environnement,Bureau,Technique / ingenierie|Entrepreneur / independant,CAA
syn-00188,D,4,5,1,1,Arts|Francais / Litterature,Electronique / bricolage technique|Creativite / design|Redaction / communication|Analyse de donnees / logique,Droit / justice|Communication / medias|Sante / social,Laboratoire,Gestion / management|Recherche / enseignement,PIP
syn-00189,C,3,5,4,2,Informatique / Technologie|Physique-Chimie,Electronique / bricolage technique|Creativite / design|Analyse de donnees / logique|Programmation,Sciences|BTP / construction|Technologie / informatique,Terrain / exterieur,Technique / ingenierie|Commerce / relation client,ESIIA
syn-00190,D,4,3,4,4,Histoire-Geographie|Langues etrangeres|Francais / Litterature,Vente / negociation|Programmation,Sante / social|Sciences|Droit / justice,Atelier / usine,Technique / ingenierie,DTJA
syn-00191,S,3,4,3,3,SVT|Arts,Organisation / gestion de projet|Redaction / communication|Programmation|Creativite / design,Communication / medias|Sante / social|Art / design / audiovisuel,Laboratoire,Creation / design|Gestion / management,IMTICIA
syn-00192,S,5,3,4,5,Informatique / Technologie|Sport,Travail en equipe|Creativite / design|Redaction / communication|Electronique / bricolage technique,Sciences|Technologie / informatique,Mixte,Entrepreneur / independant,ESIIA
syn-00193,C,2,3,3,2,Economie / Gestion|Mathematiques|Informatique / Technologie,Travail en equipe|Organisation / gestion de projet|Programmation,Sciences|Droit / justice|Tourisme / hotellerie|Finance / comptabilite,Atelier / usine,Technique / ingenierie,IGGLIA
syn-00194,Technique agricole,2,3,3,3,Sport|Arts,Programmation|Travail en equipe,Art / design / audiovisuel|Agriculture / environnement|Communication / medias|Entrepreneuriat / business,Mixte,Recherche / enseignement,AEE
syn-00195,Technique industrielle,3,4,3,3,Physique-Chimie|Mathematiques|Arts,Organisation / gestion de projet|Analyse de donnees / logique|Vente / negociation|Redaction / communication,Communication / medias|Art / design / audiovisuel|Sciences,Atelier / usine,Technique / ingenierie|Entrepreneur / independant,ICMP
syn-00196,D,3,4,5,3,Arts|Langues etrangeres,Redaction / communication|Creativite / design,Droit / justice|Sciences|Sante / social|Tourisme / hotellerie,Bureau,Commerce / relation client|Gestion / management,DTJA
syn-00197,D,1,3,4,5,Sport|Economie / Gestion|Francais / Litterature,Vente / negociation|Redaction / communication|Analyse de donnees / logique|Travail en equipe,Entrepreneuriat / business|Finance / comptabilite|Communication / medias|Droit / justice,Bureau,Commerce / relation client|Creation / design,CAA
syn-00198,S,2,4,4,4,Mathematiques|Informatique / Technologie|Histoire-Geographie,Redaction / communication|Electronique / bricolage technique,Agriculture / environnement|Communication / medias,Bureau,Entrepreneur / independant|Recherche / enseignement,AEE
syn-00199,C,3,2,4,4,Economie / Gestion|Langues etrangeres,Vente / negociation|Creativite / design|Organisation / gestion de projet|Redaction / communication,Finance / comptabilite|Sante / social,Bureau,Entrepreneur / independant,FIC
syn-00200,C,3,5,4,2,Sport|Informatique / Technologie,Programmation|Travail en equipe,Technologie / informatique|Entrepreneuriat / business|Sante / social,Laboratoire,Creation / design,PIP
syn-00201,A1,2,3,4,4,Langues etrangeres|Mathematiques,Organisation / gestion de projet|Redaction / communication|Vente / negociation|Travail en equipe,BTP / construction|Communication / medias,Mixte,Entrepreneur / independant,TEH
syn-00202,L,1,3,4,5,Economie / Gestion|Histoire-Geographie|Francais / Litterature,Analyse de donnees / logique|Organisation / gestion de projet,Finance / comptabilite|Agriculture / environnement|Communication / medias,Mixte,Gestion / management|Commerce / relation client,EMP
syn-00203,D,4,2,4,1,Economie / Gestion|Sport,Analyse de donnees / logique|Travail en equipe,Entrepreneuriat / business|Sante / social|Finance / comptabilite,Bureau,Recherche / enseignement|Gestion / management,ISAIA
syn-00204,D,3,5,2,2,Mathematiques|Economie / Gestion,Organisation / gestion de projet|Programmation,Finance / comptabilite|Tourisme / hotellerie,Bureau,Recherche / enseignement,FIC
syn-00205,D,2,4,3,4,Francais / Litterature|Mathematiques|SVT,Electronique / bricolage technique|Analyse de donnees / logique|Organisation / gestion de projet|Redaction / communication,Finance / comptabilite|Communication / medias,Mixte,Commerce / relation client|Recherche / enseignement,FIC
syn-00206,D,4,3,2,4,Economie / Gestion|Langues etrangeres,Analyse de donnees / logique|Creativite / design|Organisation / gestion de projet,Sciences|Finance / comptabilite|Entrepreneuriat / business,Terrain / exterieur,Entrepreneur / independant,ISAIA
syn-00207,C,4,4,3,4,Mathematiques|Histoire-Geographie|Informatique / Technologie,Electronique / bricolage technique|Creativite / design|Programmation|Analyse de donnees / logique,Sciences|Tourisme / hotellerie|Droit / justice,Bureau,Gestion / management,IGGLIA
syn-00208,Technique agricole,3,4,3,3,Francais / Litterature|Langues etrangeres|Physique-Chimie,Redaction / communication|Organisation / gestion de projet|Electronique / bricolage technique,Entrepreneuriat / business|Technologie / informatique|BTP / construction|Droit / justice,Laboratoire,Commerce / relation client,DTJA
syn-00209,Technique industrielle,3,5,4,1,SVT|Arts|Mathematiques,Vente / negociation|Analyse de donnees / logique,Communication / medias|Sciences|Agriculture / environnement,Terrain / exterieur,Technique / ingenierie,ISAIA
syn-00210,S,3,4,4,3,Mathematiques|Sport,Vente / negociation|Travail en equipe|Electronique / bricolage technique,Sante / social|Communication / medias|BTP / construction,Terrain / exterieur,Gestion / management,GCA
syn-00211,D,4,4,2,2,Physique-Chimie|Mathematiques|Informatique / Technologie,Analyse de donnees / logique|Redaction / communication|Electronique / bricolage technique,Finance / comptabilite|Agriculture / environnement|Technologie / informatique,Laboratoire,Recherche / enseignement|Entrepreneur / independant,PIP
syn-00212,Technique industrielle,2,5,3,3,Arts|Langues etrangeres|Informatique / Technologie,Electronique / bricolage technique|Redaction / communication,Sante / social|BTP / construction|Finance / comptabilite,Mixte,Gestion / management,EMII
syn-00213,A2,2,3,4,2,Arts|Histoire-Geographie,Programmation|Creativite / design|Electronique / bricolage technique|Organisation / gestion de projet,Communication / medias|Technologie / informatique|Sciences,Atelier / usine,Recherche / enseignement|Technique / ingenierie,TEE
syn-00214,S,3,4,4,4,Economie / Gestion|Physique-Chimie|Francais / Litterature,Creativite / design|Redaction / communication,Entrepreneuriat / business|Droit / justice|BTP / construction|Communication / medias,Atelier / usine,Entrepreneur / independant,CAA
syn-00215,S,4,4,2,3,Physique-Chimie|Arts,Analyse de donnees / logique|Organisation / gestion de projet|Redaction / communication,Communication / medias|Droit / justice,Bureau,Creation / design,IMTICIA
syn-00216,A2,2,3,2,2,Mathematiques|Histoire-Geographie|Physique-Chimie,Redaction / communication|Analyse de donnees / logique,Droit / justice|Sante / social|Communication / medias|Tourisme / hotellerie,Bureau,Commerce / relation client|Gestion / management,TEH
syn-00217,S,5,5,4,3,Arts|Economie / Gestion|Langues etrangeres,Redaction / communication|Electronique / bricolage technique|Organisation / gestion de projet,Communication / medias|Finance / comptabilite|Entrepreneuriat / business,Atelier / usine,Recherche / enseignement|Technique / ingenierie,EMII
syn-00218,S,4,3,3,3,Physique-Chimie|Economie / Gestion|SVT,Analyse de donnees / logique|Electronique / bricolage technique|Redaction / communication,BTP / construction|Sante / social,Laboratoire,Commerce / relation client,GCA
syn-00219,D,2,3,4,4,Francais / Litterature|Economie / Gestion,Organisation / gestion de projet|Travail en equipe|Vente / negociation,Finance / comptabilite|Technologie / informatique,Atelier / usine,Gestion / management|Recherche / enseignement,EMP
syn-00220,Technique genie civil,3,3,4,3,Physique-Chimie|Economie / Gestion,Vente / negociation|Travail en equipe|Analyse de donnees / logique,Finance / comptabilite|Entrepreneuriat / business|BTP / construction,Terrain / exterieur,Creation / design,CAA
syn-00221,D,3,4,2,3,Sport|Francais / Litterature,Organisation / gestion de projet|Redaction / communication|Vente / negociation|Travail en equipe,Art / design / audiovisuel|Droit / justice|Tourisme / hotellerie,Terrain / exterieur,Commerce / relation client,CAA
syn-00222,A1,3,3,4,4,Arts|Mathematiques,Electronique / bricolage technique|Analyse de donnees / logique|Creativite / design,Communication / medias|Finance / comptabilite|BTP / construction,Terrain / exterieur,Gestion / management,FIC
syn-00223,Technique agricole,3,5,3,3,Histoire-Geographie|Sport|Langues etrangeres,Analyse de donnees / logique|Redaction / communication|Creativite / design,Agriculture / environnement|Finance / comptabilite,Bureau,Commerce / relation client|Recherche / enseignement,AEE
syn-00224,S,4,3,3,4,Mathematiques|Physique-Chimie|Economie / Gestion,Creativite / design|Organisation / gestion de projet|Redaction / communication|Vente / negociation,Finance / comptabilite|Sciences|Tourisme / hotellerie|Communication / medias,Laboratoire,Gestion / management|Technique / ingenierie,ISAIA
syn-00225,D,2,3,2,1,Sport|Economie / Gestion|Langues etrangeres,Redaction / communication|Organisation / gestion de projet|Travail en equipe,Agriculture / environnement|Communication / medias|Tourisme / hotellerie,Mixte,Commerce / relation client,TEE
syn-00226,S,3,3,3,4,Economie / Gestion|SVT,Vente / negociation|Analyse de donnees / logique,Finance / comptabilite|Droit / justice,Mixte,Recherche / enseignement,FIC
syn-00227,Technique industrielle,4,2,3,3,Langues etrangeres|Physique-Chimie,Electronique / bricolage technique|Vente / negociation,Agriculture / environnement|Tourisme / hotellerie,Mixte,Recherche / enseignement|Technique / ingenierie,TEH
syn-00228,C,5,5,2,3,Economie / Gestion|Informatique / Technologie,Programmation|Organisation / gestion de projet,Sante / social|Droit / justice|Finance / comptabilite,Atelier / usine,Creation / design,FIC
syn-00229,S,3,3,3,4,Francais / Litterature|Sport|Economie / Gestion,Vente / negociation|Redaction / communication|Organisation / gestion de projet,Droit / justice|Communication / medias|Entrepreneuriat / business,Terrain / exterieur,Entrepreneur / independant,CAA
syn-00230,S,3,4,3,2,Francais / Litterature|Economie / Gestion|Physique-Chimie,Electronique / bricolage technique|Organisation / gestion de projet,Entrepreneuriat / business|BTP / construction|Agriculture / environnement,Mixte,Recherche / enseignement,GCA
syn-00231,C,3,3,3,1,Informatique / Technologie|SVT,Organisation / gestion de projet|Programmation|Vente / negociation|Electronique / bricolage technique,Sciences|Agriculture / environnement,Mixte,Creation / design|Technique / ingenierie,ESIIA
syn-00232,D,4,4,3,3,Economie / Gestion|Informatique / Technologie|Physique-Chimie,Programmation|Electronique / bricolage technique|Analyse de donnees / logique|Vente / negociation,Technologie / informatique|Entrepreneuriat / business|Art / design / audiovisuel|BTP / construction,Mixte,Entrepreneur / independant|Technique / ingenierie,EMII
syn-00233,A2,2,3,3,3,Arts|Francais / Litterature,Creativite / design|Programmation,Communication / medias|Agriculture / environnement,Laboratoire,Recherche / enseignement|Creation / design,TEE
syn-00234,S,4,2,2,3,Economie / Gestion|Histoire-Geographie|Sport,Programmation|Vente / negociation|Travail en equipe|Creativite / design,Entrepreneuriat / business|Tourisme / hotellerie|Finance / comptabilite|Sante / social,Laboratoire,Entrepreneur / independant,CAA
syn-00235,S,3,3,2,2,Arts|Mathematiques|Francais / Litterature,Programmation|Creativite / design|Redaction / communication,Sciences|Finance / comptabilite,Bureau,Gestion / management,ISAIA
syn-00236,A2,4,2,5,4,Economie / Gestion|Langues etrangeres,Organisation / gestion de projet|Creativite / design|Travail en equipe,Sciences|Communication / medias|Finance / comptabilite,Terrain / exterieur,Commerce / relation client|Entrepreneur / independant,CAA
syn-00237,D,3,3,3,2,Sport|Francais / Litterature|Mathematiques,Travail en equipe|Redaction / communication|Organisation / gestion de projet,Technologie / informatique|Droit / justice,Terrain / exterieur,Entrepreneur / independant|Gestion / management,DTJA
syn-00238,S,3,3,4,3,Sport|Arts|Langues etrangeres,Creativite / design|Redaction / communication|Travail en equipe|Analyse de donnees / logique,Droit / justice|Art / design / audiovisuel|BTP / construction,Bureau,Commerce / relation client,IMTICIA
syn-00239,A1,3,4,3,2,Arts|Informatique / Technologie|Physique-Chimie,Travail en equipe|Programmation|Creativite / design|Analyse de donnees / logique,Sciences|Technologie / informatique,Bureau,Gestion / management|Entrepreneur / independant,DTJA
syn-00240,L,3,5,4,3,Langues etrangeres|Francais / Litterature,Redaction / communication|Analyse de donnees / logique|Vente / negociation|Electronique / bricolage technique,Communication / medias|Agriculture / environnement,Bureau,Gestion / management|Recherche / enseignement,TEH
syn-00241,S,3,3,2,3,Langues etrangeres|Mathematiques|Economie / Gestion,Redaction / communication|Organisation / gestion de projet,Finance / comptabilite|Entrepreneuriat / business|Communication / medias,Mixte,Entrepreneur / independant,CAA
syn-00242,S,5,3,3,4,Arts|Economie / Gestion|Francais / Litterature,Electronique / bricolage technique|Vente / negociation,Art / design / audiovisuel|Entrepreneuriat / business|Communication / medias|Sciences,Mixte,Creation / design,CAA
syn-00243,S,4,3,3,3,Francais / Litterature|Langues etrangeres,Electronique / bricolage technique|Redaction / communication|Creativite / design,BTP / construction|Communication / medias|Art / design / audiovisuel|Entrepreneuriat / business,Bureau,Commerce / relation client,CAA
syn-00244,Technique industrielle,4,4,2,4,Physique-Chimie|Informatique / Technologie,Analyse de donnees / logique|Travail en equipe|Vente / negociation,Agriculture / environnement|Technologie / informatique|Communication / medias|BTP / construction,Mixte,Creation / design|Entrepreneur / independant,ISAIA
syn-00245,C,4,4,2,3,Physique-Chimie|Mathematiques|Informatique / Technologie,Redaction / communication|Analyse de donnees / logique,Agriculture / environnement|Sante / social|Sciences,Mixte,Creation / design,PIP
syn-00246,A1,3,3,3,3,Physique-Chimie|Mathematiques,Electronique / bricolage technique|Programmation|Creativite / design,Tourisme / hotellerie|BTP / construction|Sciences,Bureau,Gestion / management|Entrepreneur / independant,TEE
syn-00247,Technique genie civil,5,3,4,2,Economie / Gestion|Langues etrangeres,Redaction / communication|Analyse de donnees / logique|Organisation / gestion de projet|Vente / negociation,BTP / construction|Agriculture / environnement|Droit / justice,Mixte,Recherche / enseignement,GCA
syn-00248,S,3,3,2,4,SVT|Sport,Travail en equipe|Redaction / communication|Analyse de donnees / logique,Agriculture / environnement|Droit / justice|Entrepreneuriat / business,Laboratoire,Recherche / enseignement,PIP
syn-00249,D,3,4,2,3,Arts|Francais / Litterature|Histoire-Geographie,Travail en equipe|Analyse de donnees / logique|Programmation,Tourisme / hotellerie|Communication / medias,Atelier / usine,Gestion / management|Entrepreneur / independant,IAA
syn-00250,C,3,1,5,3,Histoire-Geographie|Sport|Arts,Redaction / communication|Travail en equipe|Analyse de donnees / logique,Communication / medias|Sante / social,Mixte,Creation / design|Technique / ingenierie,TEH
syn-00251,D,4,3,1,4,Economie / Gestion|Histoire-Geographie|SVT,Programmation|Vente / negociation|Travail en equipe|Redaction / communication,Tourisme / hotellerie|Sante / social|Droit / justice,Laboratoire,Entrepreneur / independant|Gestion / management,CAA
syn-00252,D,3,4,2,2,Physique-Chimie|Informatique / Technologie|Histoire-Geographie,Programmation|Electronique / bricolage technique|Analyse de donnees / logique,Art / design / audiovisuel|Droit / justice|Technologie / informatique,Terrain / exterieur,Creation / design,EMII
syn-00253,C,4,3,4,2,Langues etrangeres|Sport,Creativite / design|Vente / negociation|Travail en equipe,Tourisme / hotellerie|Sante / social|Finance / comptabilite,Mixte,Creation / design|Entrepreneur / independant,TEH
syn-00254,D,4,5,2,3,Histoire-Geographie|Economie / Gestion,Electronique / bricolage technique|Organisation / gestion de projet,Entrepreneuriat / business|Art / design / audiovisuel|Sante / social|Tourisme / hotellerie,Mixte,Creation / design|Gestion / management,EMP
syn-00255,D,4,4,3,2,Histoire-Geographie|Informatique / Technologie,Electronique / bricolage technique|Vente / negociation|Programmation,Tourisme / hotellerie|Technologie / informatique,Bureau,Gestion / management|Recherche / enseignement,IGGLIA
syn-00256,C,3,4,3,1,Mathematiques|Informatique / Technologie,Electronique / bricolage technique|Analyse de donnees / logique,Sciences|Technologie / informatique,Bureau,Creation / design,IGGLIA
syn-00257,S,4,5,3,1,Physique-Chimie|Mathematiques,Analyse de donnees / logique|Organisation / gestion de projet|Creativite / design,Sciences|Finance / comptabilite|BTP / construction,Bureau,Technique / ingenierie|Entrepreneur / independant,GCA
syn-00258,S,1,4,3,1,Langues etrangeres|Arts,Travail en equipe|Creativite / design|Programmation,Communication / medias|Tourisme / hotellerie,Terrain / exterieur,Commerce / relation client,TEH
syn-00259,A1,4,3,4,4,Economie / Gestion|Informatique / Technologie|SVT,Electronique / bricolage technique|Programmation|Vente / negociation|Organisation / gestion de projet,Agriculture / environnement|Sciences|BTP / construction,Terrain / exterieur,Commerce / relation client,TEE
syn-00260,S,4,5,3,2,Physique-Chimie|Langues etrangeres,Analyse de donnees / logique|Programmation,Communication / medias|Sciences|Finance / comptabilite|Tourisme / hotellerie,Laboratoire,Gestion / management|Commerce / relation client,ICMP
syn-00261,C,4,3,4,3,Langues etrangeres|Physique-Chimie|Economie / Gestion,Redaction / communication|Creativite / design|Organisation / gestion de projet,Communication / medias|Sciences|Entrepreneuriat / business|Tourisme / hotellerie,Bureau,Technique / ingenierie,TEH
syn-00262,S,3,4,2,3,Sport|Histoire-Geographie|Langues etrangeres,Organisation / gestion de projet|Creativite / design|Travail en equipe,Sciences|Tourisme / hotellerie|Communication / medias|Finance / comptabilite,Terrain / exterieur,Commerce / relation client|Recherche / enseignement,TEH
syn-00263,S,4,4,3,2,Arts|Physique-Chimie,Analyse de donnees / logique|Creativite / design|Travail en equipe,BTP / construction|Communication / medias|Tourisme / hotellerie|Art / design / audiovisuel,Mixte,Technique / ingenierie,GCA
syn-00264,S,4,3,3,4,Informatique / Technologie|Economie / Gestion,Organisation / gestion de projet|Vente / negociation,Finance / comptabilite|BTP / construction,Bureau,Recherche / enseignement,FIC
syn-00265,A2,4,2,2,4,Mathematiques|Arts,Creativite / design|Vente / negociation,Sciences|Communication / medias,Bureau,Entrepreneur / independant|Creation / design,CAA
syn-00266,D,2,5,5,3,Mathematiques|Physique-Chimie,Analyse de donnees / logique|Electronique / bricolage technique|Vente / negociation|Redaction / communication,Tourisme / hotellerie|BTP / construction|Finance / comptabilite|Art / design / audiovisuel,Bureau,Technique / ingenierie|Creation / design,DTJA
syn-00267,L,2,3,3,3,Economie / Gestion|Arts,Vente / negociation|Organisation / gestion de projet|Programmation|Creativite / design,Finance / comptabilite|Communication / medias,Laboratoire,Gestion / management|Commerce / relation client,CAA
syn-00268,S,4,4,3,2,Langues etrangeres|Sport,Electronique / bricolage technique|Analyse de donnees / logique|Travail en equipe|Vente / negociation,Agriculture / environnement|Tourisme / hotellerie|Communication / medias|Finance / comptabilite,Atelier / usine,Commerce / relation client|Recherche / enseignement,TEH
syn-00269,D,3,4,3,3,Arts|Sport,Travail en equipe|Vente / negociation|Electronique / bricolage technique,Communication / medias|Tourisme / hotellerie,Bureau,Technique / ingenierie|Entrepreneur / independant,CAA
syn-00270,L,2,3,3,3,Histoire-Geographie|SVT|Informatique / Technologie,Programmation|Electronique / bricolage technique|Analyse de donnees / logique,Sciences|Sante / social|BTP / construction|Agriculture / environnement,Bureau,Entrepreneur / independant,TEE
syn-00271,C,4,2,3,3,Mathematiques|Francais / Litterature|Arts,Vente / negociation|Creativite / design,Communication / medias|Art / design / audiovisuel|Finance / comptabilite,Terrain / exterieur,Gestion / management,FIC
syn-00272,A2,2,2,4,3,Sport|Langues etrangeres,Creativite / design|Analyse de donnees / logique|Travail en equipe|Redaction / communication,Finance / comptabilite|Communication / medias,Atelier / usine,Commerce / relation client,TEE
syn-00273,S,4,2,3,1,SVT|Economie / Gestion|Arts,Creativite / design|Travail en equipe,Art / design / audiovisuel|Communication / medias|Sciences|Entrepreneuriat / business,Mixte,Creation / design,IMTICIA
syn-00274,D,4,2,3,3,Langues etrangeres|Arts,Programmation|Creativite / design,Finance / comptabilite|Communication / medias|BTP / construction|Technologie / informatique,Mixte,Creation / design|Commerce / relation client,IMTICIA
syn-00275,Technique genie civil,4,4,4,3,Histoire-Geographie|Mathematiques,Analyse de donnees / logique|Creativite / design,Droit / justice|Communication / medias,Bureau,Gestion / management|Recherche / enseignement,DTJA
syn-00276,D,3,5,4,4,Informatique / Technologie|Physique-Chimie,Analyse de donnees / logique|Travail en equipe|Programmation,Technologie / informatique|Sciences|BTP / construction,Bureau,Creation / design,IGGLIA
syn-00277,C,4,3,4,3,Langues etrangeres|Histoire-Geographie|Sport,Redaction / communication|Travail en equipe,Communication / medias|BTP / construction,Mixte,Creation / design|Technique / ingenierie,ESIIA
syn-00278,D,3,4,2,4,SVT|Langues etrangeres|Sport,Redaction / communication|Travail en equipe,Communication / medias|Finance / comptabilite|Sciences,Bureau,Entrepreneur / independant,CAA
syn-00279,A1,2,1,2,3,Sport|Economie / Gestion,Organisation / gestion de projet|Vente / negociation|Redaction / communication|Travail en equipe,Droit / justice|Agriculture / environnement|BTP / construction|Finance / comptabilite,Laboratoire,Entrepreneur / independant|Commerce / relation client,CAA
syn-00280,D,3,4,4,2,Francais / Litterature|SVT|Mathematiques,Redaction / communication|Analyse de donnees / logique|Creativite / design|Travail en equipe,Communication / medias|Droit / justice|Sante / social|Agriculture / environnement,Mixte,Creation / design,PIP
syn-00281,C,4,4,3,3,Francais / Litterature|SVT,Redaction / communication|Analyse de donnees / logique|Electronique / bricolage technique,Droit / justice|Agriculture / environnement,Terrain / exterieur,Creation / design,AEE
syn-00282,D,4,3,3,3,SVT|Economie / Gestion,Organisation / gestion de projet|Travail en equipe|Vente / negociation,Sciences|Droit / justice|BTP / construction,Bureau,Commerce / relation client|Recherche / enseignement,CAA
syn-00283,S,2,5,3,2,Histoire-Geographie|Informatique / Technologie,Electronique / bricolage technique|Vente / negociation|Creativite / design,Tourisme / hotellerie|Technologie / informatique|Droit / justice|Agriculture / environnement,Bureau,Technique / ingenierie,IGGLIA
syn-00284,Technique agricole,4,3,3,3,Informatique / Technologie|Sport|Histoire-Geographie,Redaction / communication|Programmation,Technologie / informatique|BTP / construction,Terrain / exterieur,Creation / design|Entrepreneur / independant,DTJA
syn-00285,A2,3,2,3,4,Histoire-Geographie|Physique-Chimie,Analyse de donnees / logique|Electronique / bricolage technique,Technologie / informatique|Droit / justice,Mixte,Gestion / management,EMP
syn-00286,A2,4,2,3,4,Arts|Francais / Litterature|Economie / Gestion,Analyse de donnees / logique|Creativite / design|Travail en equipe,BTP / construction|Entrepreneuriat / business|Art / design / audiovisuel|Droit / justice,Bureau,Recherche / enseignement,DTJA
syn-00287,S,3,4,5,1,Francais / Litterature|Histoire-Geographie|Physique-Chimie,Redaction / communication|Analyse de donnees / logique,Sciences|Entrepreneuriat / business,Bureau,Commerce / relation client,TEE
syn-00288,C,5,5,5,4,Francais / Litterature|Histoire-Geographie,Travail en equipe|Creativite / design|Programmation,Art / design / audiovisuel|Droit / justice|Entrepreneuriat / business,Mixte,Recherche / enseignement,DTJA
syn-00289,Technique genie civil,3,5,3,3,Physique-Chimie|SVT|Informatique / Technologie,Programmation|Vente / negociation,Sciences|Art / design / audiovisuel|Communication / medias|Sante / social,Mixte,Technique / ingenierie,CAA
syn-00290,C,5,2,4,4,SVT|Sport,Programmation|Travail en equipe|Electronique / bricolage technique|Analyse de donnees / logique,Sante / social|Agriculture / environnement|Technologie / informatique|Sciences,Mixte,Recherche / enseignement|Gestion / management,ISAIA
syn-00291,C,3,3,3,3,SVT|Arts|Informatique / Technologie,Electronique / bricolage technique|Programmation|Redaction / communication|Analyse de donnees / logique,Sante / social|Sciences,Bureau,Technique / ingenierie|Entrepreneur / independant,PIP
syn-00292,Technique industrielle,3,3,2,3,Arts|Sport,Travail en equipe|Analyse de donnees / logique,Art / design / audiovisuel|Agriculture / environnement,Mixte,Recherche / enseignement|Technique / ingenierie,ISAIA
syn-00293,S,4,4,4,4,Langues etrangeres|Francais / Litterature|Histoire-Geographie,Redaction / communication|Vente / negociation,Tourisme / hotellerie|Droit / justice|Agriculture / environnement,Bureau,Gestion / management,FIC
syn-00294,Technique agricole,4,4,5,2,SVT|Informatique / Technologie,Programmation|Travail en equipe|Electronique / bricolage technique|Redaction / communication,Agriculture / environnement|Entrepreneuriat / business,Bureau,Commerce / relation client,CAA
syn-00295,L,3,2,3,4,Langues etrangeres|Economie / Gestion|Mathematiques,Analyse de donnees / logique|Electronique / bricolage technique,Communication / medias|Sciences,Bureau,Recherche / enseignement|Commerce / relation client,FIC
syn-00296,D,4,2,2,3,Arts|Francais / Litterature,Creativite / design|Redaction / communication|Organisation / gestion de projet,Sante / social|Communication / medias,Bureau,Technique / ingenierie,IMTICIA
syn-00297,S,3,4,3,3,Mathematiques|Informatique / Technologie|Sport,Travail en equipe|Vente / negociation,Finance / comptabilite|Sciences|Entrepreneuriat / business,Terrain / exterieur,Recherche / enseignement,ISAIA
syn-00298,D,3,3,3,2,Arts|Langues etrangeres,Redaction / communication|Travail en equipe|Creativite / design|Vente / negociation,Communication / medias|Agriculture / environnement|Art / design / audiovisuel|Sciences,Bureau,Technique / ingenierie|Recherche / enseignement,IMTICIA
syn-00299,C,5,3,4,3,Sport|Mathematiques,Organisation / gestion de projet|Analyse de donnees / logique|Programmation,Agriculture / environnement|Sciences|Finance / comptabilite|Art / design / audiovisuel,Mixte,Entrepreneur / independant,ISAIA
syn-00300,D,3,4,2,4,Histoire-Geographie|Economie / Gestion,Vente / negociation|Organisation / gestion de projet|Creativite / design|Programmation,Finance / comptabilite|Entrepreneuriat / business,Terrain / exterieur,Gestion / management,EMP
syn-00301,S,3,4,1,3,Economie / Gestion|Informatique / Technologie,Organisation / gestion de projet|Vente / negociation|Travail en equipe,Art / design / audiovisuel|Entrepreneuriat / business,Bureau,Technique / ingenierie|Entrepreneur / independant,CAA
syn-00302,Technique agricole,3,4,5,3,Physique-Chimie|Mathematiques|Arts,Analyse de donnees / logique|Electronique / bricolage technique|Redaction / communication,Sante / social|Art / design / audiovisuel|Communication / medias,Mixte,Creation / design|Recherche / enseignement,PIP
syn-00303,A1,3,1,5,4,Physique-Chimie|Sport|Francais / Litterature,Electronique / bricolage technique|Travail en equipe|Vente / negociation|Creativite / design,Communication / medias|Droit / justice|Sciences|Finance / comptabilite,Mixte,Recherche / enseignement|Commerce / relation client,TEH
syn-00304,C,4,4,2,1,Francais / Litterature|Economie / Gestion|Mathematiques,Creativite / design|Redaction / communication,Communication / medias|Finance / comptabilite|Entrepreneuriat / business|Droit / justice,Atelier / usine,Commerce / relation client|Recherche / enseignement,EMII
syn-00305,Technique industrielle,3,4,3,3,SVT|Arts|Langues etrangeres,Redaction / communication|Creativite / design,Art / design / audiovisuel|BTP / construction,Terrain / exterieur,Technique / ingenierie|Creation / design,IMTICIA
syn-00306,C,4,3,4,2,Physique-Chimie|Langues etrangeres|Francais / Litterature,Travail en equipe|Analyse de donnees / logique|Organisation / gestion de projet|Electronique / bricolage technique,Communication / medias|Droit / justice|Finance / comptabilite|BTP / construction,Terrain / exterieur,Commerce / relation client|Creation / design,CAA
syn-00307,L,1,3,4,2,Langues etrangeres|Mathematiques,Analyse de donnees / logique|Redaction / communication|Vente / negociation|Creativite / design,Tourisme / hotellerie|Sciences,Bureau,Recherche / enseignement,TEH
syn-00308,D,3,4,3,3,Arts|Physique-Chimie|Mathematiques,Redaction / communication|Creativite / design,Sciences|Agriculture / environnement|Art / design / audiovisuel|Finance / comptabilite,Mixte,Gestion / management,ESIIA
syn-00309,A2,1,2,5,4,SVT|Francais / Litterature,Programmation|Redaction / communication,Sante / social|Droit / justice,Bureau,Gestion / management|Technique / ingenierie,DTJA
syn-00310,S,2,4,1,4,Sport|Francais / Litterature,Creativite / design|Travail en equipe|Vente / negociation,Sciences|Communication / medias|Finance / comptabilite|Tourisme / hotellerie,Mixte,Creation / design,PIP
syn-00311,Technique genie civil,3,4,2,2,Economie / Gestion|Mathematiques,Vente / negociation|Organisation / gestion de projet|Analyse de donnees / logique,Tourisme / hotellerie|BTP / construction|Finance / comptabilite|Entrepreneuriat / business,Laboratoire,Technique / ingenierie,FIC
syn-00312,S,5,2,5,4,Langues etrangeres|Histoire-Geographie,Creativite / design|Redaction / communication,BTP / construction|Tourisme / hotellerie|Technologie / informatique|Communication / medias,Bureau,Technique / ingenierie|Commerce / relation client,TEH
syn-00313,C,5,4,3,2,Arts|Sport,Programmation|Analyse de donnees / logique,Entrepreneuriat / business|Droit / justice,Mixte,Gestion / management|Technique / ingenierie,ISAIA
syn-00314,L,3,2,5,3,Histoire-Geographie|Physique-Chimie,Electronique / bricolage technique|Organisation / gestion de projet|Travail en equipe,BTP / construction|Tourisme / hotellerie|Art / design / audiovisuel,Bureau,Commerce / relation client|Entrepreneur / independant,TEH
syn-00315,S,4,4,3,3,Physique-Chimie|Mathematiques|Informatique / Technologie,Electronique / bricolage technique|Analyse de donnees / logique|Programmation|Travail en equipe,Finance / comptabilite|Technologie / informatique|Communication / medias|Sante / social,Bureau,Creation / design|Commerce / relation client,IMTICIA
syn-00316,C,3,4,2,4,SVT|Mathematiques|Histoire-Geographie,Redaction / communication|Analyse de donnees / logique|Vente / negociation,Finance / comptabilite|Tourisme / hotellerie|Entrepreneuriat / business|Sciences,Terrain / exterieur,Gestion / management|Technique / ingenierie,ISAIA
syn-00317,C,3,3,3,3,Francais / Litterature|Physique-Chimie|Arts,Redaction / communication|Analyse de donnees / logique|Electronique / bricolage technique|Creativite / design,BTP / construction|Finance / comptabilite|Technologie / informatique,Bureau,Recherche / enseignement|Entrepreneur / independant,EMII
syn-00318,A2,2,2,3,4,Histoire-Geographie|Francais / Litterature|SVT,Programmation|Analyse de donnees / logique,Droit / justice|BTP / construction|Tourisme / hotellerie|Sciences,Bureau,Technique / ingenierie,EMP
syn-00319,C,3,4,2,3,Economie / Gestion|Histoire-Geographie|Mathematiques,Vente / negociation|Organisation / gestion de projet|Analyse de donnees / logique,Technologie / informatique|Communication / medias|Tourisme / hotellerie,Terrain / exterieur,Recherche / enseignement,ISAIA
syn-00320,Technique genie civil,2,2,4,2,SVT|Histoire-Geographie|Economie / Gestion,Analyse de donnees / logique|Vente / negociation|Organisation / gestion de projet|Electronique / bricolage technique,Finance / comptabilite|Droit / justice|Tourisme / hotellerie,Atelier / usine,Recherche / enseignement|Creation / design,EMP
syn-00321,D,4,4,4,3,Economie / Gestion|Francais / Litterature|Sport,Redaction / communication|Analyse de donnees / logique|Organisation / gestion de projet|Travail en equipe,Art / design / audiovisuel|Droit / justice,Bureau,Creation / design,DTJA
syn-00322,L,2,2,4,3,Informatique / Technologie|Physique-Chimie,Electronique / bricolage technique|Analyse de donnees / logique|Programmation|Vente / negociation,Technologie / informatique|Tourisme / hotellerie|BTP / construction,Laboratoire,Creation / design|Commerce / relation client,TEH
syn-00323,D,4,4,4,3,Physique-Chimie|Histoire-Geographie|Francais / Litterature,Redaction / communication|Programmation|Analyse de donnees / logique|Electronique / bricolage technique,Sciences|BTP / construction|Droit / justice|Communication / medias,Atelier / usine,Technique / ingenierie,EMII
syn-00324,D,3,2,2,3,Mathematiques|Physique-Chimie,Electronique / bricolage technique|Analyse de donnees / logique|Redaction / communication|Programmation,BTP / construction|Entrepreneuriat / business,Bureau,Gestion / management,ISAIA
syn-00325,A2,3,4,3,5,Langues etrangeres|SVT,Analyse de donnees / logique|Organisation / gestion de projet|Redaction / communication|Creativite / design,Agriculture / environnement|Sciences|Communication / medias,Terrain / exterieur,Gestion / management,EMP
syn-00326,D,3,3,2,2,SVT|Economie / Gestion,Organisation / gestion de projet|Analyse de donnees / logique|Redaction / communication,Agriculture / environnement|Entrepreneuriat / business|BTP / construction|Sante / social,Bureau,Entrepreneur / independant|Technique / ingenierie,AEE
syn-00327,D,4,3,4,4,SVT|Histoire-Geographie,Travail en equipe|Creativite / design|Vente / negociation,Sante / social|Sciences|Droit / justice|Agriculture / environnement,Terrain / exterieur,Entrepreneur / independant|Technique / ingenierie,AEE
syn-00328,A1,2,2,3,4,Informatique / Technologie|SVT,Electronique / bricolage technique|Programmation|Organisation / gestion de projet|Vente / negociation,Technologie / informatique|Sciences|Finance / comptabilite|Entrepreneuriat / business,Mixte,Creation / design,EMP
syn-00329,Technique genie civil,3,2,3,3,Economie / Gestion|Informatique / Technologie,Organisation / gestion de projet|Programmation,Entrepreneuriat / business|Technologie / informatique|Droit / justice|Sante / social,Bureau,Technique / ingenierie|Entrepreneur / independant,EMP
syn-00330,A1,1,2,4,3,Arts|Physique-Chimie|Informatique / Technologie,Analyse de donnees / logique|Electronique / bricolage technique|Travail en equipe|Programmation,Technologie / informatique|Sante / social|BTP / construction,Atelier / usine,Creation / design,FIC
syn-00331,D,3,1,4,2,Mathematiques|Arts,Creativite / design|Electronique / bricolage technique,Communication / medias|Technologie / informatique|Finance / comptabilite|Art / design / audiovisuel,Terrain / exterieur,Creation / design,IMTICIA
syn-00332,A2,1,3,4,3,Arts|Informatique / Technologie,Programmation|Redaction / communication,Entrepreneuriat / business|Finance / comptabilite,Laboratoire,Entrepreneur / independant,CAA
syn-00333,D,2,2,5,4,Langues etrangeres|Informatique / Technologie,Creativite / design|Programmation|Redaction / communication|Electronique / bricolage technique,Communication / medias|Technologie / informatique|Sante / social|BTP / construction,Laboratoire,Recherche / enseignement|Gestion / management,IMTICIA
syn-00334,L,4,5,3,2,Mathematiques|Informatique / Technologie|Francais / Litterature,Analyse de donnees / logique|Programmation,Communication / medias|Tourisme / hotellerie|Technologie / informatique,Mixte,Entrepreneur / independant,TEH
syn-00335,C,4,3,3,2,Arts|Sport|Informatique / Technologie,Electronique / bricolage technique|Travail en equipe|Programmation|Vente / negociation,Tourisme / hotellerie|Sante / social|Technologie / informatique,Bureau,Technique / ingenierie|Creation / design,IGGLIA
syn-00336,C,3,4,2,4,Mathematiques|Informatique / Technologie|Economie / Gestion,Analyse de donnees / logique|Programmation|Travail en equipe|Organisation / gestion de projet,Finance / comptabilite|Droit / justice|Entrepreneuriat / business|Technologie / informatique,Mixte,Entrepreneur / independant|Technique / ingenierie,IGGLIA
syn-00337,A2,2,2,4,3,Langues etrangeres|Mathematiques|Informatique / Technologie,Programmation|Redaction / communication,Technologie / informatique|Entrepreneuriat / business|Communication / medias|BTP / construction,Atelier / usine,Commerce / relation client,TEE
syn-00338,A2,2,4,3,4,Langues etrangeres|Economie / Gestion|Informatique / Technologie,Vente / negociation|Electronique / bricolage technique|Redaction / communication|Organisation / gestion de projet,Tourisme / hotellerie|Entrepreneuriat / business|Droit / justice|Technologie / informatique,Bureau,Commerce / relation client,TEH
syn-00339,S,3,2,4,4,SVT|Francais / Litterature|Sport,Redaction / communication|Travail en equipe|Electronique / bricolage technique|Analyse de donnees / logique,Agriculture / environnement|Sciences|Communication / medias,Terrain / exterieur,Creation / design,AEE
syn-00340,D,3,3,1,3,Sport|Arts,Redaction / communication|Creativite / design,Tourisme / hotellerie|Art / design / audiovisuel|Sciences|Sante / social,Mixte,Recherche / enseignement,ICMP
syn-00341,A2,4,1,4,3,Sport|Arts|Langues etrangeres,Travail en equipe|Redaction / communication|Creativite / design|Programmation,Tourisme / hotellerie|Communication / medias,Mixte,Technique / ingenierie,DTJA
syn-00342,D,3,3,3,3,Informatique / Technologie|SVT|Physique-Chimie,Programmation|Travail en equipe,Sciences|Agriculture / environnement|BTP / construction|Tourisme / hotellerie,Bureau,Technique / ingenierie|Creation / design,ISAIA
syn-00343,C,5,5,3,4,Mathematiques|Arts,Redaction / communication|Analyse de donnees / logique,Finance / comptabilite|Art / design / audiovisuel|Sciences|Communication / medias,Mixte,Creation / design,ISAIA
syn-00344,C,5,1,3,2,Sport|Mathematiques|SVT,Travail en equipe|Analyse de donnees / logique|Electronique / bricolage technique|Organisation / gestion de projet,Technologie / informatique|Agriculture / environnement|Sciences|Finance / comptabilite,Terrain / exterieur,Recherche / enseignement,ISAIA
syn-00345,A2,3,1,3,4,Histoire-Geographie|Langues etrangeres|Physique-Chimie,Redaction / communication|Electronique / bricolage technique|Analyse de donnees / logique,Sante / social|Droit / justice|Tourisme / hotellerie,Terrain / exterieur,Commerce / relation client|Creation / design,TEE
syn-00346,C,5,3,3,2,Langues etrangeres|Histoire-Geographie|Mathematiques,Redaction / communication|Electronique / bricolage technique|Vente / negociation,Tourisme / hotellerie|Finance / comptabilite,Atelier / usine,Creation / design|Commerce / relation client,EMII
syn-00347,Technique industrielle,3,5,2,4,Sport|Mathematiques,Analyse de donnees / logique|Travail en equipe|Electronique / bricolage technique,Sciences|Technologie / informatique|Finance / comptabilite|Agriculture / environnement,Mixte,Entrepreneur / independant|Gestion / management,EMII
syn-00348,Technique industrielle,3,4,3,1,Mathematiques|Arts,Creativite / design|Analyse de donnees / logique|Electronique / bricolage technique,BTP / construction|Sciences|Art / design / audiovisuel,Atelier / usine,Technique / ingenierie|Recherche / enseignement,EMII
syn-00349,Technique industrielle,4,4,2,4,Mathematiques|Sport|Langues etrangeres,Analyse de donnees / logique|Electronique / bricolage technique|Organisation / gestion de projet,Technologie / informatique|Communication / medias|Finance / comptabilite,Terrain / exterieur,Creation / design,ISAIA
syn-00350,A1,3,2,3,3,Langues etrangeres|Arts|Economie / Gestion,Vente / negociation|Redaction / communication,Tourisme / hotellerie|Agriculture / environnement|Technologie / informatique,Atelier / usine,Entrepreneur / independant|Gestion / management,CAA
syn-00351,D,2,4,4,3,Physique-Chimie|Francais / Litterature,Programmation|Redaction / communication,BTP / construction|Communication / medias,Bureau,Creation / design|Gestion / management,CAA
syn-00352,C,5,3,2,3,Sport|Histoire-Geographie|Economie / Gestion,Redaction / communication|Electronique / bricolage technique,Technologie / informatique|Art / design / audiovisuel|Entrepreneuriat / business,Bureau,Gestion / management,IMTICIA
syn-00353,S,3,3,4,3,Francais / Litterature|Arts|Sport,Creativite / design|Electronique / bricolage technique|Programmation|Redaction / communication,Art / design / audiovisuel|Finance / comptabilite|Tourisme / hotellerie|Sciences,Laboratoire,Gestion / management|Recherche / enseignement,IMTICIA
syn-00354,C,4,2,3,2,Physique-Chimie|Arts,Vente / negociation|Redaction / communication|Creativite / design,Entrepreneuriat / business|Art / design / audiovisuel,Mixte,Creation / design|Entrepreneur / independant,IMTICIA
syn-00355,A1,2,2,4,4,Arts|Economie / Gestion|Informatique / Technologie,Analyse de donnees / logique|Organisation / gestion de projet|Travail en equipe,Finance / comptabilite|Sciences,Mixte,Gestion / management,FIC
syn-00356,A2,2,2,5,2,Arts|Sport,Vente / negociation|Creativite / design|Electronique / bricolage technique|Travail en equipe,Agriculture / environnement|Technologie / informatique|Sciences|Sante / social,Bureau,Entrepreneur / independant,TEE
syn-00357,D,3,3,3,3,Langues etrangeres|Sport|Informatique / Technologie,Electronique / bricolage technique|Programmation|Travail en equipe|Redaction / communication,Entrepreneuriat / business|Technologie / informatique|Sciences|Tourisme / hotellerie,Atelier / usine,Gestion / management|Recherche / enseignement,EMII
syn-00358,A1,2,3,3,4,SVT|Langues etrangeres,Electronique / bricolage technique|Travail en equipe,Sante / social|Tourisme / hotellerie|BTP / construction,Bureau,Gestion / management,TEE
syn-00359,C,3,5,2,4,Mathematiques|Arts,Analyse de donnees / logique|Creativite / design|Travail en equipe,Finance / comptabilite|Agriculture / environnement|Tourisme / hotellerie,Bureau,Technique / ingenierie|Recherche / enseignement,ISAIA
syn-00360,D,4,4,3,2,Francais / Litterature|SVT|Sport,Travail en equipe|Redaction / communication,Agriculture / environnement|Sante / social|Art / design / audiovisuel,Laboratoire,Recherche / enseignement|Creation / design,PIP
syn-00361,S,3,3,3,3,Sport|Economie / Gestion,Travail en equipe|Redaction / communication|Electronique / bricolage technique|Vente / negociation,Communication / medias|Agriculture / environnement,Bureau,Gestion / management,CAA
syn-00362,L,2,3,4,3,Physique-Chimie|Mathematiques|Histoire-Geographie,Vente / negociation|Electronique / bricolage technique|Redaction / communication,BTP / construction|Agriculture / environnement|Sciences,Bureau,Creation / design,DTJA
syn-00363,C,3,2,2,2,Sport|Langues etrangeres|Physique-Chimie,Programmation|Redaction / communication,Art / design / audiovisuel|Tourisme / hotellerie,Terrain / exterieur,Gestion / management|Recherche / enseignement,TEE
syn-00364,C,4,3,2,4,Mathematiques|Histoire-Geographie|Economie / Gestion,Vente / negociation|Analyse de donnees / logique|Creativite / design,Sciences|Sante / social|Droit / justice|Finance / comptabilite,Mixte,Entrepreneur / independant|Recherche / enseignement,ISAIA
syn-00365,A2,1,3,4,3,Francais / Litterature|Physique-Chimie|Histoire-Geographie,Analyse de donnees / logique|Redaction / communication|Organisation / gestion de projet,Tourisme / hotellerie|Sciences,Terrain / exterieur,Creation / design,TEE
syn-00366,A1,4,4,3,3,Mathematiques|Informatique / Technologie|Physique-Chimie,Travail en equipe|Organisation / gestion de projet|Electronique / bricolage technique|Analyse de donnees / logique,Technologie / informatique|Sante / social|Agriculture / environnement|Finance / comptabilite,Bureau,Recherche / enseignement|Commerce / relation client,FIC
syn-00367,Technique industrielle,5,3,1,2,Physique-Chimie|Economie / Gestion,Organisation / gestion de projet|Analyse de donnees / logique|Vente / negociation|Programmation,Technologie / informatique|Finance / comptabilite,Bureau,Creation / design|Recherche / enseignement,ISAIA
syn-00368,A2,3,4,4,5,Physique-Chimie|Arts|Langues etrangeres,Vente / negociation|Creativite / design|Analyse de donnees / logique|Programmation,Droit / justice|Communication / medias|Tourisme / hotellerie|Entrepreneuriat / business,Bureau,Gestion / management|Recherche / enseignement,FIC
syn-00369,D,4,4,2,2,Mathematiques|SVT,Creativite / design|Analyse de donnees / logique,BTP / construction|Droit / justice,Mixte,Creation / design|Gestion / management,GCA
syn-00370,C,4,2,2,2,Informatique / Technologie|Mathematiques,Electronique / bricolage technique|Redaction / communication|Creativite / design,Entrepreneuriat / business|Art / design / audiovisuel,Mixte,Gestion / management|Technique / ingenierie,IGGLIA
syn-00371,S,3,3,2,3,Arts|Physique-Chimie,Electronique / bricolage technique|Analyse de donnees / logique|Creativite / design,Sante / social|Finance / comptabilite|Art / design / audiovisuel|BTP / construction,Bureau,Creation / design|Recherche / enseignement,IMTICIA
syn-00372,C,4,4,2,2,Arts|Mathematiques|Informatique / Technologie,Electronique / bricolage technique|Redaction / communication|Creativite / design,Communication / medias|Finance / comptabilite|Technologie / informatique|Art / design / audiovisuel,Atelier / usine,Recherche / enseignement|Entrepreneur / independant,IMTICIA
syn-00373,A1,1,4,3,3,Economie / Gestion|SVT,Organisation / gestion de projet|Vente / negociation,Sante / social|Finance / comptabilite|Sciences,Bureau,Recherche / enseignement|Gestion / management,FIC
syn-00374,C,4,4,4,4,Economie / Gestion|Histoire-Geographie,Vente / negociation|Electronique / bricolage technique,Tourisme / hotellerie|Technologie / informatique|Entrepreneuriat / business,Terrain / exterieur,Gestion / management,TEE
syn-00375,S,5,3,3,3,Mathematiques|Sport|Informatique / Technologie,Analyse de donnees / logique|Programmation|Electronique / bricolage technique,Agriculture / environnement|Finance / comptabilite|Sciences|Art / design / audiovisuel,Mixte,Entrepreneur / independant,ISAIA
syn-00376,S,3,3,3,4,SVT|Arts,Organisation / gestion de projet|Creativite / design,Entrepreneuriat / business|Agriculture / environnement,Bureau,Commerce / relation client|Technique / ingenierie,CAA
syn-00377,L,4,3,3,3,Francais / Litterature|Mathematiques,Analyse de donnees / logique|Creativite / design|Organisation / gestion de projet|Redaction / communication,Agriculture / environnement|Finance / comptabilite,Atelier / usine,Entrepreneur / independant|Gestion / management,FIC
syn-00378,C,3,3,2,3,Informatique / Technologie|Sport,Vente / negociation|Programmation|Travail en equipe,Sciences|Droit / justice|Finance / comptabilite|Tourisme / hotellerie,Laboratoire,Gestion / management,IGGLIA
syn-00379,C,3,4,3,2,Sport|Arts|Francais / Litterature,Travail en equipe|Redaction / communication|Electronique / bricolage technique,Droit / justice|Agriculture / environnement|Art / design / audiovisuel,Terrain / exterieur,Recherche / enseignement|Gestion / management,DTJA
syn-00380,D,3,3,3,3,Informatique / Technologie|Arts,Creativite / design|Electronique / bricolage technique|Vente / negociation,Art / design / audiovisuel|BTP / construction|Technologie / informatique|Finance / comptabilite,Terrain / exterieur,Entrepreneur / independant|Creation / design,IMTICIA
syn-00381,Technique genie civil,3,3,4,3,Informatique / Technologie|Economie / Gestion,Electronique / bricolage technique|Vente / negociation|Creativite / design,Sciences|Technologie / informatique|Entrepreneuriat / business|Tourisme / hotellerie,Mixte,Commerce / relation client|Entrepreneur / independant,CAA
syn-00382,A2,3,1,3,2,SVT|Arts|Mathematiques,Creativite / design|Analyse de donnees / logique,Agriculture / environnement|Sante / social|Sciences,Mixte,Technique / ingenierie|Commerce / relation client,CAA
syn-00383,D,4,2,2,3,Economie / Gestion|Histoire-Geographie,Vente / negociation|Organisation / gestion de projet|Travail en equipe,Entrepreneuriat / business|Art / design / audiovisuel|Finance / comptabilite|Agriculture / environnement,Terrain / exterieur,Entrepreneur / independant|Creation / design,CAA
syn-00384,S,4,4,3,3,Physique-Chimie|SVT,Analyse de donnees / logique|Programmation|Electronique / bricolage technique,BTP / construction|Communication / medias,Mixte,Entrepreneur / independant|Recherche / enseignement,EMII
syn-00385,C,5,5,3,5,Informatique / Technologie|Francais / Litterature,Electronique / bricolage technique|Redaction / communication,Technologie / informatique|Finance / comptabilite,Mixte,Technique / ingenierie,ESIIA
syn-00386,Technique genie civil,3,3,4,3,Informatique / Technologie|Sport,Organisation / gestion de projet|Travail en equipe,Technologie / informatique|BTP / construction|Tourisme / hotellerie,Mixte,Technique / ingenierie|Entrepreneur / independant,TEH
syn-00387,Technique industrielle,5,4,3,3,Physique-Chimie|Sport|Arts,Travail en equipe|Organisation / gestion de projet|Redaction / communication|Electronique / bricolage technique,Technologie / informatique|Entrepreneuriat / business,Terrain / exterieur,Entrepreneur / independant|Gestion / management,ESIIA
syn-00388,S,3,5,5,3,Sport|Informatique / Technologie,Travail en equipe|Creativite / design|Programmation,BTP / construction|Technologie / informatique|Communication / medias|Droit / justice,Bureau,Commerce / relation client|Gestion / management,IMTICIA
syn-00389,S,2,4,3,2,Economie / Gestion|SVT,Travail en equipe|Vente / negociation|Organisation / gestion de projet|Redaction / communication,Agriculture / environnement|Sciences|Finance / comptabilite,Atelier / usine,Recherche / enseignement,AEE
syn-00390,S,4,1,4,3,Langues etrangeres|SVT,Analyse de donnees / logique|Redaction / communication|Electronique / bricolage technique,Communication / medias|Sante / social|Sciences,Mixte,Recherche / enseignement|Creation / design,ISAIA
syn-00391,L,3,2,4,2,Sport|Arts,Creativite / design|Travail en equipe,Finance / comptabilite|BTP / construction|Art / design / audiovisuel|Technologie / informatique,Atelier / usine,Commerce / relation client|Recherche / enseignement,TEH
syn-00392,D,4,4,2,3,Arts|SVT|Sport,Creativite / design|Travail en equipe|Electronique / bricolage technique,Communication / medias|Sciences|Sante / social,Bureau,Recherche / enseignement|Commerce / relation client,PIP
syn-00393,S,3,3,3,2,Mathematiques|Sport|Informatique / Technologie,Programmation|Electronique / bricolage technique|Travail en equipe,Sciences|Technologie / informatique,Bureau,Technique / ingenierie|Gestion / management,IGGLIA
syn-00394,A2,2,2,3,3,Physique-Chimie|Langues etrangeres|Economie / Gestion,Vente / negociation|Electronique / bricolage technique|Organisation / gestion de projet|Analyse de donnees / logique,Sciences|Agriculture / environnement,Mixte,Gestion / management|Entrepreneur / independant,EMP
syn-00395,S,3,4,4,4,SVT|Langues etrangeres|Histoire-Geographie,Redaction / communication|Travail en equipe|Vente / negociation|Creativite / design,Sante / social|Communication / medias|Tourisme / hotellerie|Droit / justice,Terrain / exterieur,Commerce / relation client,TEH
syn-00396,Technique genie civil,3,3,3,2,Arts|Langues etrangeres|Economie / Gestion,Electronique / bricolage technique|Redaction / communication|Creativite / design|Vente / negociation,Entrepreneuriat / business|Sante / social|Tourisme / hotellerie,Atelier / usine,Creation / design|Recherche / enseignement,CAA
syn-00397,Technique genie civil,3,5,2,4,Arts|SVT|Histoire-Geographie,Vente / negociation|Travail en equipe|Redaction / communication|Creativite / design,Sciences|Tourisme / hotellerie|Agriculture / environnement|Sante / social,Mixte,Gestion / management,TEE
syn-00398,D,4,2,3,1,Mathematiques|Economie / Gestion,Creativite / design|Analyse de donnees / logique|Vente / negociation|Organisation / gestion de projet,Sciences|Finance / comptabilite|Sante / social,Atelier / usine,Commerce / relation client|Entrepreneur / independant,ISAIA
syn-00399,C,4,3,5,5,Arts|Francais / Litterature|Langues etrangeres,Redaction / communication|Analyse de donnees / logique|Creativite / design|Organisation / gestion de projet,Droit / justice|Sante / social|Tourisme / hotellerie|Communication / medias,Mixte,Creation / design|Gestion / management,TEH
syn-00400,C,3,3,3,2,Histoire-Geographie|Economie / Gestion,Travail en equipe|Vente / negociation|Analyse de donnees / logique|Creativite / design,Art / design / audiovisuel|Finance / comptabilite,Laboratoire,Entrepreneur / independant,ISAIA
syn-00401,D,3,3,2,4,Sport|SVT,Creativite / design|Travail en equipe|Analyse de donnees / logique,Agriculture / environnement|Sante / social,Mixte,Recherche / enseignement,AEE
syn-00402,D,5,2,4,3,Mathematiques|Sport,Analyse de donnees / logique|Programmation|Travail en equipe|Organisation / gestion de projet,Finance / comptabilite|Entrepreneuriat / business|Agriculture / environnement|Sciences,Terrain / exterieur,Gestion / management,ISAIA
syn-00403,D,3,4,3,4,Physique-Chimie|Sport,Programmation|Creativite / design|Redaction / communication|Travail en equipe,Tourisme / hotellerie|BTP / construction|Droit / justice|Sciences,Atelier / usine,Commerce / relation client,TEH
syn-00404,A2,2,2,3,4,Arts|Informatique / Technologie,Programmation|Electronique / bricolage technique|Creativite / design,Sante / social|Art / design / audiovisuel,Laboratoire,Entrepreneur / independant|Recherche / enseignement,DTJA
syn-00405,D,3,4,2,3,Arts|Mathematiques,Analyse de donnees / logique|Creativite / design|Vente / negociation|Organisation / gestion de projet,Communication / medias|Art / design / audiovisuel|Sciences,Bureau,Gestion / management,ISAIA
syn-00406,D,2,4,2,3,Histoire-Geographie|Economie / Gestion,Programmation|Travail en equipe|Organisation / gestion de projet|Creativite / design,Sciences|Droit / justice|Agriculture / environnement|Tourisme / hotellerie,Laboratoire,Commerce / relation client,ICMP
syn-00407,A1,3,4,4,4,Histoire-Geographie|Sport,Travail en equipe|Electronique / bricolage technique|Organisation / gestion de projet,Droit / justice|Communication / medias|Sciences,Laboratoire,Entrepreneur / independant|Creation / design,DTJA
syn-00408,L,2,2,4,2,Mathematiques|Arts|SVT,Analyse de donnees / logique|Organisation / gestion de projet|Programmation|Travail en equipe,Sciences|Communication / medias|Finance / comptabilite,Mixte,Gestion / management|Creation / design,EMP
syn-00409,C,4,3,3,3,Physique-Chimie|Histoire-Geographie,Electronique / bricolage technique|Analyse de donnees / logique|Vente / negociation,Droit / justice|BTP / construction|Sciences|Finance / comptabilite,Terrain / exterieur,Entrepreneur / independant,ISAIA
syn-00410,Technique genie civil,4,3,3,4,Histoire-Geographie|SVT,Analyse de donnees / logique|Travail en equipe,Sciences|Entrepreneuriat / business,Laboratoire,Commerce / relation client,CAA
syn-00411,Technique industrielle,3,4,4,3,Sport|Langues etrangeres|SVT,Redaction / communication|Travail en equipe|Analyse de donnees / logique|Organisation / gestion de projet,Communication / medias|Droit / justice|Tourisme / hotellerie,Mixte,Creation / design,TEH
syn-00412,C,3,5,4,3,Arts|SVT,Creativite / design|Redaction / communication|Electronique / bricolage technique,Sante / social|Art / design / audiovisuel|Finance / comptabilite,Atelier / usine,Recherche / enseignement,PIP
syn-00413,C,4,4,4,2,Sport|Arts|Histoire-Geographie,Programmation|Creativite / design|Electronique / bricolage technique,Tourisme / hotellerie|Droit / justice,Terrain / exterieur,Technique / ingenierie|Creation / design,GCA
syn-00414,A2,4,2,4,2,Histoire-Geographie|Arts,Programmation|Travail en equipe,Art / design / audiovisuel|Sciences,Mixte,Gestion / management|Technique / ingenierie,IAA
syn-00415,L,1,4,2,2,Langues etrangeres|Histoire-Geographie,Travail en equipe|Organisation / gestion de projet|Electronique / bricolage technique|Vente / negociation,Droit / justice|BTP / construction|Sciences|Technologie / informatique,Mixte,Creation / design|Technique / ingenierie,CAA
syn-00416,S,4,2,3,3,Sport|Mathematiques|Arts,Analyse de donnees / logique|Electronique / bricolage technique|Creativite / design|Travail en equipe,Finance / comptabilite|Droit / justice,Terrain / exterieur,Entrepreneur / independant|Gestion / management,ISAIA
syn-00417,D,5,3,4,3,Langues etrangeres|Mathematiques|Sport,Programmation|Organisation / gestion de projet|Redaction / communication|Analyse de donnees / logique,Finance / comptabilite|Technologie / informatique|Tourisme / hotellerie,Atelier / usine,Creation / design|Commerce / relation client,TEH
syn-00418,D,3,3,3,3,Arts|Physique-Chimie,Analyse de donnees / logique|Programmation,BTP / construction|Tourisme / hotellerie|Agriculture / environnement|Technologie / informatique,Bureau,Entrepreneur / independant|Commerce / relation client,IGGLIA
syn-00419,S,4,3,4,2,SVT|Economie / Gestion,Organisation / gestion de projet|Vente / negociation|Redaction / communication,Agriculture / environnement|Finance / comptabilite,Atelier / usine,Gestion / management|Recherche / enseignement,AEE
syn-00420,A1,3,3,4,4,Langues etrangeres|Francais / Litterature|SVT,Redaction / communication|Creativite / design|Analyse de donnees / logique,Agriculture / environnement|Droit / justice,Bureau,Technique / ingenierie,DTJA
syn-00421,C,3,2,3,3,Histoire-Geographie|Economie / Gestion,Organisation / gestion de projet|Vente / negociation|Redaction / communication,Finance / comptabilite|Tourisme / hotellerie|Agriculture / environnement,Mixte,Commerce / relation client,CAA
syn-00422,D,2,4,5,2,Informatique / Technologie|Mathematiques,Electronique / bricolage technique|Programmation|Travail en equipe|Analyse de donnees / logique,Entrepreneuriat / business|Technologie / informatique,Terrain / exterieur,Creation / design,IGGLIA
syn-00423,L,3,2,4,4,SVT|Sport,Organisation / gestion de projet|Programmation,Agriculture / environnement|Entrepreneuriat / business|Sciences,Laboratoire,Commerce / relation client,EMP
syn-00424,C,3,4,4,4,Economie / Gestion|Langues etrangeres|Francais / Litterature,Vente / negociation|Electronique / bricolage technique|Travail en equipe,Communication / medias|Droit / justice|Tourisme / hotellerie|Finance / comptabilite,Mixte,Creation / design,TEH
syn-00425,A1,2,3,3,2,Informatique / Technologie|Arts,Analyse de donnees / logique|Vente / negociation|Redaction / communication,Art / design / audiovisuel|Technologie / informatique|Communication / medias|Finance / comptabilite,Mixte,Recherche / enseignement,CAA
syn-00426,Technique genie civil,3,3,3,1,Mathematiques|Francais / Litterature|Sport,Redaction / communication|Creativite / design,Communication / medias|Sante / social,Bureau,Creation / design|Technique / ingenierie,GCA
syn-00427,C,3,3,3,3,Histoire-Geographie|SVT,Programmation|Organisation / gestion de projet|Electronique / bricolage technique|Vente / negociation,Sciences|Entrepreneuriat / business|Art / design / audiovisuel,Laboratoire,Technique / ingenierie,ESIIA
syn-00428,D,4,4,4,3,SVT|Histoire-Geographie,Programmation|Vente / negociation|Electronique / bricolage technique|Creativite / design,Entrepreneuriat / business|Finance / comptabilite,Bureau,Commerce / relation client,CAA
syn-00429,S,4,3,3,2,Francais / Litterature|Arts|SVT,Creativite / design|Travail en equipe,Agriculture / environnement|Art / design / audiovisuel|Communication / medias|Finance / comptabilite,Mixte,Creation / design|Gestion / management,IMTICIA
syn-00430,A2,2,3,2,3,Sport|Economie / Gestion,Organisation / gestion de projet|Electronique / bricolage technique|Redaction / communication,Entrepreneuriat / business|Technologie / informatique|Sciences,Mixte,Gestion / management|Entrepreneur / independant,EMP
syn-00431,C,5,3,4,4,Sport|SVT|Francais / Litterature,Travail en equipe|Programmation|Redaction / communication|Vente / negociation,Sante / social|Art / design / audiovisuel|Entrepreneuriat / business,Atelier / usine,Recherche / enseignement|Entrepreneur / independant,CAA
syn-00432,C,5,3,3,2,Physique-Chimie|Histoire-Geographie|Francais / Litterature,Vente / negociation|Analyse de donnees / logique|Redaction / communication|Organisation / gestion de projet,Tourisme / hotellerie|Droit / justice,Terrain / exterieur,Commerce / relation client,ISAIA
syn-00433,A1,3,2,3,4,Histoire-Geographie|Economie / Gestion|Arts,Vente / negociation|Programmation|Creativite / design|Organisation / gestion de projet,BTP / construction|Communication / medias|Finance / comptabilite,Mixte,Gestion / management,EMP
syn-00434,D,2,3,5,3,Francais / Litterature|Langues etrangeres|Economie / Gestion,Redaction / communication|Travail en equipe,Entrepreneuriat / business|Communication / medias|Agriculture / environnement|Sante / social,Mixte,Entrepreneur / independant,DTJA
syn-00435,L,1,4,5,1,Histoire-Geographie|Arts|Francais / Litterature,Creativite / design|Electronique / bricolage technique|Analyse de donnees / logique,Sante / social|Agriculture / environnement|Droit / justice,Bureau,Technique / ingenierie|Recherche / enseignement,DTJA
syn-00436,S,5,2,3,2,Mathematiques|SVT|Arts,Programmation|Creativite / design,Art / design / audiovisuel|Finance / comptabilite,Terrain / exterieur,Creation / design|Gestion / management,IMTICIA
syn-00437,S,5,3,2,2,Sport|Langues etrangeres|Arts,Programmation|Creativite / design|Travail en equipe,Art / design / audiovisuel|Sciences|Communication / medias,Mixte,Creation / design,IMTICIA
syn-00438,C,4,3,2,4,SVT|Histoire-Geographie|Arts,Organisation / gestion de projet|Programmation|Creativite / design|Electronique / bricolage technique,Entrepreneuriat / business|Communication / medias|Sante / social,Bureau,Creation / design|Recherche / enseignement,PIP
syn-00439,A1,2,3,2,4,Physique-Chimie|SVT,Travail en equipe|Organisation / gestion de projet|Programmation|Creativite / design,Communication / medias|BTP / construction|Sante / social|Sciences,Laboratoire,Creation / design|Gestion / management,EMP
syn-00440,D,4,4,4,3,Langues etrangeres|Informatique / Technologie|Sport,Programmation|Organisation / gestion de projet|Electronique / bricolage technique|Redaction / communication,Finance / comptabilite|Tourisme / hotellerie,Terrain / exterieur,Technique / ingenierie|Recherche / enseignement,IGGLIA
syn-00441,S,3,3,3,3,Physique-Chimie|Mathematiques,Analyse de donnees / logique|Electronique / bricolage technique|Creativite / design|Travail en equipe,Art / design / audiovisuel|Sciences,Mixte,Entrepreneur / independant|Recherche / enseignement,ISAIA
syn-00442,S,4,4,3,3,SVT|Langues etrangeres,Vente / negociation|Redaction / communication|Programmation,Tourisme / hotellerie|Agriculture / environnement,Mixte,Creation / design,TEE
syn-00443,D,4,2,3,4,Langues etrangeres|Mathematiques,Travail en equipe|Redaction / communication|Creativite / design,Entrepreneuriat / business|Finance / comptabilite,Bureau,Commerce / relation client|Gestion / management,FIC
syn-00444,C,4,4,4,3,Histoire-Geographie|Informatique / Technologie,Organisation / gestion de projet|Programmation|Vente / negociation|Electronique / bricolage technique,BTP / construction|Droit / justice,Atelier / usine,Commerce / relation client,EMII
syn-00445,C,5,2,2,4,Physique-Chimie|Sport,Organisation / gestion de projet|Travail en equipe|Creativite / design,Communication / medias|Finance / comptabilite|Sciences,Mixte,Commerce / relation client|Creation / design,FIC
syn-00446,A2,3,3,3,3,Mathematiques|Sport,Analyse de donnees / logique|Vente / negociation|Redaction / communication|Travail en equipe,Agriculture / environnement|Sante / social|Entrepreneuriat / business|Sciences,Bureau,Recherche / enseignement|Technique / ingenierie,AEE
syn-00447,D,3,3,4,4,Physique-Chimie|Informatique / Technologie|Francais / Litterature,Electronique / bricolage technique|Organisation / gestion de projet|Analyse de donnees / logique|Programmation,Art / design / audiovisuel|Communication / medias,Bureau,Entrepreneur / independant|Commerce / relation client,IGGLIA
syn-00448,S,4,5,1,4,Arts|Physique-Chimie,Redaction / communication|Analyse de donnees / logique|Electronique / bricolage technique,Art / design / audiovisuel|BTP / construction,Mixte,Commerce / relation client,ESIIA
syn-00449,S,5,4,3,3,Arts|Sport,Programmation|Creativite / design|Travail en equipe,Sciences|Tourisme / hotellerie,Bureau,Commerce / relation client,ISAIA
syn-00450,A2,3,3,4,3,Langues etrangeres|Sport|Arts,Programmation|Travail en equipe,Tourisme / hotellerie|Sciences|Entrepreneuriat / business|BTP / construction,Bureau,Recherche / enseignement,TEH
syn-00451,D,4,5,4,4,Arts|Economie / Gestion,Vente / negociation|Creativite / design|Organisation / gestion de projet|Electronique / bricolage technique,Entrepreneuriat / business|Communication / medias|Agriculture / environnement|Technologie / informatique,Terrain / exterieur,Gestion / management,EMP
syn-00452,D,3,2,3,1,Physique-Chimie|Mathematiques|SVT,Electronique / bricolage technique|Analyse de donnees / logique|Travail en equipe,Finance / comptabilite|Sciences|Agriculture / environnement,Bureau,Gestion / management,ISAIA
syn-00453,S,2,4,3,2,Informatique / Technologie|Mathematiques,Electronique / bricolage technique|Travail en equipe,Sciences|Finance / comptabilite|Sante / social,Mixte,Technique / ingenierie|Creation / design,EMII
syn-00454,D,5,4,3,3,Mathematiques|Francais / Litterature|Arts,Redaction / communication|Analyse de donnees / logique|Creativite / design,Communication / medias|Droit / justice|Tourisme / hotellerie|Finance / comptabilite,Laboratoire,Entrepreneur / independant,ISAIA
syn-00455,L,2,4,3,2,Informatique / Technologie|Arts,Creativite / design|Vente / negociation,Technologie / informatique|Sciences,Mixte,Recherche / enseignement|Commerce / relation client,CAA
syn-00456,Technique industrielle,4,5,4,4,Langues etrangeres|Histoire-Geographie|Arts,Creativite / design|Redaction / communication|Vente / negociation|Travail en equipe,BTP / construction|Communication / medias,Bureau,Creation / design|Recherche / enseignement,IMTICIA
syn-00457,Technique genie civil,3,5,3,3,SVT|Physique-Chimie|Histoire-Geographie,Programmation|Redaction / communication|Electronique / bricolage technique|Analyse de donnees / logique,Sciences|Agriculture / environnement|Technologie / informatique,Mixte,Gestion / management,GCA
syn-00458,Technique agricole,4,3,3,4,Langues etrangeres|Francais / Litterature,Travail en equipe|Organisation / gestion de projet,Tourisme / hotellerie|Droit / justice|Technologie / informatique|Finance / comptabilite,Bureau,Recherche / enseignement|Entrepreneur / independant,DTJA
syn-00459,S,4,4,3,3,Histoire-Geographie|Francais / Litterature|Arts,Analyse de donnees / logique|Creativite / design|Electronique / bricolage technique,Tourisme / hotellerie|Sante / social,Bureau,Recherche / enseignement,ESIIA
syn-00460,L,2,1,4,3,Histoire-Geographie|Mathematiques,Creativite / design|Analyse de donnees / logique,Droit / justice|Sciences,Atelier / usine,Recherche / enseignement|Commerce / relation client,DTJA
syn-00461,S,3,4,2,1,SVT|Arts|Informatique / Technologie,Electronique / bricolage technique|Vente / negociation|Redaction / communication,Agriculture / environnement|Communication / medias|Tourisme / hotellerie,Mixte,Technique / ingenierie,EMII
syn-00462,Technique genie civil,2,4,4,3,Informatique / Technologie|Physique-Chimie|Arts,Analyse de donnees / logique|Programmation|Electronique / bricolage technique|Vente / negociation,Art / design / audiovisuel|Communication / medias|Sante / social|Droit / justice,Laboratoire,Creation / design,TEH
syn-00463,L,1,3,2,3,Sport|Economie / Gestion,Organisation / gestion de projet|Creativite / design,BTP / construction|Agriculture / environnement|Art / design / audiovisuel|Finance / comptabilite,Terrain / exterieur,Commerce / relation client,CAA
syn-00464,Technique genie civil,2,4,1,4,Langues etrangeres|Histoire-Geographie,Organisation / gestion de projet|Redaction / communication|Programmation|Creativite / design,Tourisme / hotellerie|Art / design / audiovisuel|Agriculture / environnement,Bureau,Technique / ingenierie|Recherche / enseignement,TEE
syn-00465,A1,4,4,3,5,Mathematiques|SVT,Electronique / bricolage technique|Programmation,Sciences|Sante / social,Mixte,Entrepreneur / independant|Technique / ingenierie,FIC
syn-00466,A2,3,1,3,3,Sport|Physique-Chimie,Analyse de donnees / logique|Travail en equipe|Vente / negociation,Droit / justice|BTP / construction|Sciences,Terrain / exterieur,Recherche / enseignement|Creation / design,TEE
syn-00467,S,3,4,2,2,Physique-Chimie|Mathematiques|Langues etrangeres,Redaction / communication|Programmation,Sante / social|Tourisme / hotellerie|Finance / comptabilite|BTP / construction,Mixte,Technique / ingenierie|Entrepreneur / independant,GCA
syn-00468,D,3,4,1,3,Sport|Histoire-Geographie,Travail en equipe|Vente / negociation,Art / design / audiovisuel|Droit / justice,Mixte,Technique / ingenierie|Creation / design,IMTICIA
syn-00469,A1,3,3,3,2,Physique-Chimie|SVT,Electronique / bricolage technique|Travail en equipe|Programmation|Creativite / design,Sante / social|Communication / medias|BTP / construction|Tourisme / hotellerie,Bureau,Recherche / enseignement|Technique / ingenierie,TEH
syn-00470,D,3,3,3,3,Mathematiques|SVT,Travail en equipe|Organisation / gestion de projet|Programmation|Vente / negociation,Sciences|BTP / construction|Finance / comptabilite,Mixte,Entrepreneur / independant,IGGLIA
syn-00471,D,3,5,3,2,SVT|Histoire-Geographie|Sport,Organisation / gestion de projet|Travail en equipe|Redaction / communication|Electronique / bricolage technique,Agriculture / environnement|Sante / social|Tourisme / hotellerie,Laboratoire,Entrepreneur / independant,PIP
syn-00472,S,4,4,3,3,Physique-Chimie|Economie / Gestion|Arts,Creativite / design|Organisation / gestion de projet|Vente / negociation,Entrepreneuriat / business|Communication / medias|BTP / construction|Sciences,Terrain / exterieur,Entrepreneur / independant,GCA
syn-00473,S,1,4,2,3,Informatique / Technologie|Mathematiques,Programmation|Creativite / design|Analyse de donnees / logique|Organisation / gestion de projet,Communication / medias|Sciences,Terrain / exterieur,Gestion / management|Commerce / relation client,IMTICIA
syn-00474,A2,3,1,1,5,Mathematiques|Economie / Gestion|Sport,Travail en equipe|Analyse de donnees / logique,Communication / medias|Finance / comptabilite,Laboratoire,Commerce / relation client,EMP
syn-00475,A1,3,2,3,2,Mathematiques|Langues etrangeres|Informatique / Technologie,Analyse de donnees / logique|Electronique / bricolage technique,Finance / comptabilite|Sciences|Communication / medias,Bureau,Recherche / enseignement,FIC
syn-00476,Technique industrielle,3,5,3,4,Physique-Chimie|SVT|Histoire-Geographie,Electronique / bricolage technique|Programmation|Travail en equipe,Sciences|Sante / social|BTP / construction|Tourisme / hotellerie,Atelier / usine,Technique / ingenierie,EMII
syn-00477,D,2,2,5,3,Economie / Gestion|Langues etrangeres|Physique-Chimie,Analyse de donnees / logique|Vente / negociation|Programmation|Redaction / communication,BTP / construction|Entrepreneuriat / business,Bureau,Gestion / management,CAA
syn-00478,A2,1,3,3,4,Francais / Litterature|Physique-Chimie|Mathematiques,Organisation / gestion de projet|Electronique / bricolage technique,Sciences|Finance / comptabilite,Bureau,Technique / ingenierie|Creation / design,FIC
syn-00479,C,2,3,2,1,Physique-Chimie|Arts|Informatique / Technologie,Analyse de donnees / logique|Redaction / communication|Electronique / bricolage technique,Sciences|Art / design / audiovisuel,Mixte,Entrepreneur / independant|Recherche / enseignement,ESIIA
syn-00480,S,4,3,2,1,Informatique / Technologie|Langues etrangeres,Analyse de donnees / logique|Organisation / gestion de projet,Communication / medias|Technologie / informatique|Art / design / audiovisuel,Laboratoire,Technique / ingenierie,IGGLIA
syn-00481,L,4,4,3,3,Economie / Gestion|Arts,Vente / negociation|Electronique / bricolage technique|Organisation / gestion de projet|Programmation,Communication / medias|Agriculture / environnement,Laboratoire,Recherche / enseignement,FIC
syn-00482,L,1,3,3,3,Physique-Chimie|Histoire-Geographie|SVT,Organisation / gestion de projet|Creativite / design|Redaction / communication|Travail en equipe,Sciences|Sante / social,Bureau,Gestion / management,EMP
syn-00483,D,3,4,4,3,Francais / Litterature|Sport|SVT,Redaction / communication|Travail en equipe,Communication / medias|Technologie / informatique|Sante / social|Agriculture / environnement,Bureau,Gestion / management,PIP
syn-00484,S,3,4,5,3,Arts|Economie / Gestion,Programmation|Vente / negociation|Creativite / design|Electronique / bricolage technique,Art / design / audiovisuel|Finance / comptabilite,Mixte,Commerce / relation client,CAA
syn-00485,S,3,3,3,3,Arts|Histoire-Geographie,Creativite / design|Electronique / bricolage technique,Communication / medias|Sciences|Droit / justice|Art / design / audiovisuel,Terrain / exterieur,Recherche / enseignement,IMTICIA
syn-00486,Technique agricole,2,4,3,1,Histoire-Geographie|Francais / Litterature,Redaction / communication|Analyse de donnees / logique|Creativite / design,Droit / justice|Communication / medias|Sante / social|Technologie / informatique,Bureau,Creation / design,DTJA
syn-00487,D,4,5,2,5,Sport|Economie / Gestion,Travail en equipe|Creativite / design,Sante / social|Sciences|Tourisme / hotellerie,Mixte,Technique / ingenierie,EMII
syn-00488,D,1,4,3,3,Economie / Gestion|Sport,Electronique / bricolage technique|Organisation / gestion de projet|Travail en equipe|Vente / negociation,Finance / comptabilite|Art / design / audiovisuel,Terrain / exterieur,Technique / ingenierie,CAA
syn-00489,L,3,3,5,4,Sport|Economie / Gestion,Travail en equipe|Vente / negociation,Finance / comptabilite|BTP / construction|Sciences,Bureau,Commerce / relation client|Entrepreneur / independant,FIC
syn-00490,S,3,3,3,4,Mathematiques|Langues etrangeres,Analyse de donnees / logique|Programmation|Redaction / communication,Tourisme / hotellerie|BTP / construction,Bureau,Entrepreneur / independant|Technique / ingenierie,IGGLIA
syn-00491,A1,3,2,4,3,Langues etrangeres|Physique-Chimie,Redaction / communication|Vente / negociation|Electronique / bricolage technique,Communication / medias|Agriculture / environnement,Bureau,Technique / ingenierie,CAA
syn-00492,C,4,3,3,2,Economie / Gestion|Mathematiques|Informatique / Technologie,Programmation|Organisation / gestion de projet|Vente / negociation|Analyse de donnees / logique,Sciences|BTP / construction|Sante / social,Atelier / usine,Creation / design,ISAIA
syn-00493,S,3,3,4,3,Sport|Langues etrangeres|Physique-Chimie,Electronique / bricolage technique|Organisation / gestion de projet|Creativite / design|Travail en equipe,BTP / construction|Agriculture / environnement|Communication / medias|Tourisme / hotellerie,Atelier / usine,Technique / ingenierie|Commerce / relation client,EMII
syn-00494,S,2,3,3,3,Informatique / Technologie|Physique-Chimie,Redaction / communication|Vente / negociation|Travail en equipe,Tourisme / hotellerie|Technologie / informatique|Agriculture / environnement,Bureau,Creation / design,IMTICIA
syn-00495,Technique industrielle,3,3,3,4,Arts|Sport,Travail en equipe|Electronique / bricolage technique,Sciences|Finance / comptabilite|Tourisme / hotellerie|Communication / medias,Terrain / exterieur,Creation / design,TEH
syn-00496,D,4,5,4,4,Economie / Gestion|SVT,Travail en equipe|Vente / negociation|Redaction / communication,BTP / construction|Finance / comptabilite,Bureau,Entrepreneur / independant|Gestion / management,FIC
syn-00497,L,3,2,3,3,Histoire-Geographie|Arts,Electronique / bricolage technique|Vente / negociation|Programmation,Communication / medias|Technologie / informatique,Atelier / usine,Gestion / management,EMP
syn-00498,L,2,3,4,2,Francais / Litterature|SVT|Physique-Chimie,Travail en equipe|Electronique / bricolage technique|Redaction / communication|Organisation / gestion de projet,BTP / construction|Agriculture / environnement|Entrepreneuriat / business,Laboratoire,Recherche / enseignement,TEE
syn-00499,S,3,4,4,3,Mathematiques|Physique-Chimie,Analyse de donnees / logique|Travail en equipe|Redaction / communication,Sciences|Tourisme / hotellerie|Entrepreneuriat / business,Bureau,Recherche / enseignement,ISAIA
syn-00500,A2,2,3,2,4,SVT|Mathematiques|Sport,Analyse de donnees / logique|Redaction / communication|Vente / negociation|Electronique / bricolage technique,Finance / comptabilite|Sciences,Bureau,Gestion / management|Creation / design,FIC
syn-00501,D,3,4,1,3,SVT|Sport,Analyse de donnees / logique|Electronique / bricolage technique|Travail en equipe,Sante / social|Agriculture / environnement|Entrepreneuriat / business,Mixte,Entrepreneur / independant,AEE
syn-00502,L,3,2,3,3,Langues etrangeres|Economie / Gestion,Vente / negociation|Creativite / design|Electronique / bricolage technique,Tourisme / hotellerie|Entrepreneuriat / business|BTP / construction|Finance / comptabilite,Bureau,Technique / ingenierie,TEH
syn-00503,A2,2,2,5,5,Mathematiques|Histoire-Geographie,Creativite / design|Travail en equipe|Organisation / gestion de projet,Tourisme / hotellerie|Art / design / audiovisuel,Atelier / usine,Creation / design,TEH
syn-00504,C,3,3,4,4,Histoire-Geographie|Informatique / Technologie|Economie / Gestion,Vente / negociation|Organisation / gestion de projet|Programmation|Analyse de donnees / logique,Finance / comptabilite|Tourisme / hotellerie|Entrepreneuriat / business,Mixte,Recherche / enseignement,EMP
syn-00505,D,4,5,2,3,Francais / Litterature|Langues etrangeres|SVT,Electronique / bricolage technique|Redaction / communication,Tourisme / hotellerie|BTP / construction|Sciences,Mixte,Commerce / relation client|Technique / ingenierie,TEH
syn-00506,A1,2,2,3,3,Economie / Gestion|Histoire-Geographie|Mathematiques,Analyse de donnees / logique|Electronique / bricolage technique,Agriculture / environnement|Finance / comptabilite,Terrain / exterieur,Gestion / management|Commerce / relation client,FIC
syn-00507,D,4,5,3,3,SVT|Physique-Chimie,Electronique / bricolage technique|Travail en equipe,Agriculture / environnement|Sciences,Mixte,Gestion / management|Entrepreneur / independant,PIP
syn-00508,Technique genie civil,4,5,3,4,Francais / Litterature|Sport|Arts,Redaction / communication|Vente / negociation|Travail en equipe|Organisation / gestion de projet,Sante / social|Art / design / audiovisuel|Finance / comptabilite,Atelier / usine,Entrepreneur / independant,DTJA
syn-00509,L,4,3,4,3,Francais / Litterature|SVT|Informatique / Technologie,Programmation|Redaction / communication,Droit / justice|BTP / construction|Communication / medias|Sante / social,Laboratoire,Recherche / enseignement,DTJA
syn-00510,C,5,4,3,3,Langues etrangeres|Histoire-Geographie|Arts,Programmation|Redaction / communication|Creativite / design,Tourisme / hotellerie|Droit / justice|Art / design / audiovisuel|Entrepreneuriat / business,Bureau,Commerce / relation client|Entrepreneur / independant,TEE
syn-00511,D,5,3,2,2,Economie / Gestion|Informatique / Technologie|SVT,Electronique / bricolage technique|Vente / negociation|Programmation,Technologie / informatique|Droit / justice|Sante / social|BTP / construction,Mixte,Entrepreneur / independant|Technique / ingenierie,ISAIA
syn-00512,A1,3,3,3,5,Mathematiques|Francais / Litterature,Redaction / communication|Organisation / gestion de projet,Communication / medias|Sciences|Entrepreneuriat / business,Terrain / exterieur,Creation / design|Recherche / enseignement,EMP
syn-00513,A2,4,2,4,3,SVT|Sport|Mathematiques,Travail en equipe|Analyse de donnees / logique,BTP / construction|Sciences|Finance / comptabilite|Sante / social,Bureau,Entrepreneur / independant,FIC
syn-00514,S,3,3,3,1,Physique-Chimie|SVT|Francais / Litterature,Redaction / communication|Electronique / bricolage technique|Analyse de donnees / logique,Entrepreneuriat / business|Sciences|Communication / medias|BTP / construction,Bureau,Commerce / relation client,PIP
syn-00515,S,3,3,4,2,Sport|Langues etrangeres,Travail en equipe|Electronique / bricolage technique,Entrepreneuriat / business|Finance / comptabilite|Droit / justice,Mixte,Recherche / enseignement,TEH
syn-00516,Technique genie civil,3,2,2,2,Informatique / Technologie|Sport,Creativite / design|Vente / negociation|Electronique / bricolage technique,Agriculture / environnement|Finance / comptabilite|Technologie / informatique|Communication / medias,Bureau,Commerce / relation client,CAA
syn-00517,C,4,2,2,2,Economie / Gestion|Sport|Langues etrangeres,Organisation / gestion de projet|Travail en equipe,Entrepreneuriat / business|Droit / justice|Sante / social,Laboratoire,Technique / ingenierie,PIP
syn-00518,S,5,4,2,4,Informatique / Technologie|Physique-Chimie|Economie / Gestion,Electronique / bricolage technique|Organisation / gestion de projet|Analyse de donnees / logique|Programmation,Entrepreneuriat / business|Technologie / informatique|BTP / construction|Tourisme / hotellerie,Mixte,Gestion / management,IGGLIA
syn-00519,C,5,3,4,1,Langues etrangeres|Mathematiques,Travail en equipe|Creativite / design|Redaction / communication|Programmation,Communication / medias|Tourisme / hotellerie,Atelier / usine,Technique / ingenierie,TEH
syn-00520,Technique industrielle,1,2,4,4,Francais / Litterature|Arts|Physique-Chimie,Creativite / design|Electronique / bricolage technique,Sciences|Communication / medias,Bureau,Technique / ingenierie,IMTICIA
syn-00521,A1,3,3,3,2,Informatique / Technologie|Arts,Electronique / bricolage technique|Programmation|Organisation / gestion de projet,Technologie / informatique|Entrepreneuriat / business|Sciences,Laboratoire,Commerce / relation client|Technique / ingenierie,CAA
syn-00522,A1,1,1,4,4,Economie / Gestion|Informatique / Technologie,Vente / negociation|Redaction / communication|Electronique / bricolage technique|Organisation / gestion de projet,Tourisme / hotellerie|Sciences,Terrain / exterieur,Gestion / management,EMP
syn-00523,D,3,4,2,5,Francais / Litterature|Histoire-Geographie,Programmation|Organisation / gestion de projet|Analyse de donnees / logique,Droit / justice|Sciences|Communication / medias|Tourisme / hotellerie,Terrain / exterieur,Technique / ingenierie,EMP
syn-00524,S,4,3,3,5,Sport|Langues etrangeres|Economie / Gestion,Organisation / gestion de projet|Travail en equipe|Redaction / communication,Finance / comptabilite|Tourisme / hotellerie,Mixte,Creation / design|Commerce / relation client,CAA
syn-00525,C,3,4,3,2,Physique-Chimie|Francais / Litterature,Redaction / communication|Creativite / design,Tourisme / hotellerie|Communication / medias,Mixte,Creation / design|Technique / ingenierie,ESIIA
syn-00526,S,5,3,2,3,Francais / Litterature|Physique-Chimie|Informatique / Technologie,Electronique / bricolage technique|Programmation,Communication / medias|Sciences|Droit / justice|BTP / construction,Terrain / exterieur,Commerce / relation client|Creation / design,ESIIA
syn-00527,D,1,5,4,1,Francais / Litterature|Arts,Electronique / bricolage technique|Programmation|Analyse de donnees / logique|Redaction / communication,Communication / medias|Art / design / audiovisuel|Finance / comptabilite,Laboratoire,Recherche / enseignement,IMTICIA
syn-00528,D,3,3,3,3,Informatique / Technologie|Economie / Gestion,Programmation|Electronique / bricolage technique|Analyse de donnees / logique|Vente / negociation,Technologie / informatique|Art / design / audiovisuel|Tourisme / hotellerie|Finance / comptabilite,Terrain / exterieur,Recherche / enseignement|Creation / design,ESIIA
syn-00529,C,5,4,3,3,SVT|Arts|Histoire-Geographie,Analyse de donnees / logique|Vente / negociation|Travail en equipe,Tourisme / hotellerie|Art / design / audiovisuel|Agriculture / environnement|Sciences,Laboratoire,Technique / ingenierie,PIP
syn-00530,C,5,2,3,3,Mathematiques|Sport|Arts,Analyse de donnees / logique|Electronique / bricolage technique,Art / design / audiovisuel|Communication / medias|Sante / social|Agriculture / environnement,Terrain / exterieur,Entrepreneur / independant,ISAIA
syn-00531,D,5,4,2,3,Informatique / Technologie|Arts,Creativite / design|Electronique / bricolage technique|Programmation,Droit / justice|Art / design / audiovisuel|Sante / social,Laboratoire,Recherche / enseignement,ESIIA
syn-00532,A1,1,3,5,4,Arts|Langues etrangeres|Informatique / Technologie,Programmation|Electronique / bricolage technique|Redaction / communication|Travail en equipe,Sante / social|Communication / medias|Tourisme / hotellerie|Technologie / informatique,Laboratoire,Recherche / enseignement,TEE
syn-00533,S,4,3,3,3,Langues etrangeres|Arts|Francais / Litterature,Redaction / communication|Creativite / design|Programmation|Electronique / bricolage technique,Tourisme / hotellerie|Art / design / audiovisuel|Communication / medias,Terrain / exterieur,Recherche / enseignement,TEE
syn-00534,D,3,5,4,4,Francais / Litterature|Histoire-Geographie,Redaction / communication|Creativite / design,Tourisme / hotellerie|Sante / social|Droit / justice|Sciences,Bureau,Technique / ingenierie|Entrepreneur / independant,DTJA
syn-00535,S,4,4,3,3,Histoire-Geographie|Physique-Chimie,Creativite / design|Redaction / communication,Art / design / audiovisuel|Droit / justice,Bureau,Gestion / management|Commerce / relation client,DTJA
syn-00536,S,3,2,2,5,Francais / Litterature|Mathematiques|Economie / Gestion,Electronique / bricolage technique|Vente / negociation|Programmation,Sciences|Finance / comptabilite|Communication / medias|Droit / justice,Atelier / usine,Entrepreneur / independant,FIC
syn-00537,D,3,4,3,4,Histoire-Geographie|Francais / Litterature,Creativite / design|Redaction / communication|Travail en equipe|Analyse de donnees / logique,Sante / social|Droit / justice|Art / design / audiovisuel,Laboratoire,Recherche / enseignement|Technique / ingenierie,DTJA
syn-00538,A2,2,2,4,2,SVT|Informatique / Technologie|Langues etrangeres,Vente / negociation|Programmation|Organisation / gestion de projet|Redaction / communication,Technologie / informatique|Tourisme / hotellerie|Sciences|Agriculture / environnement,Atelier / usine,Recherche / enseignement|Gestion / management,TEH
syn-00539,C,5,4,4,3,SVT|Arts|Francais / Litterature,Redaction / communication|Electronique / bricolage technique|Creativite / design,Sante / social|Droit / justice|Sciences,Laboratoire,Creation / design,PIP
syn-00540,S,4,4,3,3,Physique-Chimie|SVT|Informatique / Technologie,Programmation|Electronique / bricolage technique|Redaction / communication,BTP / construction|Finance / comptabilite|Sciences,Mixte,Creation / design,ESIIA
syn-00541,A2,2,2,2,5,Histoire-Geographie|Francais / Litterature|Economie / Gestion,Electronique / bricolage technique|Redaction / communication,Droit / justice|Finance / comptabilite|BTP / construction|Agriculture / environnement,Mixte,Creation / design|Entrepreneur / independant,DTJA
syn-00542,C,4,5,4,4,Francais / Litterature|SVT,Analyse de donnees / logique|Travail en equipe|Electronique / bricolage technique|Redaction / communication,Sciences|Agriculture / environnement,Mixte,Entrepreneur / independant|Gestion / management,AEE
syn-00543,Technique genie civil,4,4,2,3,SVT|Langues etrangeres|Arts,Travail en equipe|Creativite / design|Redaction / communication|Electronique / bricolage technique,Communication / medias|Sante / social,Terrain / exterieur,Gestion / management,GCA
syn-00544,S,4,2,5,3,Sport|Economie / Gestion|SVT,Vente / negociation|Programmation|Electronique / bricolage technique|Travail en equipe,Entrepreneuriat / business|Tourisme / hotellerie,Mixte,Commerce / relation client|Gestion / management,TEH
syn-00545,Technique industrielle,5,4,4,2,Physique-Chimie|Histoire-Geographie|Informatique / Technologie,Redaction / communication|Electronique / bricolage technique|Programmation,Droit / justice|Tourisme / hotellerie|Entrepreneuriat / business|Communication / medias,Terrain / exterieur,Technique / ingenierie,ESIIA
syn-00546,S,4,2,3,4,Arts|Economie / Gestion,Programmation|Travail en equipe|Creativite / design|Vente / negociation,Agriculture / environnement|Entrepreneuriat / business,Mixte,Gestion / management,CAA
syn-00547,L,4,1,1,3,Sport|Arts,Organisation / gestion de projet|Programmation|Travail en equipe|Redaction / communication,Finance / comptabilite|Entrepreneuriat / business|Sante / social|Droit / justice,Atelier / usine,Gestion / management,FIC
syn-00548,L,3,3,4,3,Economie / Gestion|Physique-Chimie|Langues etrangeres,Analyse de donnees / logique|Organisation / gestion de projet|Redaction / communication,BTP / construction|Entrepreneuriat / business,Laboratoire,Commerce / relation client|Recherche / enseignement,CAA
syn-00549,D,4,4,2,4,Francais / Litterature|Economie / Gestion,Programmation|Vente / negociation,Droit / justice|Sante / social|Art / design / audiovisuel,Terrain / exterieur,Gestion / management,EMP
syn-00550,A1,1,3,3,4,Arts|Langues etrangeres,Redaction / communication|Electronique / bricolage technique,Art / design / audiovisuel|Tourisme / hotellerie|Technologie / informatique|Communication / medias,Terrain / exterieur,Creation / design,TEE
syn-00551,C,4,4,2,2,Economie / Gestion|Mathematiques|Physique-Chimie,Creativite / design|Redaction / communication|Electronique / bricolage technique|Organisation / gestion de projet,Technologie / informatique|Finance / comptabilite|Sciences,Mixte,Creation / design,EMII
syn-00552,Technique agricole,1,4,2,3,Informatique / Technologie|Histoire-Geographie|Sport,Organisation / gestion de projet|Vente / negociation,Technologie / informatique|Sante / social|Tourisme / hotellerie|Communication / medias,Bureau,Technique / ingenierie,PIP
syn-00553,L,2,2,2,3,Economie / Gestion|Informatique / Technologie|Sport,Electronique / bricolage technique|Creativite / design,Entrepreneuriat / business|BTP / construction|Technologie / informatique,Terrain / exterieur,Technique / ingenierie,CAA
syn-00554,A2,3,2,5,3,Arts|Francais / Litterature|Physique-Chimie,Electronique / bricolage technique|Creativite / design,Droit / justice|Finance / comptabilite|Sciences|Communication / medias,Atelier / usine,Technique / ingenierie,DTJA
syn-00555,D,5,5,5,4,Langues etrangeres|Sport,Redaction / communication|Vente / negociation|Travail en equipe|Electronique / bricolage technique,Sciences|Finance / comptabilite|Entrepreneuriat / business|Sante / social,Mixte,Entrepreneur / independant,PIP
syn-00556,D,3,3,4,3,Langues etrangeres|SVT|Informatique / Technologie,Programmation|Vente / negociation|Creativite / design|Electronique / bricolage technique,Sciences|Sante / social|Communication / medias|Tourisme / hotellerie,Bureau,Recherche / enseignement|Creation / design,PIP
syn-00557,Technique genie civil,3,2,4,4,SVT|Physique-Chimie|Langues etrangeres,Analyse de donnees / logique|Electronique / bricolage technique|Vente / negociation,Communication / medias|Tourisme / hotellerie|Sante / social,Bureau,Creation / design,CAA
syn-00558,L,3,2,3,2,Sport|Histoire-Geographie|Francais / Litterature,Redaction / communication|Analyse de donnees / logique|Programmation,Sciences|Droit / justice|BTP / construction,Atelier / usine,Creation / design|Recherche / enseignement,DTJA
syn-00559,D,3,4,4,4,Physique-Chimie|Mathematiques,Redaction / communication|Creativite / design,Sciences|Droit / justice|Technologie / informatique,Terrain / exterieur,Recherche / enseignement|Creation / design,GCA
syn-00560,S,4,5,2,4,Economie / Gestion|Arts|SVT,Programmation|Vente / negociation,Sante / social|Sciences|Entrepreneuriat / business|Finance / comptabilite,Atelier / usine,Entrepreneur / independant,IAA
syn-00561,S,3,2,1,4,Economie / Gestion|Histoire-Geographie|Informatique / Technologie,Electronique / bricolage technique|Organisation / gestion de projet,Technologie / informatique|Droit / justice,Bureau,Entrepreneur / independant,EMP
syn-00562,A1,2,1,4,3,Sport|Informatique / Technologie,Electronique / bricolage technique|Programmation|Vente / negociation|Creativite / design,Sante / social|Tourisme / hotellerie,Terrain / exterieur,Creation / design,TEE
syn-00563,A1,4,2,2,3,Sport|Francais / Litterature,Electronique / bricolage technique|Travail en equipe|Vente / negociation|Redaction / communication,Droit / justice|Finance / comptabilite|Tourisme / hotellerie|Sante / social,Mixte,Technique / ingenierie,DTJA
syn-00564,D,3,3,3,3,Langues etrangeres|Histoire-Geographie,Travail en equipe|Organisation / gestion de projet|Analyse de donnees / logique|Vente / negociation,Communication / medias|Sciences|Technologie / informatique,Mixte,Commerce / relation client,TEH
syn-00565,L,3,3,2,2,SVT|Economie / Gestion,Organisation / gestion de projet|Electronique / bricolage technique|Vente / negociation,Finance / comptabilite|Sante / social|Agriculture / environnement|Sciences,Laboratoire,Gestion / management|Creation / design,FIC
syn-00566,L,1,3,3,3,Physique-Chimie|Francais / Litterature,Analyse de donnees / logique|Electronique / bricolage technique,Sciences|Tourisme / hotellerie,Mixte,Commerce / relation client,TEH
syn-00567,S,5,4,3,3,Economie / Gestion|Arts,Vente / negociation|Organisation / gestion de projet|Creativite / design|Electronique / bricolage technique,Finance / comptabilite|Communication / medias,Atelier / usine,Entrepreneur / independant|Creation / design,EMII
syn-00568,S,4,3,4,3,Physique-Chimie|Economie / Gestion,Programmation|Analyse de donnees / logique,Communication / medias|Finance / comptabilite,Atelier / usine,Technique / ingenierie,EMII
syn-00569,A1,3,3,5,3,Economie / Gestion|Histoire-Geographie,Programmation|Creativite / design,Finance / comptabilite|BTP / construction,Bureau,Technique / ingenierie,FIC
syn-00570,D,4,3,4,3,Informatique / Technologie|Economie / Gestion,Electronique / bricolage technique|Creativite / design,Entrepreneuriat / business|Sante / social|Technologie / informatique,Laboratoire,Recherche / enseignement,IMTICIA
syn-00571,S,4,3,2,1,SVT|Arts,Creativite / design|Analyse de donnees / logique|Vente / negociation|Redaction / communication,Communication / medias|Sante / social,Bureau,Creation / design,IMTICIA
syn-00572,A1,1,4,4,3,Informatique / Technologie|SVT|Francais / Litterature,Redaction / communication|Programmation|Travail en equipe,Droit / justice|Agriculture / environnement|Communication / medias,Bureau,Commerce / relation client,DTJA
syn-00573,C,3,3,4,5,Informatique / Technologie|Physique-Chimie|Economie / Gestion,Vente / negociation|Travail en equipe|Organisation / gestion de projet|Redaction / communication,Sante / social|Finance / comptabilite|Agriculture / environnement|BTP / construction,Bureau,Recherche / enseignement,EMP
syn-00574,S,3,3,3,3,Langues etrangeres|SVT|Informatique / Technologie,Travail en equipe|Programmation,Sciences|Technologie / informatique|Sante / social|Agriculture / environnement,Laboratoire,Technique / ingenierie|Entrepreneur / independant,IGGLIA
syn-00575,L,3,2,3,2,Informatique / Technologie|SVT,Organisation / gestion de projet|Travail en equipe|Programmation,Sante / social|Communication / medias|Finance / comptabilite,Mixte,Creation / design,TEH
syn-00576,A2,3,3,5,3,Langues etrangeres|Informatique / Technologie|Arts,Programmation|Electronique / bricolage technique,Communication / medias|Droit / justice,Bureau,Recherche / enseignement|Creation / design,DTJA
syn-00577,A2,4,4,5,4,Francais / Litterature|Informatique / Technologie,Electronique / bricolage technique|Programmation|Travail en equipe|Creativite / design,Technologie / informatique|BTP / construction,Atelier / usine,Entrepreneur / independant|Recherche / enseignement,TEH
syn-00578,A2,3,3,3,3,SVT|Economie / Gestion|Sport,Programmation|Vente / negociation|Electronique / bricolage technique,Sante / social|BTP / construction,Atelier / usine,Recherche / enseignement|Entrepreneur / independant,PIP
syn-00579,C,3,4,2,2,Sport|Mathematiques|Arts,Redaction / communication|Creativite / design|Travail en equipe,Technologie / informatique|Sciences,Mixte,Recherche / enseignement,ESIIA
syn-00580,A2,1,3,4,4,Sport|SVT,Creativite / design|Organisation / gestion de projet,Sciences|Sante / social|Finance / comptabilite|Agriculture / environnement,Laboratoire,Commerce / relation client,TEE
syn-00581,D,3,4,2,4,Mathematiques|Informatique / Technologie,Vente / negociation|Electronique / bricolage technique|Creativite / design,Tourisme / hotellerie|Sciences,Bureau,Technique / ingenierie|Creation / design,IGGLIA
syn-00582,D,4,3,2,3,Mathematiques|Histoire-Geographie|Sport,Analyse de donnees / logique|Travail en equipe|Vente / negociation|Organisation / gestion de projet,Agriculture / environnement|Droit / justice,Terrain / exterieur,Entrepreneur / independant|Commerce / relation client,AEE
syn-00583,C,3,4,2,3,SVT|Physique-Chimie|Histoire-Geographie,Electronique / bricolage technique|Redaction / communication|Organisation / gestion de projet|Creativite / design,Agriculture / environnement|Sciences|Sante / social|Tourisme / hotellerie,Bureau,Recherche / enseignement,PIP
syn-00584,Technique agricole,3,5,4,3,Arts|Mathematiques,Analyse de donnees / logique|Electronique / bricolage technique|Travail en equipe|Organisation / gestion de projet,Art / design / audiovisuel|Sciences|Sante / social|Technologie / informatique,Mixte,Creation / design,IAA
syn-00585,S,3,3,3,2,Mathematiques|Sport|Informatique / Technologie,Vente / negociation|Travail en equipe,Sciences|Entrepreneuriat / business|Art / design / audiovisuel,Atelier / usine,Commerce / relation client|Gestion / management,CAA
syn-00586,D,3,4,3,3,Mathematiques|SVT|Informatique / Technologie,Analyse de donnees / logique|Travail en equipe|Redaction / communication|Organisation / gestion de projet,Finance / comptabilite|Technologie / informatique|Droit / justice|Communication / medias,Bureau,Creation / design|Commerce / relation client,IGGLIA
syn-00587,S,4,3,2,2,Physique-Chimie|Histoire-Geographie|Economie / Gestion,Creativite / design|Analyse de donnees / logique|Travail en equipe,BTP / construction|Communication / medias|Entrepreneuriat / business|Sciences,Bureau,Technique / ingenierie,ISAIA
syn-00588,L,3,2,1,5,Histoire-Geographie|SVT|Francais / Litterature,Travail en equipe|Vente / negociation|Programmation,Communication / medias|Tourisme / hotellerie,Atelier / usine,Gestion / management,CAA
syn-00589,A1,3,3,4,4,SVT|Informatique / Technologie|Economie / Gestion,Organisation / gestion de projet|Programmation|Vente / negociation|Analyse de donnees / logique,Sciences|Finance / comptabilite|Entrepreneuriat / business|Communication / medias,Mixte,Commerce / relation client|Entrepreneur / independant,CAA
syn-00590,D,2,3,1,4,Economie / Gestion|SVT,Organisation / gestion de projet|Travail en equipe,Entrepreneuriat / business|Agriculture / environnement|Sante / social|Droit / justice,Bureau,Gestion / management|Commerce / relation client,FIC
syn-00591,D,5,4,4,2,Mathematiques|SVT|Sport,Creativite / design|Programmation|Analyse de donnees / logique|Travail en equipe,Finance / comptabilite|Sciences,Mixte,Gestion / management|Recherche / enseignement,ISAIA
syn-00592,D,2,4,3,3,Sport|Economie / Gestion,Redaction / communication|Analyse de donnees / logique,BTP / construction|Entrepreneuriat / business|Finance / comptabilite|Art / design / audiovisuel,Atelier / usine,Gestion / management|Commerce / relation client,FIC
syn-00593,L,4,2,2,4,Sport|Francais / Litterature,Travail en equipe|Redaction / communication,Finance / comptabilite|Communication / medias,Mixte,Technique / ingenierie,CAA
syn-00594,C,3,4,3,3,Histoire-Geographie|Arts|Francais / Litterature,Redaction / communication|Organisation / gestion de projet|Programmation,Entrepreneuriat / business|Agriculture / environnement|Communication / medias|Droit / justice,Bureau,Gestion / management|Technique / ingenierie,DTJA
syn-00595,C,4,4,3,2,Physique-Chimie|SVT,Vente / negociation|Analyse de donnees / logique,Technologie / informatique|Finance / comptabilite,Laboratoire,Gestion / management,PIP
syn-00596,C,4,4,3,3,SVT|Economie / Gestion|Physique-Chimie,Organisation / gestion de projet|Programmation|Travail en equipe|Analyse de donnees / logique,BTP / construction|Finance / comptabilite,Bureau,Gestion / management|Technique / ingenierie,FIC
syn-00597,Technique industrielle,3,3,2,3,Mathematiques|Informatique / Technologie|Langues etrangeres,Redaction / communication|Electronique / bricolage technique|Creativite / design|Analyse de donnees / logique,Tourisme / hotellerie|Technologie / informatique|Sante / social|Communication / medias,Atelier / usine,Recherche / enseignement|Creation / design,IMTICIA
syn-00598,L,3,2,3,4,Histoire-Geographie|Arts|Francais / Litterature,Redaction / communication|Creativite / design|Vente / negociation|Electronique / bricolage technique,BTP / construction|Finance / comptabilite|Art / design / audiovisuel|Communication / medias,Bureau,Recherche / enseignement,CAA
syn-00599,A2,3,3,2,4,Arts|Francais / Litterature,Programmation|Creativite / design|Redaction / communication|Analyse de donnees / logique,Communication / medias|Agriculture / environnement,Bureau,Gestion / management|Creation / design,EMP
syn-00600,S,3,4,4,4,Histoire-Geographie|SVT|Arts,Electronique / bricolage technique|Analyse de donnees / logique|Redaction / communication,Technologie / informatique|Tourisme / hotellerie|Finance / comptabilite|Droit / justice,Bureau,Entrepreneur / independant|Recherche / enseignement,DTJA
syn-00601,L,1,3,4,3,Langues etrangeres|Histoire-Geographie|Sport,Creativite / design|Electronique / bricolage technique|Analyse de donnees / logique,BTP / construction|Communication / medias|Art / design / audiovisuel|Tourisme / hotellerie,Terrain / exterieur,Recherche / enseignement|Technique / ingenierie,TEE
syn-00602,A2,1,4,3,4,SVT|Physique-Chimie|Francais / Litterature,Vente / negociation|Redaction / communication|Creativite / design|Organisation / gestion de projet,Sante / social|Agriculture / environnement|Sciences|BTP / construction,Bureau,Technique / ingenierie,CAA
syn-00603,C,4,5,2,2,Mathematiques|Histoire-Geographie,Electronique / bricolage technique|Programmation,BTP / construction|Finance / comptabilite,Bureau,Recherche / enseignement,ISAIA
syn-00604,L,1,2,4,3,Physique-Chimie|Langues etrangeres,Electronique / bricolage technique|Vente / negociation|Redaction / communication|Creativite / design,Entrepreneuriat / business|Art / design / audiovisuel|Communication / medias,Atelier / usine,Commerce / relation client|Gestion / management,CAA
syn-00605,S,4,3,3,3,Physique-Chimie|SVT|Informatique / Technologie,Analyse de donnees / logique|Vente / negociation,Sante / social|Communication / medias|BTP / construction|Agriculture / environnement,Bureau,Technique / ingenierie|Recherche / enseignement,PIP
syn-00606,D,2,3,2,3,Mathematiques|Sport,Analyse de donnees / logique|Organisation / gestion de projet|Electronique / bricolage technique|Redaction / communication,Technologie / informatique|Communication / medias,Terrain / exterieur,Gestion / management,EMII
syn-00607,Technique industrielle,3,3,2,4,Economie / Gestion|Sport|Histoire-Geographie,Travail en equipe|Electronique / bricolage technique,Droit / justice|Finance / comptabilite,Mixte,Gestion / management,EMP
syn-00608,Technique industrielle,4,4,4,4,Physique-Chimie|Histoire-Geographie,Analyse de donnees / logique|Creativite / design,Sciences|BTP / construction|Droit / justice|Tourisme / hotellerie,Bureau,Creation / design,ICMP
syn-00609,L,2,2,5,3,Arts|Economie / Gestion,Vente / negociation|Organisation / gestion de projet,Communication / medias|Droit / justice|Sciences,Mixte,Creation / design,DTJA
syn-00610,D,2,3,3,2,Langues etrangeres|Informatique / Technologie,Programmation|Creativite / design,Tourisme / hotellerie|Communication / medias|Sante / social,Bureau,Gestion / management|Creation / design,IMTICIA
syn-00611,S,4,2,4,2,Francais / Litterature|Histoire-Geographie|Langues etrangeres,Redaction / communication|Vente / negociation|Creativite / design|Organisation / gestion de projet,Tourisme / hotellerie|Agriculture / environnement|Communication / medias|Technologie / informatique,Laboratoire,Technique / ingenierie|Commerce / relation client,TEE
syn-00612,D,4,3,2,4,Arts|SVT|Physique-Chimie,Analyse de donnees / logique|Redaction / communication,Sciences|Communication / medias|Agriculture / environnement,Mixte,Entrepreneur / independant,CAA
syn-00613,D,3,5,3,3,SVT|Arts|Sport,Creativite / design|Travail en equipe|Analyse de donnees / logique|Programmation,BTP / construction|Sante / social|Technologie / informatique,Bureau,Recherche / enseignement|Commerce / relation client,PIP
syn-00614,D,4,3,3,3,Francais / Litterature|Mathematiques|Arts,Electronique / bricolage technique|Creativite / design|Redaction / communication|Analyse de donnees / logique,BTP / construction|Technologie / informatique|Communication / medias|Entrepreneuriat / business,Terrain / exterieur,Technique / ingenierie,EMII
syn-00615,C,4,3,1,2,Mathematiques|Sport,Vente / negociation|Travail en equipe|Analyse de donnees / logique|Electronique / bricolage technique,Sciences|Sante / social,Bureau,Gestion / management,ISAIA
syn-00616,S,3,3,4,3,Langues etrangeres|SVT,Electronique / bricolage technique|Travail en equipe|Redaction / communication,Communication / medias|Sciences|BTP / construction|Sante / social,Laboratoire,Recherche / enseignement,PIP
syn-00617,S,5,3,4,3,Langues etrangeres|Economie / Gestion|SVT,Redaction / communication|Vente / negociation|Creativite / design,BTP / construction|Sciences|Sante / social|Entrepreneuriat / business,Bureau,Creation / design|Recherche / enseignement,CAA
syn-00618,A1,3,2,3,3,Mathematiques|Arts|Langues etrangeres,Creativite / design|Organisation / gestion de projet|Travail en equipe,Entrepreneuriat / business|Finance / comptabilite|BTP / construction,Bureau,Gestion / management|Commerce / relation client,CAA
syn-00619,A2,2,2,4,3,Francais / Litterature|SVT,Redaction / communication|Programmation|Electronique / bricolage technique|Organisation / gestion de projet,BTP / construction|Art / design / audiovisuel|Sciences,Atelier / usine,Gestion / management|Recherche / enseignement,EMP
syn-00620,S,2,4,3,3,Langues etrangeres|Informatique / Technologie,Travail en equipe|Programmation,Technologie / informatique|Tourisme / hotellerie|Finance / comptabilite,Terrain / exterieur,Gestion / management|Entrepreneur / independant,IGGLIA
syn-00621,D,3,3,3,3,Histoire-Geographie|SVT|Informatique / Technologie,Analyse de donnees / logique|Programmation|Travail en equipe|Electronique / bricolage technique,Agriculture / environnement|Droit / justice|Sante / social,Laboratoire,Commerce / relation client|Creation / design,PIP
syn-00622,L,3,1,3,5,Arts|Informatique / Technologie,Programmation|Vente / negociation|Electronique / bricolage technique|Travail en equipe,Technologie / informatique|Art / design / audiovisuel|Tourisme / hotellerie,Bureau,Entrepreneur / independant|Recherche / enseignement,FIC
syn-00623,S,4,5,4,2,Langues etrangeres|Francais / Litterature,Vente / negociation|Programmation|Travail en equipe,Tourisme / hotellerie|Droit / justice|Technologie / informatique,Mixte,Entrepreneur / independant,TEH
syn-00624,D,3,4,4,1,Economie / Gestion|Langues etrangeres,Analyse de donnees / logique|Organisation / gestion de projet,Tourisme / hotellerie|Entrepreneuriat / business|Finance / comptabilite|Communication / medias,Bureau,Entrepreneur / independant,TEH
syn-00625,C,3,3,4,4,SVT|Langues etrangeres|Francais / Litterature,Travail en equipe|Organisation / gestion de projet|Redaction / communication,Communication / medias|Tourisme / hotellerie,Mixte,Gestion / management,TEE
syn-00626,S,3,4,2,4,Physique-Chimie|Francais / Litterature,Electronique / bricolage technique|Analyse de donnees / logique|Redaction / communication,Art / design / audiovisuel|Sante / social,Bureau,Gestion / management|Creation / design,PIP
syn-00627,A1,3,3,3,4,Economie / Gestion|SVT|Arts,Creativite / design|Programmation|Redaction / communication|Travail en equipe,Sante / social|Finance / comptabilite|Agriculture / environnement,Terrain / exterieur,Creation / design|Gestion / management,TEE
syn-00628,Technique genie civil,4,4,3,3,Mathematiques|Economie / Gestion|SVT,Vente / negociation|Travail en equipe|Creativite / design,Agriculture / environnement|Entrepreneuriat / business|Finance / comptabilite|BTP / construction,Mixte,Commerce / relation client,CAA
syn-00629,D,4,2,1,3,Francais / Litterature|Sport,Vente / negociation|Redaction / communication,Droit / justice|Sante / social|Tourisme / hotellerie|Communication / medias,Mixte,Recherche / enseignement|Commerce / relation client,CAA
syn-00630,C,4,5,3,3,Mathematiques|Economie / Gestion|Langues etrangeres,Electronique / bricolage technique|Travail en equipe|Redaction / communication|Organisation / gestion de projet,Agriculture / environnement|Droit / justice|Sciences|Entrepreneuriat / business,Bureau,Recherche / enseignement|Entrepreneur / independant,EMII
syn-00631,A1,4,1,3,4,Mathematiques|Informatique / Technologie|Langues etrangeres,Electronique / bricolage technique|Redaction / communication,Communication / medias|Tourisme / hotellerie,Terrain / exterieur,Technique / ingenierie,TEE
syn-00632,Technique genie civil,5,4,3,3,SVT|Arts,Organisation / gestion de projet|Analyse de donnees / logique|Programmation|Creativite / design,Sciences|Art / design / audiovisuel|Communication / medias|Agriculture / environnement,Atelier / usine,Technique / ingenierie,FIC
syn-00633,D,2,4,5,4,Mathematiques|Langues etrangeres,Analyse de donnees / logique|Programmation|Creativite / design|Redaction / communication,Droit / justice|Technologie / informatique|Art / design / audiovisuel|Communication / medias,Bureau,Commerce / relation client,IMTICIA
syn-00634,A2,3,4,2,3,Arts|Sport|Mathematiques,Creativite / design|Travail en equipe,Art / design / audiovisuel|Technologie / informatique,Bureau,Creation / design,TEH
syn-00635,A2,3,3,5,2,Langues etrangeres|Informatique / Technologie,Electronique / bricolage technique|Redaction / communication|Programmation,Technologie / informatique|Tourisme / hotellerie|Communication / medias|BTP / construction,Terrain / exterieur,Entrepreneur / independant,TEE
syn-00636,A1,1,3,3,3,Informatique / Technologie|Sport,Travail en equipe|Programmation|Electronique / bricolage technique|Creativite / design,Droit / justice|Tourisme / hotellerie|Communication / medias,Mixte,Gestion / management|Commerce / relation client,TEH
syn-00637,Technique industrielle,2,3,3,4,Histoire-Geographie|Langues etrangeres,Electronique / bricolage technique|Analyse de donnees / logique|Redaction / communication|Programmation,Tourisme / hotellerie|Sante / social|Communication / medias,Mixte,Creation / design,TEH
syn-00638,S,4,2,4,3,Economie / Gestion|Mathematiques,Travail en equipe|Analyse de donnees / logique,Finance / comptabilite|Droit / justice|Sciences|Technologie / informatique,Mixte,Entrepreneur / independant,ISAIA
syn-00639,A1,4,3,2,4,Mathematiques|Arts|Physique-Chimie,Analyse de donnees / logique|Electronique / bricolage technique,Sciences|Finance / comptabilite|BTP / construction|Art / design / audiovisuel,Terrain / exterieur,Recherche / enseignement|Commerce / relation client,FIC
syn-00640,D,3,3,5,3,Histoire-Geographie|SVT|Mathematiques,Vente / negociation|Analyse de donnees / logique,Sciences|Finance / comptabilite|Droit / justice,Terrain / exterieur,Recherche / enseignement|Gestion / management,ISAIA
syn-00641,D,3,3,4,3,SVT|Arts|Informatique / Technologie,Creativite / design|Programmation|Analyse de donnees / logique,Communication / medias|Sciences,Atelier / usine,Recherche / enseignement,IMTICIA
syn-00642,D,4,4,4,2,Langues etrangeres|Arts|SVT,Creativite / design|Analyse de donnees / logique|Redaction / communication,Art / design / audiovisuel|Communication / medias,Bureau,Technique / ingenierie,IMTICIA
syn-00643,S,5,3,2,4,Mathematiques|Histoire-Geographie,Programmation|Redaction / communication,Sciences|Finance / comptabilite,Bureau,Creation / design,IGGLIA
syn-00644,S,4,3,3,3,Informatique / Technologie|SVT|Sport,Travail en equipe|Electronique / bricolage technique|Programmation|Organisation / gestion de projet,Agriculture / environnement|Sante / social|Droit / justice,Terrain / exterieur,Entrepreneur / independant,AEE
syn-00645,L,4,3,3,3,Sport|Francais / Litterature|Physique-Chimie,Electronique / bricolage technique|Vente / negociation|Analyse de donnees / logique,BTP / construction|Sciences|Communication / medias,Bureau,Entrepreneur / independant|Commerce / relation client,CAA
syn-00646,D,3,3,3,3,Francais / Litterature|Mathematiques|SVT,Creativite / design|Analyse de donnees / logique,Art / design / audiovisuel|Droit / justice,Mixte,Commerce / relation client|Creation / design,IMTICIA
syn-00647,A2,3,4,4,3,Physique-Chimie|Informatique / Technologie|Arts,Travail en equipe|Vente / negociation,BTP / construction|Communication / medias|Technologie / informatique,Bureau,Recherche / enseignement|Creation / design,CAA
syn-00648,A2,3,4,3,4,Sport|Informatique / Technologie,Redaction / communication|Programmation,Droit / justice|Technologie / informatique,Bureau,Gestion / management|Recherche / enseignement,DTJA
syn-00649,L,3,4,4,4,SVT|Mathematiques,Analyse de donnees / logique|Vente / negociation|Organisation / gestion de projet|Creativite / design,Sante / social|Technologie / informatique|Sciences|Finance / comptabilite,Mixte,Gestion / management,EMP
syn-00650,L,3,4,3,3,Histoire-Geographie|Langues etrangeres|Economie / Gestion,Vente / negociation|Redaction / communication,Tourisme / hotellerie|Droit / justice|Communication / medias|Agriculture / environnement,Terrain / exterieur,Entrepreneur / independant|Commerce / relation client,CAA
syn-00651,Technique genie civil,3,4,3,3,Francais / Litterature|Sport,Creativite / design|Vente / negociation,Sciences|Agriculture / environnement|Droit / justice|Entrepreneuriat / business,Mixte,Gestion / management|Commerce / relation client,CAA
syn-00652,A2,2,3,3,4,Mathematiques|Histoire-Geographie,Electronique / bricolage technique|Analyse de donnees / logique|Vente / negociation|Redaction / communication,Droit / justice|Sciences|Agriculture / environnement,Terrain / exterieur,Recherche / enseignement,DTJA
syn-00653,S,3,4,2,3,Mathematiques|Physique-Chimie,Electronique / bricolage technique|Vente / negociation,Finance / comptabilite|Technologie / informatique,Mixte,Gestion / management,ESIIA
syn-00654,Technique genie civil,4,2,3,4,Mathematiques|Sport,Creativite / design|Travail en equipe|Programmation|Analyse de donnees / logique,Technologie / informatique|Sciences,Mixte,Creation / design|Gestion / management,GCA
syn-00655,D,3,4,3,2,Informatique / Technologie|Economie / Gestion|Physique-Chimie,Electronique / bricolage technique|Organisation / gestion de projet|Analyse de donnees / logique|Travail en equipe,Finance / comptabilite|Art / design / audiovisuel|Sciences,Mixte,Technique / ingenierie,EMII
syn-00656,Technique industrielle,4,3,4,3,SVT|Francais / Litterature,Redaction / communication|Creativite / design,Sante / social|Art / design / audiovisuel|Entrepreneuriat / business|BTP / construction,Terrain / exterieur,Creation / design,IMTICIA
syn-00657,A1,3,4,3,3,Francais / Litterature|Economie / Gestion,Redaction / communication|Programmation|Organisation / gestion de projet,Agriculture / environnement|Communication / medias|Finance / comptabilite,Bureau,Gestion / management,FIC
syn-00658,D,1,3,3,3,Arts|Histoire-Geographie,Redaction / communication|Creativite / design|Travail en equipe,Communication / medias|Entrepreneuriat / business|Tourisme / hotellerie,Bureau,Recherche / enseignement|Entrepreneur / independant,CAA
syn-00659,D,3,3,3,5,Langues etrangeres|Histoire-Geographie,Programmation|Travail en equipe|Creativite / design|Redaction / communication,BTP / construction|Communication / medias|Agriculture / environnement,Atelier / usine,Creation / design|Recherche / enseignement,IMTICIA
syn-00660,Technique industrielle,2,4,3,4,Economie / Gestion|Physique-Chimie|Histoire-Geographie,Electronique / bricolage technique|Analyse de donnees / logique,Sciences|Entrepreneuriat / business,Terrain / exterieur,Commerce / relation client|Creation / design,ICMP
syn-00661,Technique genie civil,4,4,3,2,Physique-Chimie|Arts,Analyse de donnees / logique|Electronique / bricolage technique,Art / design / audiovisuel|Droit / justice|Communication / medias|Tourisme / hotellerie,Bureau,Gestion / management|Creation / design,DTJA
syn-00662,A1,2,3,4,4,Informatique / Technologie|SVT,Redaction / communication|Organisation / gestion de projet,Sante / social|Sciences|Technologie / informatique,Bureau,Technique / ingenierie|Creation / design,DTJA
syn-00663,Technique agricole,3,3,3,4,Economie / Gestion|Physique-Chimie,Vente / negociation|Travail en equipe|Organisation / gestion de projet,BTP / construction|Sciences|Art / design / audiovisuel|Agriculture / environnement,Bureau,Gestion / management,EMP
syn-00664,L,4,3,3,2,Mathematiques|Economie / Gestion|Francais / Litterature,Redaction / communication|Vente / negociation|Creativite / design|Organisation / gestion de projet,Agriculture / environnement|Sante / social|Technologie / informatique,Bureau,Commerce / relation client,DTJA
syn-00665,D,3,3,4,3,Arts|Informatique / Technologie,Analyse de donnees / logique|Programmation,Entrepreneuriat / business|Technologie / informatique,Bureau,Entrepreneur / independant|Recherche / enseignement,IGGLIA
syn-00666,Technique agricole,5,5,3,4,Economie / Gestion|Physique-Chimie,Redaction / communication|Analyse de donnees / logique,Art / design / audiovisuel|Sciences,Mixte,Creation / design,PIP
syn-00667,D,3,3,4,2,Physique-Chimie|Informatique / Technologie,Redaction / communication|Programmation|Vente / negociation,Sciences|Technologie / informatique|Sante / social|Tourisme / hotellerie,Laboratoire,Commerce / relation client|Creation / design,TEE
syn-00668,C,4,3,4,4,SVT|Mathematiques|Sport,Programmation|Vente / negociation|Analyse de donnees / logique|Travail en equipe,Technologie / informatique|Tourisme / hotellerie,Bureau,Gestion / management|Technique / ingenierie,IGGLIA
syn-00669,A2,3,3,3,4,Sport|Francais / Litterature|Physique-Chimie,Vente / negociation|Analyse de donnees / logique|Electronique / bricolage technique,Droit / justice|Sciences|Entrepreneuriat / business,Laboratoire,Commerce / relation client|Recherche / enseignement,PIP
syn-00670,D,4,4,3,3,Informatique / Technologie|Francais / Litterature|Histoire-Geographie,Programmation|Organisation / gestion de projet,BTP / construction|Droit / justice|Entrepreneuriat / business|Agriculture / environnement,Terrain / exterieur,Recherche / enseignement|Creation / design,GCA
syn-00671,D,4,3,2,4,Economie / Gestion|Mathematiques|Histoire-Geographie,Organisation / gestion de projet|Analyse de donnees / logique,Technologie / informatique|Sciences|Finance / comptabilite,Atelier / usine,Gestion / management|Entrepreneur / independant,FIC
syn-00672,A2,1,3,3,4,Francais / Litterature|Arts|Langues etrangeres,Redaction / communication|Programmation,Sante / social|Sciences|Communication / medias,Terrain / exterieur,Technique / ingenierie,TEE
syn-00673,S,4,4,4,4,Arts|Histoire-Geographie|Informatique / Technologie,Electronique / bricolage technique|Programmation,Tourisme / hotellerie|Finance / comptabilite|Entrepreneuriat / business,Bureau,Recherche / enseignement|Technique / ingenierie,TEE
syn-00674,L,2,3,1,3,Sport|Arts,Analyse de donnees / logique|Electronique / bricolage technique|Travail en equipe,Art / design / audiovisuel|Sciences|Communication / medias,Bureau,Recherche / enseignement,CAA
syn-00675,C,4,3,3,2,Physique-Chimie|Sport|Economie / Gestion,Electronique / bricolage technique|Organisation / gestion de projet|Travail en equipe,Finance / comptabilite|Entrepreneuriat / business,Mixte,Commerce / relation client|Creation / design,CAA
syn-00676,S,4,4,2,3,Langues etrangeres|Sport|Physique-Chimie,Electronique / bricolage technique|Redaction / communication|Analyse de donnees / logique,Communication / medias|Tourisme / hotellerie,Bureau,Gestion / management|Commerce / relation client,EMII
syn-00677,C,2,1,4,3,Arts|Mathematiques,Creativite / design|Programmation,Finance / comptabilite|Entrepreneuriat / business|BTP / construction|Communication / medias,Atelier / usine,Gestion / management|Commerce / relation client,GCA
syn-00678,C,4,4,3,3,Langues etrangeres|Arts|Sport,Creativite / design|Redaction / communication,Sciences|Communication / medias|Tourisme / hotellerie|Art / design / audiovisuel,Bureau,Technique / ingenierie,IMTICIA
syn-00679,S,3,3,3,2,SVT|Informatique / Technologie,Electronique / bricolage technique|Creativite / design|Programmation,Finance / comptabilite|Agriculture / environnement,Atelier / usine,Recherche / enseignement,ESIIA
syn-00680,S,5,3,4,4,Physique-Chimie|Economie / Gestion|Histoire-Geographie,Organisation / gestion de projet|Electronique / bricolage technique,Finance / comptabilite|Entrepreneuriat / business|Sante / social|BTP / construction,Atelier / usine,Entrepreneur / independant|Technique / ingenierie,EMII
syn-00681,S,2,2,4,2,Mathematiques|Francais / Litterature|Informatique / Technologie,Electronique / bricolage technique|Analyse de donnees / logique,Communication / medias|Droit / justice,Mixte,Creation / design,DTJA
syn-00682,D,4,5,3,3,Mathematiques|Economie / Gestion|Sport,Organisation / gestion de projet|Travail en equipe|Vente / negociation|Analyse de donnees / logique,Entrepreneuriat / business|Technologie / informatique|Tourisme / hotellerie|Finance / comptabilite,Atelier / usine,Entrepreneur / independant,ISAIA
syn-00683,S,4,3,4,3,SVT|Francais / Litterature|Sport,Redaction / communication|Travail en equipe|Analyse de donnees / logique|Electronique / bricolage technique,Sante / social|Agriculture / environnement|Sciences|Technologie / informatique,Bureau,Creation / design,ISAIA
syn-00684,D,1,3,2,3,Arts|Langues etrangeres|Histoire-Geographie,Electronique / bricolage technique|Creativite / design,Communication / medias|Finance / comptabilite,Terrain / exterieur,Technique / ingenierie,IMTICIA
syn-00685,D,4,5,5,3,Francais / Litterature|Langues etrangeres|Economie / Gestion,Vente / negociation|Redaction / communication|Travail en equipe,Sante / social|Communication / medias|Art / design / audiovisuel|Tourisme / hotellerie,Mixte,Commerce / relation client,TEH
syn-00686,C,5,4,2,3,Physique-Chimie|Mathematiques,Organisation / gestion de projet|Electronique / bricolage technique,Sciences|Sante / social|Finance / comptabilite,Bureau,Recherche / enseignement|Gestion / management,FIC
syn-00687,S,3,4,3,2,Langues etrangeres|Sport,Travail en equipe|Redaction / communication,Technologie / informatique|Tourisme / hotellerie,Bureau,Creation / design|Entrepreneur / independant,TEH
syn-00688,C,3,5,5,3,Histoire-Geographie|Economie / Gestion,Vente / negociation|Redaction / communication|Programmation,Droit / justice|Tourisme / hotellerie,Bureau,Technique / ingenierie,TEH
syn-00689,D,4,3,2,4,Histoire-Geographie|Mathematiques|Economie / Gestion,Vente / negociation|Travail en equipe|Organisation / gestion de projet|Redaction / communication,Sciences|Entrepreneuriat / business,Bureau,Gestion / management|Entrepreneur / independant,CAA
syn-00690,A2,2,3,5,3,SVT|Economie / Gestion,Organisation / gestion de projet|Travail en equipe|Vente / negociation|Redaction / communication,Finance / comptabilite|Sciences|Sante / social,Terrain / exterieur,Technique / ingenierie|Creation / design,CAA
syn-00691,D,4,3,2,2,Mathematiques|Sport|Langues etrangeres,Analyse de donnees / logique|Vente / negociation|Travail en equipe,Droit / justice|Finance / comptabilite,Atelier / usine,Entrepreneur / independant,ISAIA
syn-00692,S,3,3,3,3,Informatique / Technologie|Economie / Gestion|Histoire-Geographie,Programmation|Electronique / bricolage technique|Organisation / gestion de projet|Travail en equipe,Sciences|Communication / medias|Entrepreneuriat / business|Droit / justice,Bureau,Entrepreneur / independant|Creation / design,EMP
syn-00693,A2,4,2,3,3,Mathematiques|Histoire-Geographie,Organisation / gestion de projet|Programmation,Finance / comptabilite|Sciences|Tourisme / hotellerie|Sante / social,Mixte,Recherche / enseignement,FIC
syn-00694,S,4,3,3,2,Mathematiques|Langues etrangeres,Analyse de donnees / logique|Redaction / communication|Organisation / gestion de projet,Sciences|Communication / medias|Agriculture / environnement,Mixte,Entrepreneur / independant,ISAIA
syn-00695,C,2,2,3,3,Economie / Gestion|Francais / Litterature,Organisation / gestion de projet|Travail en equipe,Droit / justice|Tourisme / hotellerie|Entrepreneuriat / business,Bureau,Recherche / enseignement,DTJA
syn-00696,C,4,2,3,2,Informatique / Technologie|Physique-Chimie|SVT,Electronique / bricolage technique|Analyse de donnees / logique|Programmation|Redaction / communication,Tourisme / hotellerie|Technologie / informatique|BTP / construction,Bureau,Gestion / management|Recherche / enseignement,IGGLIA
syn-00697,S,4,5,3,3,Sport|Arts|Physique-Chimie,Organisation / gestion de projet|Analyse de donnees / logique|Travail en equipe|Programmation,Communication / medias|Art / design / audiovisuel,Bureau,Gestion / management,IMTICIA
syn-00698,L,1,2,3,5,Economie / Gestion|SVT|Informatique / Technologie,Creativite / design|Organisation / gestion de projet,Technologie / informatique|Entrepreneuriat / business,Mixte,Gestion / management|Technique / ingenierie,EMP
syn-00699,Technique industrielle,3,2,2,3,Arts|Mathematiques|SVT,Vente / negociation|Redaction / communication,Finance / comptabilite|Sciences,Terrain / exterieur,Creation / design,FIC
syn-00700,C,3,3,3,3,Economie / Gestion|SVT|Histoire-Geographie,Electronique / bricolage technique|Vente / negociation,Sante / social|Droit / justice|Agriculture / environnement|Sciences,Mixte,Creation / design|Technique / ingenierie,PIP
syn-00701,C,4,4,4,2,Mathematiques|Langues etrangeres|Physique-Chimie,Redaction / communication|Organisation / gestion de projet|Analyse de donnees / logique,BTP / construction|Art / design / audiovisuel,Bureau,Creation / design,IMTICIA
syn-00702,D,3,4,4,3,Mathematiques|Economie / Gestion,Programmation|Creativite / design|Analyse de donnees / logique|Organisation / gestion de projet,Art / design / audiovisuel|Tourisme / hotellerie,Terrain / exterieur,Commerce / relation client|Recherche / enseignement,ISAIA
syn-00703,L,1,2,4,3,Sport|Langues etrangeres|Physique-Chimie,Redaction / communication|Electronique / bricolage technique|Vente / negociation,Finance / comptabilite|Communication / medias|Tourisme / hotellerie|Sciences,Bureau,Recherche / enseignement,TEH
syn-00704,C,3,4,4,2,Informatique / Technologie|Physique-Chimie|Arts,Electronique / bricolage technique|Organisation / gestion de projet,Communication / medias|Technologie / informatique|Sciences,Terrain / exterieur,Recherche / enseignement,EMII
syn-00705,D,4,4,4,3,Francais / Litterature|SVT|Langues etrangeres,Redaction / communication|Analyse de donnees / logique,Sciences|Communication / medias|Tourisme / hotellerie,Terrain / exterieur,Technique / ingenierie|Creation / design,TEE
syn-00706,S,4,5,2,5,Sport|Arts|Economie / Gestion,Vente / negociation|Creativite / design|Organisation / gestion de projet,Art / design / audiovisuel|Entrepreneuriat / business,Terrain / exterieur,Gestion / management|Recherche / enseignement,EMP
syn-00707,D,4,4,4,3,Mathematiques|Informatique / Technologie,Analyse de donnees / logique|Programmation|Electronique / bricolage technique,Communication / medias|Art / design / audiovisuel|Sciences|Tourisme / hotellerie,Bureau,Gestion / management|Technique / ingenierie,ISAIA
syn-00708,Technique industrielle,2,5,4,1,Langues etrangeres|Mathematiques|SVT,Programmation|Analyse de donnees / logique,Droit / justice|Sciences|Tourisme / hotellerie|Finance / comptabilite,Mixte,Gestion / management|Creation / design,ICMP
syn-00709,S,3,3,3,3,Langues etrangeres|Histoire-Geographie|Mathematiques,Travail en equipe|Analyse de donnees / logique|Programmation|Vente / negociation,Droit / justice|Entrepreneuriat / business|Sciences,Mixte,Entrepreneur / independant|Commerce / relation client,CAA
syn-00710,A2,2,3,4,4,Mathematiques|Francais / Litterature|Physique-Chimie,Analyse de donnees / logique|Vente / negociation|Electronique / bricolage technique|Redaction / communication,Sciences|Sante / social|BTP / construction,Mixte,Recherche / enseignement|Technique / ingenierie,DTJA
syn-00711,A1,2,2,4,2,Arts|Langues etrangeres,Creativite / design|Electronique / bricolage technique|Travail en equipe,Sante / social|Tourisme / hotellerie|Art / design / audiovisuel,Terrain / exterieur,Commerce / relation client|Recherche / enseignement,TEH
syn-00712,D,3,5,3,2,Economie / Gestion|Mathematiques|SVT,Vente / negociation|Analyse de donnees / logique|Electronique / bricolage technique|Organisation / gestion de projet,Entrepreneuriat / business|Sciences|BTP / construction,Mixte,Entrepreneur / independant|Technique / ingenierie,ISAIA
syn-00713,S,2,2,2,3,Physique-Chimie|SVT,Travail en equipe|Vente / negociation|Analyse de donnees / logique|Organisation / gestion de projet,Sante / social|BTP / construction,Bureau,Recherche / enseignement|Commerce / relation client,PIP
syn-00714,A1,1,3,5,5,Sport|SVT,Redaction / communication|Travail en equipe|Creativite / design|Organisation / gestion de projet,Agriculture / environnement|Droit / justice|Sante / social|Sciences,Mixte,Commerce / relation client|Recherche / enseignement,TEE
syn-00715,D,3,3,3,2,Informatique / Technologie|Mathematiques|Francais / Litterature,Electronique / bricolage technique|Creativite / design|Redaction / communication,Droit / justice|Sciences|Communication / medias,Laboratoire,Gestion / management|Recherche / enseignement,IMTICIA
syn-00716,D,5,5,3,4,Informatique / Technologie|SVT|Mathematiques,Electronique / bricolage technique|Vente / negociation,Technologie / informatique|Communication / medias|Agriculture / environnement,Mixte,Technique / ingenierie,EMII
syn-00717,C,2,3,3,3,Physique-Chimie|SVT|Histoire-Geographie,Analyse de donnees / logique|Electronique / bricolage technique,BTP / construction|Tourisme / hotellerie|Sante / social,Bureau,Recherche / enseignement|Gestion / management,PIP
syn-00718,A1,3,1,4,2,Langues etrangeres|Francais / Litterature|SVT,Redaction / communication|Creativite / design,BTP / construction|Tourisme / hotellerie|Droit / justice,Mixte,Commerce / relation client,TEH
syn-00719,S,4,4,4,3,Economie / Gestion|Sport,Travail en equipe|Organisation / gestion de projet|Vente / negociation,Finance / comptabilite|Tourisme / hotellerie|Sante / social,Terrain / exterieur,Technique / ingenierie|Creation / design,TEE
syn-00720,D,2,4,2,3,Arts|SVT,Creativite / design|Redaction / communication|Vente / negociation|Travail en equipe,Communication / medias|Sciences,Atelier / usine,Gestion / management,PIP
syn-00721,A1,2,1,3,4,Histoire-Geographie|Economie / Gestion,Analyse de donnees / logique|Redaction / communication|Vente / negociation|Travail en equipe,Art / design / audiovisuel|Tourisme / hotellerie,Bureau,Entrepreneur / independant,CAA
syn-00722,L,2,2,2,3,Arts|Physique-Chimie,Electronique / bricolage technique|Programmation|Creativite / design|Vente / negociation,Art / design / audiovisuel|Entrepreneuriat / business|BTP / construction,Laboratoire,Technique / ingenierie|Entrepreneur / independant,CAA
syn-00723,D,2,4,3,4,Langues etrangeres|Mathematiques,Programmation|Redaction / communication|Analyse de donnees / logique|Vente / negociation,Communication / medias|Tourisme / hotellerie|Art / design / audiovisuel,Terrain / exterieur,Recherche / enseignement|Gestion / management,CAA
syn-00724,D,2,4,4,1,Economie / Gestion|Francais / Litterature|Arts,Redaction / communication|Organisation / gestion de projet,Communication / medias|Finance / comptabilite|Agriculture / environnement|Sante / social,Laboratoire,Recherche / enseignement,IMTICIA
syn-00725,L,3,3,3,2,SVT|Economie / Gestion,Travail en equipe|Organisation / gestion de projet|Redaction / communication|Electronique / bricolage technique,Entrepreneuriat / business|Finance / comptabilite,Terrain / exterieur,Creation / design|Recherche / enseignement,TEE
syn-00726,S,5,1,3,4,Histoire-Geographie|Economie / Gestion,Vente / negociation|Programmation|Redaction / communication,Tourisme / hotellerie|Communication / medias,Atelier / usine,Commerce / relation client,CAA
syn-00727,C,4,4,2,3,Arts|Physique-Chimie|Langues etrangeres,Analyse de donnees / logique|Vente / negociation|Creativite / design,Communication / medias|BTP / construction|Art / design / audiovisuel|Finance / comptabilite,Mixte,Commerce / relation client|Entrepreneur / independant,IMTICIA
syn-00728,S,3,5,3,4,Economie / Gestion|Mathematiques|SVT,Organisation / gestion de projet|Creativite / design,Finance / comptabilite|Sciences|Entrepreneuriat / business,Laboratoire,Creation / design|Recherche / enseignement,IAA
syn-00729,Technique industrielle,2,2,3,4,SVT|Francais / Litterature,Electronique / bricolage technique|Organisation / gestion de projet|Programmation,Agriculture / environnement|Entrepreneuriat / business|Finance / comptabilite,Terrain / exterieur,Technique / ingenierie|Commerce / relation client,CAA
syn-00730,C,3,4,3,3,Mathematiques|Physique-Chimie|SVT,Electronique / bricolage technique|Programmation,Sciences|Agriculture / environnement|Entrepreneuriat / business|Sante / social,Bureau,Gestion / management,PIP
syn-00731,L,2,2,4,2,Histoire-Geographie|Sport|Arts,Travail en equipe|Creativite / design,Art / design / audiovisuel|Droit / justice|Technologie / informatique|Tourisme / hotellerie,Laboratoire,Technique / ingenierie,TEH
syn-00732,D,3,4,3,1,Physique-Chimie|Economie / Gestion,Redaction / communication|Vente / negociation,Sciences|Droit / justice,Atelier / usine,Commerce / relation client|Entrepreneur / independant,CAA
syn-00733,S,5,4,3,3,Sport|Informatique / Technologie|SVT,Travail en equipe|Programmation|Organisation / gestion de projet,BTP / construction|Entrepreneuriat / business|Technologie / informatique,Laboratoire,Recherche / enseignement|Commerce / relation client,ISAIA
syn-00734,S,3,5,2,2,Sport|Histoire-Geographie,Creativite / design|Travail en equipe|Electronique / bricolage technique,Sante / social|Droit / justice|Entrepreneuriat / business,Laboratoire,Technique / ingenierie|Commerce / relation client,PIP
syn-00735,D,3,5,3,3,Francais / Litterature|Informatique / Technologie|Arts,Programmation|Electronique / bricolage technique,Art / design / audiovisuel|Communication / medias,Bureau,Creation / design|Commerce / relation client,IMTICIA
syn-00736,A2,2,1,3,3,Physique-Chimie|Mathematiques|Arts,Electronique / bricolage technique|Analyse de donnees / logique|Creativite / design,Communication / medias|Finance / comptabilite,Laboratoire,Gestion / management|Creation / design,FIC
syn-00737,A1,2,2,5,3,SVT|Physique-Chimie,Creativite / design|Analyse de donnees / logique|Electronique / bricolage technique|Travail en equipe,Technologie / informatique|Finance / comptabilite|Sante / social|Sciences,Mixte,Gestion / management,DTJA
syn-00738,D,3,4,4,3,Mathematiques|Sport|SVT,Analyse de donnees / logique|Travail en equipe|Programmation|Creativite / design,Technologie / informatique|Droit / justice|Agriculture / environnement|BTP / construction,Mixte,Recherche / enseignement,IGGLIA
syn-00739,C,4,4,3,3,SVT|Physique-Chimie,Analyse de donnees / logique|Electronique / bricolage technique|Organisation / gestion de projet,BTP / construction|Sciences|Agriculture / environnement,Terrain / exterieur,Gestion / management,GCA
syn-00740,S,3,3,2,3,Arts|Mathematiques|Histoire-Geographie,Travail en equipe|Redaction / communication|Organisation / gestion de projet,Sante / social|Finance / comptabilite|Agriculture / environnement|Art / design / audiovisuel,Bureau,Entrepreneur / independant,FIC
syn-00741,S,3,4,3,4,Histoire-Geographie|SVT|Langues etrangeres,Organisation / gestion de projet|Travail en equipe|Analyse de donnees / logique|Creativite / design,Tourisme / hotellerie|Communication / medias|Entrepreneuriat / business|Finance / comptabilite,Mixte,Creation / design|Commerce / relation client,TEE
syn-00742,C,5,4,4,2,Langues etrangeres|Mathematiques,Redaction / communication|Creativite / design,Communication / medias|Tourisme / hotellerie|Sciences,Laboratoire,Creation / design,ISAIA
syn-00743,C,4,3,2,4,Sport|Physique-Chimie,Organisation / gestion de projet|Vente / negociation|Electronique / bricolage technique|Travail en equipe,Sante / social|Finance / comptabilite|Sciences|Art / design / audiovisuel,Bureau,Entrepreneur / independant,FIC
syn-00744,A2,3,1,3,4,Histoire-Geographie|Francais / Litterature,Travail en equipe|Vente / negociation|Redaction / communication|Electronique / bricolage technique,Art / design / audiovisuel|Droit / justice,Bureau,Entrepreneur / independant,CAA
syn-00745,S,3,3,3,4,Physique-Chimie|Economie / Gestion,Programmation|Organisation / gestion de projet|Electronique / bricolage technique|Vente / negociation,Agriculture / environnement|Technologie / informatique|BTP / construction,Bureau,Gestion / management,FIC
syn-00746,D,2,2,3,2,Histoire-Geographie|Mathematiques|Sport,Analyse de donnees / logique|Organisation / gestion de projet|Travail en equipe|Creativite / design,Tourisme / hotellerie|Agriculture / environnement|Sante / social|Technologie / informatique,Terrain / exterieur,Entrepreneur / independant,CAA
syn-00747,D,4,3,3,3,SVT|Physique-Chimie|Mathematiques,Analyse de donnees / logique|Redaction / communication,Sciences|Agriculture / environnement|Droit / justice,Bureau,Gestion / management,ISAIA
syn-00748,A1,2,4,5,2,Histoire-Geographie|Mathematiques|Sport,Organisation / gestion de projet|Electronique / bricolage technique|Analyse de donnees / logique|Programmation,Art / design / audiovisuel|Tourisme / hotellerie|Entrepreneuriat / business|Droit / justice,Mixte,Recherche / enseignement,TEH
syn-00749,Technique genie civil,2,4,2,3,Economie / Gestion|Sport,Creativite / design|Redaction / communication,Entrepreneuriat / business|Technologie / informatique|Agriculture / environnement,Bureau,Gestion / management|Technique / ingenierie,FIC
syn-00750,D,3,3,2,3,Sport|Informatique / Technologie,Electronique / bricolage technique|Organisation / gestion de projet|Creativite / design|Travail en equipe,Finance / comptabilite|Tourisme / hotellerie|Art / design / audiovisuel,Mixte,Entrepreneur / independant,ESIIA
syn-00751,A2,4,3,3,4,Informatique / Technologie|Mathematiques,Analyse de donnees / logique|Redaction / communication|Programmation|Travail en equipe,Technologie / informatique|Sciences|Finance / comptabilite,Mixte,Technique / ingenierie|Creation / design,AEE
syn-00752,D,2,2,3,2,Sport|Economie / Gestion|Mathematiques,Organisation / gestion de projet|Programmation,Sciences|Finance / comptabilite|Entrepreneuriat / business,Terrain / exterieur,Technique / ingenierie,ISAIA
syn-00753,A2,3,3,4,3,Langues etrangeres|Physique-Chimie|Informatique / Technologie,Electronique / bricolage technique|Travail en equipe,Tourisme / hotellerie|BTP / construction|Droit / justice,Terrain / exterieur,Entrepreneur / independant|Recherche / enseignement,TEH
syn-00754,A2,2,2,3,3,Sport|Mathematiques,Programmation|Redaction / communication,Entrepreneuriat / business|Sante / social|Droit / justice|Sciences,Bureau,Entrepreneur / independant|Technique / ingenierie,DTJA
syn-00755,S,5,4,3,4,Economie / Gestion|Informatique / Technologie,Vente / negociation|Travail en equipe|Organisation / gestion de projet|Programmation,Finance / comptabilite|Technologie / informatique|Entrepreneuriat / business|Art / design / audiovisuel,Atelier / usine,Gestion / management|Entrepreneur / independant,ISAIA
syn-00756,S,3,3,3,2,Langues etrangeres|Informatique / Technologie|Histoire-Geographie,Redaction / communication|Electronique / bricolage technique|Analyse de donnees / logique|Vente / negociation,Technologie / informatique|Entrepreneuriat / business|Sciences,Terrain / exterieur,Gestion / management|Commerce / relation client,CAA
syn-00757,D,4,4,4,4,Langues etrangeres|Physique-Chimie|Histoire-Geographie,Redaction / communication|Analyse de donnees / logique|Electronique / bricolage technique,Sante / social|Entrepreneuriat / business|BTP / construction,Mixte,Recherche / enseignement|Gestion / management,DTJA
syn-00758,C,4,5,3,2,Informatique / Technologie|Arts,Electronique / bricolage technique|Programmation|Creativite / design|Redaction / communication,Sciences|Tourisme / hotellerie,Bureau,Commerce / relation client,ESIIA
syn-00759,D,2,5,3,2,Informatique / Technologie|Physique-Chimie,Travail en equipe|Vente / negociation|Electronique / bricolage technique,Sciences|Art / design / audiovisuel,Laboratoire,Entrepreneur / independant,PIP
syn-00760,C,4,4,2,2,Francais / Litterature|Sport|SVT,Analyse de donnees / logique|Creativite / design,Agriculture / environnement|Sciences|Art / design / audiovisuel|Communication / medias,Terrain / exterieur,Creation / design,IAA
syn-00761,S,5,4,3,4,Mathematiques|Langues etrangeres|Sport,Analyse de donnees / logique|Redaction / communication,Tourisme / hotellerie|Droit / justice|Sciences,Bureau,Commerce / relation client|Creation / design,ISAIA
syn-00762,D,4,4,3,4,Sport|Informatique / Technologie|Francais / Litterature,Redaction / communication|Creativite / design|Electronique / bricolage technique,Droit / justice|Finance / comptabilite|Technologie / informatique|Agriculture / environnement,Bureau,Recherche / enseignement,FIC
syn-00763,D,4,4,3,2,SVT|Physique-Chimie,Electronique / bricolage technique|Analyse de donnees / logique,Agriculture / environnement|Sciences|Entrepreneuriat / business,Mixte,Commerce / relation client|Gestion / management,IAA
syn-00764,D,5,4,3,3,Physique-Chimie|Informatique / Technologie,Vente / negociation|Electronique / bricolage technique|Organisation / gestion de projet,Tourisme / hotellerie|Technologie / informatique|Communication / medias,Mixte,Technique / ingenierie|Recherche / enseignement,ESIIA
syn-00765,S,3,4,4,2,Physique-Chimie|Langues etrangeres|Arts,Electronique / bricolage technique|Redaction / communication,Communication / medias|Droit / justice,Terrain / exterieur,Gestion / management|Entrepreneur / independant,DTJA
syn-00766,Technique genie civil,3,4,4,3,Mathematiques|Francais / Litterature,Analyse de donnees / logique|Travail en equipe,Sciences|Communication / medias|Finance / comptabilite|BTP / construction,Terrain / exterieur,Technique / ingenierie,GCA
syn-00767,L,3,1,4,2,Langues etrangeres|Informatique / Technologie,Redaction / communication|Programmation|Creativite / design|Organisation / gestion de projet,Communication / medias|Droit / justice|Tourisme / hotellerie,Mixte,Gestion / management,DTJA
syn-00768,D,1,3,3,3,Arts|Physique-Chimie,Electronique / bricolage technique|Analyse de donnees / logique|Programmation|Creativite / design,Finance / comptabilite|Sciences|Sante / social|Communication / medias,Mixte,Technique / ingenierie|Gestion / management,PIP
syn-00769,S,5,2,3,2,Mathematiques|Arts|Economie / Gestion,Analyse de donnees / logique|Travail en equipe|Creativite / design|Vente / negociation,Art / design / audiovisuel|Technologie / informatique|Tourisme / hotellerie|Sciences,Mixte,Creation / design|Recherche / enseignement,ISAIA
syn-00770,C,4,4,2,2,Physique-Chimie|Histoire-Geographie,Electronique / bricolage technique|Travail en equipe,Sciences|BTP / construction|Droit / justice,Bureau,Entrepreneur / independant,AEE
syn-00771,A2,1,4,3,1,SVT|Informatique / Technologie,Redaction / communication|Creativite / design,Entrepreneuriat / business|Agriculture / environnement|Sante / social|Technologie / informatique,Atelier / usine,Gestion / management,TEE
syn-00772,D,2,4,3,3,Physique-Chimie|Langues etrangeres,Analyse de donnees / logique|Electronique / bricolage technique|Redaction / communication|Organisation / gestion de projet,Sciences|BTP / construction|Communication / medias|Entrepreneuriat / business,Laboratoire,Creation / design|Recherche / enseignement,ICMP
syn-00773,A2,2,2,4,2,Francais / Litterature|SVT,Creativite / design|Organisation / gestion de projet|Redaction / communication|Vente / negociation,Agriculture / environnement|Entrepreneuriat / business,Mixte,Commerce / relation client,CAA
syn-00774,S,4,4,3,3,Mathematiques|Arts,Programmation|Vente / negociation,Sciences|Sante / social|Art / design / audiovisuel,Terrain / exterieur,Creation / design|Commerce / relation client,CAA
syn-00775,C,4,4,3,3,Physique-Chimie|Economie / Gestion|Mathematiques,Vente / negociation|Analyse de donnees / logique|Electronique / bricolage technique,Sante / social|Agriculture / environnement,Terrain / exterieur,Technique / ingenierie,ICMP
syn-00776,C,3,5,2,3,Histoire-Geographie|Informatique / Technologie|Arts,Redaction / communication|Vente / negociation,Tourisme / hotellerie|Droit / justice|Technologie / informatique|Communication / medias,Mixte,Entrepreneur / independant|Commerce / relation client,CAA
syn-00777,D,2,4,2,4,Physique-Chimie|Sport|Economie / Gestion,Travail en equipe|Creativite / design,Entrepreneuriat / business|BTP / construction|Art / design / audiovisuel|Droit / justice,Bureau,Commerce / relation client,CAA
syn-00778,C,3,3,4,3,Mathematiques|Francais / Litterature,Redaction / communication|Programmation,Sciences|Art / design / audiovisuel,Laboratoire,Recherche / enseignement,PIP
syn-00779,Technique industrielle,2,2,4,3,Francais / Litterature|Sport|Histoire-Geographie,Travail en equipe|Redaction / communication|Analyse de donnees / logique,Droit / justice|Technologie / informatique,Bureau,Recherche / enseignement|Entrepreneur / independant,DTJA
syn-00780,D,3,3,2,3,Mathematiques|Francais / Litterature,Analyse de donnees / logique|Organisation / gestion de projet,Sante / social|Finance / comptabilite|Communication / medias,Laboratoire,Gestion / management|Entrepreneur / independant,FIC
syn-00781,A2,3,2,5,4,Sport|Mathematiques,Vente / negociation|Creativite / design,Art / design / audiovisuel|Technologie / informatique|Finance / comptabilite|Sciences,Bureau,Entrepreneur / independant|Creation / design,CAA
syn-00782,D,4,3,3,2,Francais / Litterature|Physique-Chimie|Langues etrangeres,Redaction / communication|Electronique / bricolage technique,BTP / construction|Sciences|Droit / justice|Tourisme / hotellerie,Terrain / exterieur,Creation / design,TEH
syn-00783,S,3,4,3,2,Histoire-Geographie|Economie / Gestion,Electronique / bricolage technique|Organisation / gestion de projet,Tourisme / hotellerie|Communication / medias,Bureau,Technique / ingenierie,EMII
syn-00784,A2,2,4,3,3,Arts|Physique-Chimie|Langues etrangeres,Redaction / communication|Analyse de donnees / logique,Communication / medias|Tourisme / hotellerie|Finance / comptabilite|Sciences,Atelier / usine,Creation / design,TEE
syn-00785,D,3,4,1,3,Francais / Litterature|Histoire-Geographie,Vente / negociation|Redaction / communication,Entrepreneuriat / business|Communication / medias,Terrain / exterieur,Technique / ingenierie|Creation / design,CAA
syn-00786,D,3,5,3,4,SVT|Langues etrangeres|Physique-Chimie,Travail en equipe|Analyse de donnees / logique,Sante / social|Finance / comptabilite|Sciences,Laboratoire,Commerce / relation client,PIP
syn-00787,C,3,4,2,2,Histoire-Geographie|Langues etrangeres,Creativite / design|Programmation,Agriculture / environnement|Entrepreneuriat / business,Atelier / usine,Commerce / relation client,IAA
syn-00788,S,3,4,3,3,Arts|Mathematiques,Creativite / design|Programmation|Analyse de donnees / logique,Tourisme / hotellerie|Sante / social|Art / design / audiovisuel,Terrain / exterieur,Recherche / enseignement|Creation / design,IMTICIA
syn-00789,D,3,2,4,3,Informatique / Technologie|Economie / Gestion|Langues etrangeres,Electronique / bricolage technique|Redaction / communication|Analyse de donnees / logique,Entrepreneuriat / business|Finance / comptabilite|Technologie / informatique,Terrain / exterieur,Entrepreneur / independant|Recherche / enseignement,CAA
syn-00790,D,4,3,2,1,Physique-Chimie|Sport|Economie / Gestion,Creativite / design|Analyse de donnees / logique|Travail en equipe|Electronique / bricolage technique,Entrepreneuriat / business|Art / design / audiovisuel|Sante / social,Mixte,Gestion / management|Recherche / enseignement,PIP
syn-00791,S,3,3,3,2,Informatique / Technologie|Economie / Gestion,Programmation|Organisation / gestion de projet|Vente / negociation|Electronique / bricolage technique,Technologie / informatique|Entrepreneuriat / business,Bureau,Commerce / relation client,CAA
syn-00792,D,4,3,5,5,Physique-Chimie|Mathematiques|Informatique / Technologie,Vente / negociation|Analyse de donnees / logique|Creativite / design|Electronique / bricolage technique,Technologie / informatique|Sciences|Finance / comptabilite|Entrepreneuriat / business,Mixte,Recherche / enseignement|Commerce / relation client,ISAIA
syn-00793,L,3,1,4,3,Arts|Physique-Chimie|Francais / Litterature,Redaction / communication|Analyse de donnees / logique|Electronique / bricolage technique|Programmation,Communication / medias|Art / design / audiovisuel,Laboratoire,Creation / design|Gestion / management,DTJA
syn-00794,S,3,4,1,2,Sport|Informatique / Technologie,Programmation|Travail en equipe|Organisation / gestion de projet,Technologie / informatique|Finance / comptabilite,Bureau,Entrepreneur / independant,IGGLIA
syn-00795,L,2,3,3,2,Mathematiques|Histoire-Geographie,Analyse de donnees / logique|Redaction / communication,Sante / social|Entrepreneuriat / business|BTP / construction|Sciences,Laboratoire,Entrepreneur / independant|Creation / design,CAA
syn-00796,A1,2,4,3,2,Economie / Gestion|Arts|Francais / Litterature,Organisation / gestion de projet|Programmation|Creativite / design|Electronique / bricolage technique,Communication / medias|Tourisme / hotellerie,Bureau,Commerce / relation client|Gestion / management,FIC
syn-00797,A1,2,2,4,3,Histoire-Geographie|SVT|Mathematiques,Analyse de donnees / logique|Creativite / design|Organisation / gestion de projet|Electronique / bricolage technique,Droit / justice|Sciences,Bureau,Commerce / relation client,DTJA
syn-00798,D,3,3,4,3,Arts|Physique-Chimie,Analyse de donnees / logique|Programmation|Vente / negociation|Creativite / design,Sciences|Entrepreneuriat / business|Tourisme / hotellerie|Communication / medias,Mixte,Creation / design|Recherche / enseignement,IMTICIA
syn-00799,D,3,3,2,2,Mathematiques|Sport,Analyse de donnees / logique|Travail en equipe,Agriculture / environnement|Sciences|Art / design / audiovisuel|Communication / medias,Mixte,Commerce / relation client|Entrepreneur / independant,ISAIA
syn-00800,C,2,4,4,3,SVT|Langues etrangeres,Analyse de donnees / logique|Programmation|Redaction / communication|Vente / negociation,Communication / medias|Sciences,Mixte,Technique / ingenierie|Creation / design,IAA
syn-00801,A2,2,3,4,4,SVT|Arts|Informatique / Technologie,Vente / negociation|Organisation / gestion de projet|Creativite / design|Electronique / bricolage technique,Agriculture / environnement|Communication / medias,Terrain / exterieur,Commerce / relation client|Creation / design,CAA
syn-00802,A1,2,3,3,3,Physique-Chimie|Informatique / Technologie|Mathematiques,Programmation|Analyse de donnees / logique|Electronique / bricolage technique,Art / design / audiovisuel|BTP / construction,Terrain / exterieur,Entrepreneur / independant|Creation / design,DTJA
syn-00803,S,3,4,3,3,Langues etrangeres|Informatique / Technologie,Electronique / bricolage technique|Organisation / gestion de projet,Sante / social|Communication / medias|Technologie / informatique,Bureau,Creation / design|Commerce / relation client,ESIIA
syn-00804,L,1,2,4,3,Langues etrangeres|SVT,Programmation|Travail en equipe,Sciences|Tourisme / hotellerie,Mixte,Gestion / management|Recherche / enseignement,TEH
syn-00805,C,4,5,4,3,Physique-Chimie|Langues etrangeres,Programmation|Redaction / communication,Communication / medias|Tourisme / hotellerie,Atelier / usine,Recherche / enseignement|Commerce / relation client,ISAIA
syn-00806,C,5,3,4,5,Histoire-Geographie|Langues etrangeres|Francais / Litterature,Redaction / communication|Analyse de donnees / logique,Art / design / audiovisuel|Tourisme / hotellerie|Communication / medias|Technologie / informatique,Laboratoire,Recherche / enseignement|Commerce / relation client,TEH
syn-00807,S,4,3,3,2,Mathematiques|Physique-Chimie,Creativite / design|Analyse de donnees / logique|Organisation / gestion de projet,Entrepreneuriat / business|BTP / construction|Finance / comptabilite,Laboratoire,Entrepreneur / independant,GCA
syn-00808,A1,3,3,4,2,Arts|Histoire-Geographie|Langues etrangeres,Redaction / communication|Creativite / design,Art / design / audiovisuel|Droit / justice|Communication / medias,Bureau,Commerce / relation client,DTJA
syn-00809,D,2,3,1,4,Informatique / Technologie|Arts,Programmation|Travail en equipe|Electronique / bricolage technique|Redaction / communication,Communication / medias|Art / design / audiovisuel|Technologie / informatique,Bureau,Gestion / management,IMTICIA
syn-00810,A1,2,3,3,4,Physique-Chimie|Arts,Analyse de donnees / logique|Electronique / bricolage technique|Redaction / communication|Creativite / design,Sciences|BTP / construction|Technologie / informatique,Laboratoire,Gestion / management,EMP
syn-00811,A1,2,1,4,3,Informatique / Technologie|Histoire-Geographie|Francais / Litterature,Electronique / bricolage technique|Creativite / design,Finance / comptabilite|Entrepreneuriat / business|Communication / medias|Sciences,Bureau,Technique / ingenierie,EMP
syn-00812,D,2,4,2,5,Economie / Gestion|Francais / Litterature,Vente / negociation|Redaction / communication|Organisation / gestion de projet|Electronique / bricolage technique,Finance / comptabilite|Communication / medias,Bureau,Gestion / management,EMP
syn-00813,A2,2,3,3,3,Arts|Mathematiques,Electronique / bricolage technique|Analyse de donnees / logique|Redaction / communication|Creativite / design,Sciences|Communication / medias,Atelier / usine,Gestion / management|Technique / ingenierie,EMP
syn-00814,D,3,3,3,3,Histoire-Geographie|Sport|Informatique / Technologie,Programmation|Travail en equipe|Creativite / design,Tourisme / hotellerie|Technologie / informatique|BTP / construction,Atelier / usine,Creation / design,IGGLIA
syn-00815,L,4,4,5,3,Physique-Chimie|Langues etrangeres|Sport,Electronique / bricolage technique|Analyse de donnees / logique,Communication / medias|Art / design / audiovisuel|Tourisme / hotellerie,Mixte,Commerce / relation client|Recherche / enseignement,TEH
syn-00816,C,3,3,3,5,Informatique / Technologie|Francais / Litterature,Programmation|Electronique / bricolage technique|Redaction / communication|Analyse de donnees / logique,Agriculture / environnement|Communication / medias|Technologie / informatique,Bureau,Creation / design,IGGLIA
syn-00817,Technique genie civil,2,3,2,2,Mathematiques|Informatique / Technologie|Francais / Litterature,Redaction / communication|Analyse de donnees / logique,Communication / medias|Droit / justice|Tourisme / hotellerie|Sante / social,Laboratoire,Entrepreneur / independant|Recherche / enseignement,DTJA
syn-00818,D,5,2,2,3,SVT|Histoire-Geographie|Sport,Travail en equipe|Electronique / bricolage technique,Sante / social|Agriculture / environnement|Tourisme / hotellerie|Art / design / audiovisuel,Terrain / exterieur,Commerce / relation client|Recherche / enseignement,GCA
syn-00819,A1,2,2,4,2,Arts|Sport|Economie / Gestion,Analyse de donnees / logique|Organisation / gestion de projet|Travail en equipe,Art / design / audiovisuel|Finance / comptabilite|Tourisme / hotellerie,Bureau,Entrepreneur / independant|Commerce / relation client,FIC
syn-00820,S,3,5,3,2,Langues etrangeres|Economie / Gestion,Vente / negociation|Organisation / gestion de projet|Travail en equipe,Finance / comptabilite|Technologie / informatique|BTP / construction,Mixte,Entrepreneur / independant|Commerce / relation client,CAA
syn-00821,D,3,2,4,2,Economie / Gestion|Arts,Organisation / gestion de projet|Vente / negociation|Creativite / design,Art / design / audiovisuel|Entrepreneuriat / business,Bureau,Entrepreneur / independant|Recherche / enseignement,CAA
syn-00822,A2,2,3,3,3,Physique-Chimie|Arts|Histoire-Geographie,Redaction / communication|Creativite / design|Organisation / gestion de projet,Communication / medias|Art / design / audiovisuel,Bureau,Recherche / enseignement,DTJA
syn-00823,C,3,5,3,4,Histoire-Geographie|Economie / Gestion|Mathematiques,Vente / negociation|Electronique / bricolage technique,Entrepreneuriat / business|Finance / comptabilite|Tourisme / hotellerie,Terrain / exterieur,Entrepreneur / independant|Gestion / management,EMII
syn-00824,D,3,4,2,2,Arts|Langues etrangeres|Mathematiques,Vente / negociation|Redaction / communication|Creativite / design,Agriculture / environnement|Tourisme / hotellerie|Droit / justice,Mixte,Creation / design|Commerce / relation client,TEE
syn-00825,A1,3,2,4,3,Economie / Gestion|Langues etrangeres,Organisation / gestion de projet|Redaction / communication,Tourisme / hotellerie|Finance / comptabilite,Terrain / exterieur,Gestion / management,DTJA
syn-00826,C,4,5,3,2,Arts|Mathematiques,Programmation|Travail en equipe|Organisation / gestion de projet,Sciences|Finance / comptabilite,Terrain / exterieur,Recherche / enseignement|Technique / ingenierie,AEE
syn-00827,S,2,3,2,3,Langues etrangeres|Informatique / Technologie|Physique-Chimie,Electronique / bricolage technique|Analyse de donnees / logique|Redaction / communication|Programmation,Communication / medias|Tourisme / hotellerie|Sciences|BTP / construction,Mixte,Commerce / relation client|Technique / ingenierie,ESIIA
syn-00828,S,3,3,2,4,Arts|Economie / Gestion|SVT,Vente / negociation|Organisation / gestion de projet|Creativite / design,Sciences|Entrepreneuriat / business,Bureau,Commerce / relation client,CAA
syn-00829,C,3,5,3,4,Physique-Chimie|Sport|Histoire-Geographie,Analyse de donnees / logique|Travail en equipe|Electronique / bricolage technique|Creativite / design,Droit / justice|Sante / social,Laboratoire,Creation / design|Entrepreneur / independant,EMII
syn-00830,D,3,4,3,4,Sport|Arts,Creativite / design|Analyse de donnees / logique|Redaction / communication|Travail en equipe,Art / design / audiovisuel|Tourisme / hotellerie|Communication / medias,Mixte,Recherche / enseignement|Commerce / relation client,TEH
syn-00831,Technique industrielle,4,3,2,4,Langues etrangeres|Sport|Mathematiques,Electronique / bricolage technique|Vente / negociation|Travail en equipe|Organisation / gestion de projet,Agriculture / environnement|BTP / construction,Bureau,Recherche / enseignement,ICMP
syn-00832,A2,3,2,3,3,Informatique / Technologie|Sport,Electronique / bricolage technique|Programmation|Creativite / design,Sante / social|Sciences|Technologie / informatique,Bureau,Gestion / management,FIC
syn-00833,A1,2,3,3,3,SVT|Arts|Informatique / Technologie,Programmation|Vente / negociation|Travail en equipe,Communication / medias|Technologie / informatique|Sante / social|Agriculture / environnement,Laboratoire,Technique / ingenierie|Commerce / relation client,CAA
syn-00834,Technique industrielle,5,3,5,3,Physique-Chimie|SVT,Analyse de donnees / logique|Electronique / bricolage technique|Creativite / design|Organisation / gestion de projet,Sciences|Entrepreneuriat / business,Mixte,Entrepreneur / independant|Creation / design,ISAIA
syn-00835,D,2,2,3,3,Langues etrangeres|Arts|Francais / Litterature,Programmation|Redaction / communication|Creativite / design,Droit / justice|Communication / medias,Mixte,Commerce / relation client|Recherche / enseignement,DTJA
syn-00836,C,4,4,4,4,Mathematiques|Francais / Litterature|Informatique / Technologie,Programmation|Travail en equipe,Sciences|Art / design / audiovisuel,Terrain / exterieur,Entrepreneur / independant|Gestion / management,ICMP
syn-00837,D,5,3,4,3,Histoire-Geographie|Informatique / Technologie|Arts,Creativite / design|Organisation / gestion de projet,Droit / justice|Art / design / audiovisuel|BTP / construction|Entrepreneuriat / business,Atelier / usine,Technique / ingenierie,GCA
syn-00838,Technique genie civil,3,4,5,2,Sport|Mathematiques|Langues etrangeres,Analyse de donnees / logique|Programmation,Sciences|Tourisme / hotellerie|Finance / comptabilite,Mixte,Recherche / enseignement|Creation / design,TEH
syn-00839,D,3,5,3,2,Langues etrangeres|Arts,Organisation / gestion de projet|Analyse de donnees / logique|Vente / negociation,Technologie / informatique|Communication / medias|Sante / social,Mixte,Recherche / enseignement|Creation / design,PIP
syn-00840,L,2,4,5,5,Langues etrangeres|Physique-Chimie,Analyse de donnees / logique|Creativite / design|Vente / negociation,Communication / medias|BTP / construction|Tourisme / hotellerie,Mixte,Entrepreneur / independant|Commerce / relation client,TEH
syn-00841,S,3,4,2,3,Economie / Gestion|Histoire-Geographie|Francais / Litterature,Electronique / bricolage technique|Vente / negociation,Finance / comptabilite|Sante / social|Droit / justice,Bureau,Recherche / enseignement,FIC
syn-00842,D,2,1,4,4,Economie / Gestion|Arts,Creativite / design|Analyse de donnees / logique|Organisation / gestion de projet,Communication / medias|Entrepreneuriat / business|Agriculture / environnement|Sante / social,Bureau,Creation / design,FIC
syn-00843,A2,3,2,3,4,Economie / Gestion|Langues etrangeres|Francais / Litterature,Organisation / gestion de projet|Creativite / design|Redaction / communication,Communication / medias|Agriculture / environnement|Droit / justice,Mixte,Gestion / management,EMP
syn-00844,A2,2,3,4,3,Informatique / Technologie|Histoire-Geographie,Programmation|Electronique / bricolage technique|Creativite / design,Droit / justice|Agriculture / environnement|Finance / comptabilite,Atelier / usine,Technique / ingenierie|Recherche / enseignement,TEE
syn-00845,D,3,2,3,3,Sport|Economie / Gestion,Travail en equipe|Vente / negociation|Organisation / gestion de projet,BTP / construction|Entrepreneuriat / business|Finance / comptabilite|Technologie / informatique,Terrain / exterieur,Entrepreneur / independant|Creation / design,CAA
syn-00846,A2,3,3,4,3,Histoire-Geographie|Mathematiques,Analyse de donnees / logique|Programmation|Vente / negociation,Finance / comptabilite|Sciences|Tourisme / hotellerie|Droit / justice,Terrain / exterieur,Creation / design,TEE
syn-00847,D,2,3,3,4,Histoire-Geographie|Economie / Gestion|Langues etrangeres,Redaction / communication|Vente / negociation|Organisation / gestion de projet,Communication / medias|Finance / comptabilite|Tourisme / hotellerie|Agriculture / environnement,Mixte,Recherche / enseignement,CAA
syn-00848,S,4,3,4,2,Francais / Litterature|SVT|Informatique / Technologie,Analyse de donnees / logique|Programmation|Electronique / bricolage technique,BTP / construction|Communication / medias|Sciences,Mixte,Entrepreneur / independant|Gestion / management,IGGLIA
syn-00849,C,3,5,2,2,Arts|Langues etrangeres,Vente / negociation|Electronique / bricolage technique|Redaction / communication|Creativite / design,Communication / medias|Tourisme / hotellerie|Agriculture / environnement,Terrain / exterieur,Recherche / enseignement,TEH
syn-00850,S,3,5,3,2,Langues etrangeres|Physique-Chimie|Economie / Gestion,Vente / negociation|Creativite / design|Electronique / bricolage technique,Entrepreneuriat / business|Finance / comptabilite|Tourisme / hotellerie|BTP / construction,Laboratoire,Commerce / relation client,CAA
syn-00851,Technique industrielle,2,5,4,3,Francais / Litterature|Economie / Gestion|SVT,Organisation / gestion de projet|Redaction / communication,Entrepreneuriat / business|Tourisme / hotellerie|Finance / comptabilite|Sciences,Mixte,Technique / ingenierie,ICMP
syn-00852,D,3,2,3,1,Mathematiques|Physique-Chimie|Informatique / Technologie,Creativite / design|Analyse de donnees / logique|Programmation|Vente / negociation,BTP / construction|Communication / medias|Finance / comptabilite,Bureau,Technique / ingenierie,IGGLIA
syn-00853,L,3,4,4,3,Physique-Chimie|Economie / Gestion,Programmation|Analyse de donnees / logique|Vente / negociation|Electronique / bricolage technique,BTP / construction|Entrepreneuriat / business|Finance / comptabilite,Mixte,Recherche / enseignement|Creation / design,EMP
syn-00854,C,5,3,3,4,Histoire-Geographie|Sport,Programmation|Electronique / bricolage technique,Communication / medias|Entrepreneuriat / business,Terrain / exterieur,Commerce / relation client,CAA
syn-00855,D,3,3,2,4,SVT|Sport|Mathematiques,Travail en equipe|Organisation / gestion de projet,Sante / social|BTP / construction|Sciences|Finance / comptabilite,Mixte,Commerce / relation client,ISAIA
syn-00856,C,5,4,2,2,Informatique / Technologie|Mathematiques|Physique-Chimie,Analyse de donnees / logique|Electronique / bricolage technique,Sciences|Finance / comptabilite,Bureau,Technique / ingenierie,ISAIA
syn-00857,D,3,3,4,3,Economie / Gestion|Informatique / Technologie,Vente / negociation|Programmation|Organisation / gestion de projet|Electronique / bricolage technique,Art / design / audiovisuel|Technologie / informatique,Bureau,Technique / ingenierie,IGGLIA
syn-00858,L,2,3,3,4,Physique-Chimie|Histoire-Geographie|Francais / Litterature,Electronique / bricolage technique|Creativite / design|Analyse de donnees / logique,Technologie / informatique|Droit / justice|Finance / comptabilite|BTP / construction,Bureau,Commerce / relation client|Gestion / management,FIC
syn-00859,L,4,3,2,3,Physique-Chimie|Sport|Arts,Vente / negociation|Electronique / bricolage technique,Agriculture / environnement|BTP / construction|Finance / comptabilite,Bureau,Technique / ingenierie,CAA
syn-00860,D,3,3,3,2,Histoire-Geographie|Langues etrangeres,Programmation|Redaction / communication,Droit / justice|Communication / medias,Bureau,Creation / design|Gestion / management,DTJA
syn-00861,S,3,3,4,2,Langues etrangeres|Mathematiques|SVT,Redaction / communication|Creativite / design|Analyse de donnees / logique|Travail en equipe,Technologie / informatique|Sciences|Communication / medias|Tourisme / hotellerie,Bureau,Technique / ingenierie|Creation / design,TEH
syn-00862,D,2,5,3,5,Arts|Informatique / Technologie|Mathematiques,Analyse de donnees / logique|Redaction / communication|Travail en equipe,Agriculture / environnement|Sante / social|Communication / medias|Finance / comptabilite,Atelier / usine,Entrepreneur / independant,PIP
syn-00863,D,3,4,4,4,Langues etrangeres|Arts|Economie / Gestion,Redaction / communication|Electronique / bricolage technique|Organisation / gestion de projet|Vente / negociation,Communication / medias|Droit / justice,Terrain / exterieur,Entrepreneur / independant|Technique / ingenierie,CAA
syn-00864,D,4,2,2,4,Histoire-Geographie|SVT|Informatique / Technologie,Organisation / gestion de projet|Electronique / bricolage technique,Sciences|BTP / construction,Bureau,Gestion / management|Entrepreneur / independant,IGGLIA
syn-00865,C,5,4,4,3,Physique-Chimie|Mathematiques,Electronique / bricolage technique|Analyse de donnees / logique|Organisation / gestion de projet,BTP / construction|Sante / social|Entrepreneuriat / business,Terrain / exterieur,Recherche / enseignement,ISAIA
syn-00866,D,3,3,3,4,Physique-Chimie|Economie / Gestion|Mathematiques,Travail en equipe|Vente / negociation|Analyse de donnees / logique|Creativite / design,Sciences|Sante / social,Bureau,Gestion / management,FIC
syn-00867,C,4,4,2,4,SVT|Langues etrangeres,Redaction / communication|Programmation|Creativite / design,Tourisme / hotellerie|Entrepreneuriat / business,Atelier / usine,Technique / ingenierie,CAA
syn-00868,Technique genie civil,3,5,2,3,Arts|Francais / Litterature|Mathematiques,Travail en equipe|Redaction / communication,Droit / justice|Finance / comptabilite|Tourisme / hotellerie,Terrain / exterieur,Commerce / relation client|Recherche / enseignement,GCA
syn-00869,D,3,3,3,1,Sport|Histoire-Geographie,Analyse de donnees / logique|Travail en equipe|Organisation / gestion de projet|Vente / negociation,Droit / justice|Tourisme / hotellerie,Bureau,Gestion / management,DTJA
syn-00870,C,3,4,3,3,Mathematiques|Physique-Chimie|Histoire-Geographie,Analyse de donnees / logique|Programmation|Travail en equipe,Agriculture / environnement|BTP / construction,Atelier / usine,Technique / ingenierie,ICMP
syn-00871,D,3,4,2,4,SVT|Francais / Litterature,Creativite / design|Redaction / communication|Analyse de donnees / logique|Programmation,Communication / medias|Agriculture / environnement|Droit / justice|Sciences,Atelier / usine,Gestion / management,IAA
syn-00872,D,4,3,3,4,SVT|Economie / Gestion,Organisation / gestion de projet|Programmation|Vente / negociation,Sciences|Technologie / informatique,Bureau,Creation / design|Entrepreneur / independant,PIP
syn-00873,S,4,4,3,3,Economie / Gestion|Langues etrangeres,Redaction / communication|Electronique / bricolage technique|Organisation / gestion de projet|Travail en equipe,Sante / social|BTP / construction|Tourisme / hotellerie|Sciences,Mixte,Technique / ingenierie|Recherche / enseignement,TEH
syn-00874,Technique industrielle,1,4,2,3,Langues etrangeres|Francais / Litterature,Programmation|Redaction / communication|Vente / negociation|Travail en equipe,Agriculture / environnement|Art / design / audiovisuel|Droit / justice,Terrain / exterieur,Creation / design|Entrepreneur / independant,CAA
syn-00875,A2,2,4,3,4,Arts|Langues etrangeres,Programmation|Vente / negociation|Redaction / communication|Creativite / design,Communication / medias|Sciences,Terrain / exterieur,Entrepreneur / independant|Commerce / relation client,CAA
syn-00876,D,3,4,3,2,SVT|Economie / Gestion,Programmation|Vente / negociation,Droit / justice|Sante / social|Art / design / audiovisuel|Sciences,Bureau,Technique / ingenierie|Creation / design,PIP
syn-00877,A2,1,3,2,5,SVT|Francais / Litterature,Travail en equipe|Redaction / communication|Vente / negociation|Programmation,Agriculture / environnement|Entrepreneuriat / business|Sante / social|BTP / construction,Mixte,Recherche / enseignement|Entrepreneur / independant,CAA
syn-00878,D,5,2,3,4,Langues etrangeres|Economie / Gestion,Programmation|Redaction / communication|Organisation / gestion de projet|Analyse de donnees / logique,Finance / comptabilite|Entrepreneuriat / business|Tourisme / hotellerie|Art / design / audiovisuel,Atelier / usine,Gestion / management|Recherche / enseignement,ISAIA
syn-00879,Technique industrielle,3,4,2,4,Histoire-Geographie|Informatique / Technologie,Analyse de donnees / logique|Electronique / bricolage technique,Sante / social|Tourisme / hotellerie|Technologie / informatique|Droit / justice,Terrain / exterieur,Commerce / relation client|Gestion / management,ESIIA
syn-00880,C,4,2,4,2,Informatique / Technologie|Francais / Litterature,Programmation|Vente / negociation|Redaction / communication,Droit / justice|Technologie / informatique|Finance / comptabilite|Communication / medias,Terrain / exterieur,Creation / design,IGGLIA
syn-00881,L,2,4,3,3,Sport|Informatique / Technologie|Mathematiques,Electronique / bricolage technique|Analyse de donnees / logique|Redaction / communication|Programmation,Sciences|BTP / construction|Technologie / informatique,Terrain / exterieur,Commerce / relation client,TEE
syn-00882,L,2,1,4,3,Francais / Litterature|Sport|Economie / Gestion,Organisation / gestion de projet|Redaction / communication|Travail en equipe,Tourisme / hotellerie|Droit / justice|Finance / comptabilite|Technologie / informatique,Mixte,Recherche / enseignement,DTJA
syn-00883,L,2,1,2,2,Langues etrangeres|Informatique / Technologie|Arts,Creativite / design|Electronique / bricolage technique|Programmation|Organisation / gestion de projet,Droit / justice|Technologie / informatique|BTP / construction|Sciences,Mixte,Technique / ingenierie,FIC
syn-00884,C,4,2,4,2,Sport|Langues etrangeres|Mathematiques,Redaction / communication|Organisation / gestion de projet|Analyse de donnees / logique|Electronique / bricolage technique,Finance / comptabilite|Communication / medias|Tourisme / hotellerie|Droit / justice,Atelier / usine,Creation / design|Commerce / relation client,DTJA
syn-00885,S,3,4,4,3,SVT|Francais / Litterature|Mathematiques,Analyse de donnees / logique|Vente / negociation|Electronique / bricolage technique|Travail en equipe,Sciences|Communication / medias,Terrain / exterieur,Technique / ingenierie|Creation / design,ICMP
syn-00886,S,4,4,4,3,Francais / Litterature|Informatique / Technologie,Redaction / communication|Vente / negociation,Droit / justice|Technologie / informatique|Art / design / audiovisuel,Mixte,Commerce / relation client,DTJA
syn-00887,S,4,5,3,3,Mathematiques|Francais / Litterature,Redaction / communication|Organisation / gestion de projet|Analyse de donnees / logique|Vente / negociation,Finance / comptabilite|Communication / medias|Sciences,Mixte,Gestion / management,ISAIA
syn-00888,Technique genie civil,4,3,2,4,Informatique / Technologie|Langues etrangeres|Histoire-Geographie,Programmation|Creativite / design|Redaction / communication,Entrepreneuriat / business|BTP / construction,Bureau,Recherche / enseignement,CAA
syn-00889,A1,3,3,4,4,Economie / Gestion|Physique-Chimie|Langues etrangeres,Analyse de donnees / logique|Redaction / communication|Vente / negociation|Organisation / gestion de projet,Finance / comptabilite|Communication / medias,Terrain / exterieur,Technique / ingenierie|Gestion / management,FIC
syn-00890,A2,3,2,2,4,Economie / Gestion|Francais / Litterature,Redaction / communication|Organisation / gestion de projet,Technologie / informatique|Communication / medias|Entrepreneuriat / business,Bureau,Creation / design,FIC
syn-00891,S,2,4,2,2,Physique-Chimie|Sport,Electronique / bricolage technique|Analyse de donnees / logique|Vente / negociation|Creativite / design,Sciences|Sante / social|Finance / comptabilite|Technologie / informatique,Terrain / exterieur,Entrepreneur / independant,ICMP
syn-00892,L,3,2,4,4,Arts|Langues etrangeres,Analyse de donnees / logique|Redaction / communication|Organisation / gestion de projet|Electronique / bricolage technique,Tourisme / hotellerie|BTP / construction,Terrain / exterieur,Entrepreneur / independant,TEH
syn-00893,D,2,3,2,5,Sport|Economie / Gestion|SVT,Vente / negociation|Organisation / gestion de projet|Electronique / bricolage technique,Entrepreneuriat / business|Communication / medias,Laboratoire,Technique / ingenierie|Recherche / enseignement,EMP
syn-00894,L,3,2,3,5,Langues etrangeres|Economie / Gestion,Organisation / gestion de projet|Vente / negociation|Redaction / communication,Technologie / informatique|Entrepreneuriat / business|Droit / justice,Terrain / exterieur,Commerce / relation client|Creation / design,CAA
syn-00895,D,5,4,3,3,Informatique / Technologie|Economie / Gestion,Analyse de donnees / logique|Programmation|Vente / negociation,Entrepreneuriat / business|Sante / social,Terrain / exterieur,Recherche / enseignement,IGGLIA
syn-00896,A1,2,2,3,4,Economie / Gestion|Histoire-Geographie|Arts,Creativite / design|Organisation / gestion de projet|Programmation|Analyse de donnees / logique,Finance / comptabilite|Sante / social|Technologie / informatique|Entrepreneuriat / business,Mixte,Technique / ingenierie|Gestion / management,EMP
syn-00897,Technique genie civil,4,2,2,5,Arts|Sport|SVT,Redaction / communication|Analyse de donnees / logique,Art / design / audiovisuel|Sante / social|Agriculture / environnement,Terrain / exterieur,Creation / design|Gestion / management,FIC
syn-00898,S,3,5,2,4,SVT|Economie / Gestion,Vente / negociation|Creativite / design|Organisation / gestion de projet|Analyse de donnees / logique,Finance / comptabilite|Sciences|Sante / social|Communication / medias,Mixte,Technique / ingenierie,PIP
syn-00899,Technique genie civil,4,2,3,2,Arts|Physique-Chimie,Vente / negociation|Creativite / design|Redaction / communication,Entrepreneuriat / business|Sciences,Mixte,Gestion / management,CAA
syn-00900,A2,3,1,2,5,Francais / Litterature|Langues etrangeres,Redaction / communication|Analyse de donnees / logique|Travail en equipe|Vente / negociation,Communication / medias|Finance / comptabilite|Agriculture / environnement,Atelier / usine,Technique / ingenierie|Entrepreneur / independant,CAA
syn-00901,S,3,4,3,2,Informatique / Technologie|Histoire-Geographie|Arts,Redaction / communication|Vente / negociation,Art / design / audiovisuel|Technologie / informatique,Bureau,Recherche / enseignement,IMTICIA
syn-00902,A2,3,2,4,2,Mathematiques|Histoire-Geographie,Redaction / communication|Organisation / gestion de projet|Analyse de donnees / logique|Travail en equipe,Droit / justice|Agriculture / environnement|Communication / medias|Tourisme / hotellerie,Atelier / usine,Creation / design|Technique / ingenierie,TEH
syn-00903,A1,2,3,4,4,Sport|Histoire-Geographie,Vente / negociation|Travail en equipe|Programmation|Redaction / communication,Tourisme / hotellerie|Droit / justice,Mixte,Creation / design,DTJA
syn-00904,S,4,3,4,3,SVT|Arts|Physique-Chimie,Vente / negociation|Electronique / bricolage technique|Creativite / design|Redaction / communication,Sciences|Sante / social|Finance / comptabilite,Mixte,Recherche / enseignement|Entrepreneur / independant,PIP
syn-00905,Technique industrielle,3,5,2,2,Arts|Histoire-Geographie,Vente / negociation|Organisation / gestion de projet|Creativite / design,Droit / justice|Agriculture / environnement,Bureau,Gestion / management,DTJA
syn-00906,A1,2,2,2,3,Sport|Mathematiques|Arts,Analyse de donnees / logique|Redaction / communication|Travail en equipe|Creativite / design,Droit / justice|Art / design / audiovisuel|Sciences,Bureau,Creation / design|Technique / ingenierie,FIC
syn-00907,C,3,5,4,3,Arts|SVT|Informatique / Technologie,Travail en equipe|Electronique / bricolage technique|Programmation|Creativite / design,Technologie / informatique|Sciences|Agriculture / environnement|Droit / justice,Mixte,Technique / ingenierie|Recherche / enseignement,ESIIA
syn-00908,Technique genie civil,2,4,3,3,Langues etrangeres|Physique-Chimie,Travail en equipe|Creativite / design|Redaction / communication,Droit / justice|BTP / construction,Bureau,Technique / ingenierie,DTJA
syn-00909,S,3,3,3,2,Physique-Chimie|Francais / Litterature|Arts,Redaction / communication|Electronique / bricolage technique,Communication / medias|Art / design / audiovisuel|Droit / justice,Atelier / usine,Technique / ingenierie|Recherche / enseignement,EMII
syn-00910,D,4,4,4,3,Informatique / Technologie|Sport,Programmation|Organisation / gestion de projet,Agriculture / environnement|Art / design / audiovisuel,Bureau,Recherche / enseignement,IMTICIA
syn-00911,L,2,2,2,4,Arts|Economie / Gestion|Francais / Litterature,Creativite / design|Vente / negociation|Programmation|Redaction / communication,Finance / comptabilite|Art / design / audiovisuel,Bureau,Creation / design,CAA
syn-00912,C,3,4,2,3,Langues etrangeres|SVT,Redaction / communication|Creativite / design,Agriculture / environnement|Droit / justice,Terrain / exterieur,Technique / ingenierie|Recherche / enseignement,AEE
syn-00913,C,4,4,3,3,Sport|Histoire-Geographie|Arts,Creativite / design|Travail en equipe|Analyse de donnees / logique|Redaction / communication,Art / design / audiovisuel|Communication / medias|Droit / justice|Technologie / informatique,Mixte,Recherche / enseignement,IMTICIA
syn-00914,S,4,3,3,2,Economie / Gestion|Langues etrangeres,Vente / negociation|Redaction / communication,Agriculture / environnement|Entrepreneuriat / business|Tourisme / hotellerie,Mixte,Entrepreneur / independant|Gestion / management,CAA
syn-00915,C,3,2,3,4,Mathematiques|Francais / Litterature,Redaction / communication|Travail en equipe|Analyse de donnees / logique,Finance / comptabilite|Droit / justice|Sciences,Mixte,Commerce / relation client,EMP
syn-00916,L,4,2,4,3,Sport|Physique-Chimie,Organisation / gestion de projet|Electronique / bricolage technique|Analyse de donnees / logique,Agriculture / environnement|Sante / social|Communication / medias|BTP / construction,Bureau,Gestion / management|Entrepreneur / independant,FIC
syn-00917,S,3,2,3,2,Langues etrangeres|Francais / Litterature,Electronique / bricolage technique|Creativite / design|Vente / negociation|Analyse de donnees / logique,Agriculture / environnement|Droit / justice|Communication / medias,Laboratoire,Commerce / relation client|Technique / ingenierie,GCA
syn-00918,C,4,5,2,3,Economie / Gestion|SVT|Histoire-Geographie,Vente / negociation|Electronique / bricolage technique|Redaction / communication|Programmation,Communication / medias|Tourisme / hotellerie,Mixte,Technique / ingenierie|Recherche / enseignement,EMII
syn-00919,C,4,5,4,1,Informatique / Technologie|Langues etrangeres,Travail en equipe|Redaction / communication|Electronique / bricolage technique|Programmation,Sante / social|Communication / medias,Terrain / exterieur,Creation / design,IMTICIA
syn-00920,Technique agricole,3,4,5,3,Informatique / Technologie|Mathematiques,Programmation|Organisation / gestion de projet|Analyse de donnees / logique|Electronique / bricolage technique,Sciences|Tourisme / hotellerie,Laboratoire,Technique / ingenierie|Entrepreneur / independant,PIP
syn-00921,D,2,5,2,4,Economie / Gestion|SVT|Francais / Litterature,Organisation / gestion de projet|Programmation|Redaction / communication,Entrepreneuriat / business|Communication / medias,Bureau,Recherche / enseignement|Gestion / management,CAA
syn-00922,C,3,4,2,1,Arts|Economie / Gestion|Physique-Chimie,Analyse de donnees / logique|Vente / negociation,Communication / medias|Droit / justice|Sciences|Tourisme / hotellerie,Mixte,Entrepreneur / independant,PIP
syn-00923,D,1,5,3,3,SVT|Informatique / Technologie|Sport,Redaction / communication|Programmation|Electronique / bricolage technique|Travail en equipe,Technologie / informatique|Agriculture / environnement|Sante / social,Laboratoire,Entrepreneur / independant|Gestion / management,PIP
syn-00924,D,3,3,3,3,Sport|Langues etrangeres|Physique-Chimie,Analyse de donnees / logique|Programmation|Vente / negociation|Travail en equipe,Technologie / informatique|Sciences|BTP / construction|Entrepreneuriat / business,Atelier / usine,Technique / ingenierie|Recherche / enseignement,ICMP
syn-00925,S,4,4,2,3,Langues etrangeres|Histoire-Geographie,Vente / negociation|Analyse de donnees / logique,BTP / construction|Tourisme / hotellerie|Sciences,Mixte,Technique / ingenierie,ISAIA
syn-00926,A2,1,3,4,3,Economie / Gestion|Sport|Arts,Organisation / gestion de projet|Redaction / communication,Communication / medias|BTP / construction|Art / design / audiovisuel|Technologie / informatique,Bureau,Creation / design,DTJA
syn-00927,A1,2,4,2,4,Francais / Litterature|Economie / Gestion|SVT,Redaction / communication|Organisation / gestion de projet|Vente / negociation,Agriculture / environnement|Art / design / audiovisuel|Communication / medias,Laboratoire,Creation / design,EMP
syn-00928,S,3,4,1,3,Langues etrangeres|Sport,Electronique / bricolage technique|Programmation|Vente / negociation,Art / design / audiovisuel|Communication / medias|Technologie / informatique,Bureau,Technique / ingenierie|Commerce / relation client,ESIIA
syn-00929,C,3,3,1,3,Sport|Economie / Gestion,Redaction / communication|Vente / negociation|Creativite / design,Communication / medias|Entrepreneuriat / business|Sante / social,Mixte,Commerce / relation client,CAA
syn-00930,S,3,2,3,3,Histoire-Geographie|Mathematiques,Programmation|Analyse de donnees / logique|Organisation / gestion de projet,Tourisme / hotellerie|BTP / construction|Art / design / audiovisuel|Finance / comptabilite,Bureau,Creation / design|Recherche / enseignement,ISAIA
syn-00931,A1,4,3,4,3,Histoire-Geographie|Sport,Travail en equipe|Organisation / gestion de projet,Sciences|Droit / justice,Bureau,Creation / design|Recherche / enseignement,DTJA
syn-00932,C,2,4,2,1,Langues etrangeres|Physique-Chimie|SVT,Analyse de donnees / logique|Redaction / communication|Electronique / bricolage technique,Finance / comptabilite|Sante / social|Agriculture / environnement,Mixte,Entrepreneur / independant,TEE
syn-00933,C,5,3,3,1,Arts|Physique-Chimie,Electronique / bricolage technique|Organisation / gestion de projet|Redaction / communication,Tourisme / hotellerie|BTP / construction|Art / design / audiovisuel|Communication / medias,Terrain / exterieur,Gestion / management,GCA
syn-00934,A1,5,3,4,2,SVT|Sport,Electronique / bricolage technique|Programmation|Analyse de donnees / logique|Travail en equipe,Sante / social|Communication / medias,Mixte,Entrepreneur / independant,DTJA
syn-00935,S,5,3,2,2,Histoire-Geographie|Economie / Gestion,Programmation|Vente / negociation|Travail en equipe|Redaction / communication,Finance / comptabilite|Art / design / audiovisuel|Droit / justice,Terrain / exterieur,Technique / ingenierie,CAA
syn-00936,C,4,2,1,3,Informatique / Technologie|SVT|Physique-Chimie,Analyse de donnees / logique|Vente / negociation|Programmation|Electronique / bricolage technique,Agriculture / environnement|Droit / justice|Sante / social,Bureau,Technique / ingenierie|Gestion / management,IGGLIA
syn-00937,A1,2,4,2,2,SVT|Informatique / Technologie|Physique-Chimie,Electronique / bricolage technique|Travail en equipe|Programmation,Technologie / informatique|Agriculture / environnement,Mixte,Creation / design,TEH
syn-00938,A1,2,4,4,4,Economie / Gestion|Francais / Litterature|SVT,Vente / negociation|Redaction / communication|Analyse de donnees / logique|Travail en equipe,Art / design / audiovisuel|Sante / social|Sciences,Bureau,Entrepreneur / independant,CAA
syn-00939,Technique genie civil,2,4,3,3,Sport|Physique-Chimie|Arts,Electronique / bricolage technique|Travail en equipe|Programmation|Redaction / communication,Sciences|Art / design / audiovisuel|Sante / social|Communication / medias,Bureau,Recherche / enseignement,CAA
syn-00940,S,4,5,1,3,SVT|Informatique / Technologie|Physique-Chimie,Programmation|Electronique / bricolage technique|Analyse de donnees / logique,Agriculture / environnement|Sciences|Technologie / informatique|Droit / justice,Mixte,Creation / design|Technique / ingenierie,EMII
syn-00941,L,2,2,4,3,Histoire-Geographie|Arts,Electronique / bricolage technique|Creativite / design,Sciences|BTP / construction|Droit / justice,Bureau,Entrepreneur / independant,DTJA
syn-00942,D,2,4,3,4,Sport|Histoire-Geographie|Physique-Chimie,Travail en equipe|Creativite / design|Organisation / gestion de projet|Electronique / bricolage technique,Droit / justice|Sante / social|Technologie / informatique,Bureau,Recherche / enseignement,DTJA
syn-00943,S,4,2,4,3,Mathematiques|Francais / Litterature,Redaction / communication|Vente / negociation|Analyse de donnees / logique,Droit / justice|Tourisme / hotellerie,Bureau,Gestion / management,DTJA
syn-00944,Technique industrielle,1,4,3,3,Arts|Sport|Langues etrangeres,Analyse de donnees / logique|Creativite / design|Travail en equipe,Agriculture / environnement|Sciences|Tourisme / hotellerie|Communication / medias,Mixte,Creation / design|Recherche / enseignement,IMTICIA
syn-00945,D,4,2,3,3,Sport|Physique-Chimie,Electronique / bricolage technique|Analyse de donnees / logique|Organisation / gestion de projet|Travail en equipe,Technologie / informatique|BTP / construction,Mixte,Recherche / enseignement,ISAIA
syn-00946,C,4,2,3,3,Economie / Gestion|SVT,Organisation / gestion de projet|Electronique / bricolage technique|Creativite / design|Vente / negociation,Finance / comptabilite|Tourisme / hotellerie,Bureau,Technique / ingenierie,FIC
syn-00947,Technique genie civil,3,4,1,3,Histoire-Geographie|SVT|Economie / Gestion,Vente / negociation|Redaction / communication|Travail en equipe|Creativite / design,Agriculture / environnement|Finance / comptabilite|Entrepreneuriat / business,Mixte,Entrepreneur / independant|Gestion / management,CAA
syn-00948,A2,2,2,4,4,Physique-Chimie|Sport|Arts,Electronique / bricolage technique|Organisation / gestion de projet|Creativite / design|Travail en equipe,Art / design / audiovisuel|Entrepreneuriat / business,Mixte,Technique / ingenierie,TEH
syn-00949,D,3,4,4,4,Sport|Physique-Chimie|Histoire-Geographie,Travail en equipe|Analyse de donnees / logique|Electronique / bricolage technique|Organisation / gestion de projet,Droit / justice|BTP / construction|Sciences|Tourisme / hotellerie,Bureau,Entrepreneur / independant,EMII
syn-00950,C,4,2,3,3,SVT|Arts,Travail en equipe|Programmation|Vente / negociation|Creativite / design,Art / design / audiovisuel|Communication / medias,Bureau,Entrepreneur / independant,IMTICIA
syn-00951,C,3,5,4,3,Francais / Litterature|SVT,Analyse de donnees / logique|Redaction / communication,Sante / social|Agriculture / environnement,Mixte,Commerce / relation client,TEE
syn-00952,A1,2,4,3,3,Histoire-Geographie|Arts,Creativite / design|Programmation,Art / design / audiovisuel|Communication / medias,Laboratoire,Technique / ingenierie,TEH
syn-00953,C,2,4,3,3,Arts|Histoire-Geographie,Creativite / design|Redaction / communication|Travail en equipe,Art / design / audiovisuel|Finance / comptabilite,Bureau,Gestion / management,FIC
syn-00954,D,1,4,5,4,Economie / Gestion|Histoire-Geographie,Analyse de donnees / logique|Programmation,Tourisme / hotellerie|Droit / justice,Laboratoire,Technique / ingenierie,TEH
syn-00955,S,4,3,3,2,Mathematiques|Histoire-Geographie,Analyse de donnees / logique|Vente / negociation|Travail en equipe,Finance / comptabilite|Tourisme / hotellerie|Droit / justice,Bureau,Gestion / management,ISAIA
syn-00956,A1,4,3,3,3,SVT|Langues etrangeres|Francais / Litterature,Electronique / bricolage technique|Redaction / communication|Organisation / gestion de projet,Agriculture / environnement|Tourisme / hotellerie,Bureau,Commerce / relation client|Technique / ingenierie,TEE
syn-00957,A2,1,2,5,2,Economie / Gestion|Sport|Arts,Travail en equipe|Vente / negociation|Redaction / communication|Creativite / design,Sante / social|Art / design / audiovisuel|Finance / comptabilite|Entrepreneuriat / business,Laboratoire,Technique / ingenierie,CAA
syn-00958,A1,2,3,3,4,Francais / Litterature|Physique-Chimie,Redaction / communication|Analyse de donnees / logique|Vente / negociation,Technologie / informatique|Finance / comptabilite|Tourisme / hotellerie,Bureau,Technique / ingenierie,DTJA
syn-00959,C,4,4,2,3,Mathematiques|Histoire-Geographie,Vente / negociation|Programmation|Analyse de donnees / logique,Agriculture / environnement|Entrepreneuriat / business|Droit / justice,Mixte,Recherche / enseignement,ISAIA
syn-00960,C,3,3,4,2,Arts|Informatique / Technologie|Francais / Litterature,Programmation|Redaction / communication|Analyse de donnees / logique,Technologie / informatique|Droit / justice,Atelier / usine,Technique / ingenierie,IGGLIA
syn-00961,Technique genie civil,4,3,1,2,Sport|SVT,Electronique / bricolage technique|Programmation|Travail en equipe|Analyse de donnees / logique,Sante / social|Tourisme / hotellerie,Bureau,Technique / ingenierie|Gestion / management,FIC
syn-00962,L,3,1,3,1,Sport|Informatique / Technologie|Langues etrangeres,Travail en equipe|Programmation|Electronique / bricolage technique,Droit / justice|Sciences|Tourisme / hotellerie|Finance / comptabilite,Laboratoire,Technique / ingenierie|Gestion / management,TEH
syn-00963,S,4,2,2,4,SVT|Francais / Litterature|Histoire-Geographie,Organisation / gestion de projet|Redaction / communication|Analyse de donnees / logique,Sante / social|Droit / justice|Tourisme / hotellerie,Laboratoire,Creation / design,GCA
syn-00964,D,3,4,5,2,Histoire-Geographie|SVT,Electronique / bricolage technique|Vente / negociation|Travail en equipe,Agriculture / environnement|Sciences|Droit / justice,Bureau,Gestion / management,DTJA
syn-00965,A2,4,3,2,3,Informatique / Technologie|SVT,Vente / negociation|Travail en equipe|Redaction / communication,Entrepreneuriat / business|Agriculture / environnement,Mixte,Entrepreneur / independant,AEE
syn-00966,Technique genie civil,4,3,2,3,Sport|Arts,Creativite / design|Travail en equipe|Redaction / communication|Electronique / bricolage technique,Tourisme / hotellerie|Art / design / audiovisuel,Mixte,Entrepreneur / independant,TEH
syn-00967,S,5,3,3,1,Langues etrangeres|SVT,Redaction / communication|Programmation,Agriculture / environnement|BTP / construction,Laboratoire,Commerce / relation client,ISAIA
syn-00968,A2,1,3,4,4,Physique-Chimie|Francais / Litterature|Arts,Creativite / design|Travail en equipe|Electronique / bricolage technique|Programmation,Entrepreneuriat / business|Droit / justice,Terrain / exterieur,Creation / design,TEE
syn-00969,D,3,2,2,3,SVT|Informatique / Technologie,Electronique / bricolage technique|Organisation / gestion de projet,Agriculture / environnement|Art / design / audiovisuel|Sante / social,Mixte,Commerce / relation client,EMP
syn-00970,L,3,1,3,4,Langues etrangeres|Francais / Litterature|Sport,Redaction / communication|Organisation / gestion de projet,BTP / construction|Sciences,Terrain / exterieur,Creation / design,TEH
syn-00971,C,4,5,1,4,Economie / Gestion|Mathematiques|Informatique / Technologie,Programmation|Organisation / gestion de projet|Analyse de donnees / logique,Sciences|Finance / comptabilite,Terrain / exterieur,Technique / ingenierie,ISAIA
syn-00972,C,4,2,3,3,Mathematiques|Langues etrangeres|Francais / Litterature,Analyse de donnees / logique|Travail en equipe|Redaction / communication,Sciences|BTP / construction|Droit / justice,Bureau,Gestion / management,DTJA
syn-00973,C,5,4,3,1,Physique-Chimie|SVT,Electronique / bricolage technique|Creativite / design,Sante / social|Communication / medias|Tourisme / hotellerie|Sciences,Atelier / usine,Technique / ingenierie,EMII
syn-00974,Technique industrielle,3,3,2,3,SVT|Arts|Informatique / Technologie,Electronique / bricolage technique|Creativite / design|Programmation,Agriculture / environnement|Art / design / audiovisuel|Sciences,Atelier / usine,Creation / design,ESIIA
syn-00975,C,5,5,4,5,Langues etrangeres|Histoire-Geographie,Redaction / communication|Travail en equipe|Vente / negociation|Electronique / bricolage technique,Art / design / audiovisuel|Agriculture / environnement|Technologie / informatique|Finance / comptabilite,Laboratoire,Recherche / enseignement|Entrepreneur / independant,CAA
syn-00976,C,3,4,3,3,Francais / Litterature|Informatique / Technologie|Arts,Creativite / design|Redaction / communication|Programmation|Electronique / bricolage technique,Agriculture / environnement|Technologie / informatique|BTP / construction,Bureau,Gestion / management|Technique / ingenierie,ESIIA
syn-00977,A2,3,3,3,3,Informatique / Technologie|Economie / Gestion|Francais / Litterature,Vente / negociation|Organisation / gestion de projet|Programmation,Technologie / informatique|Communication / medias|Sciences,Bureau,Technique / ingenierie,CAA
syn-00978,L,2,3,3,3,SVT|Informatique / Technologie|Sport,Electronique / bricolage technique|Programmation|Analyse de donnees / logique,Technologie / informatique|Sciences,Laboratoire,Creation / design|Entrepreneur / independant,CAA
syn-00979,D,5,3,2,3,Sport|Economie / Gestion|Histoire-Geographie,Vente / negociation|Organisation / gestion de projet|Electronique / bricolage technique|Travail en equipe,Droit / justice|Tourisme / hotellerie|Art / design / audiovisuel,Terrain / exterieur,Technique / ingenierie,FIC
syn-00980,D,3,4,2,3,Physique-Chimie|Sport|Mathematiques,Redaction / communication|Analyse de donnees / logique|Travail en equipe,Sciences|Tourisme / hotellerie|Sante / social|BTP / construction,Terrain / exterieur,Entrepreneur / independant,ICMP
syn-00981,L,2,4,3,4,Arts|Sport|Physique-Chimie,Redaction / communication|Travail en equipe,Entrepreneuriat / business|Art / design / audiovisuel|Finance / comptabilite,Mixte,Recherche / enseignement,CAA
syn-00982,D,4,3,4,3,SVT|Francais / Litterature|Sport,Electronique / bricolage technique|Travail en equipe,Sciences|Art / design / audiovisuel|Sante / social,Bureau,Recherche / enseignement,PIP
syn-00983,D,3,4,3,2,Physique-Chimie|Langues etrangeres|Economie / Gestion,Creativite / design|Analyse de donnees / logique|Redaction / communication|Organisation / gestion de projet,Technologie / informatique|BTP / construction|Entrepreneuriat / business|Finance / comptabilite,Mixte,Recherche / enseignement,IGGLIA
syn-00984,Technique agricole,3,3,4,2,SVT|Francais / Litterature,Redaction / communication|Travail en equipe|Creativite / design|Organisation / gestion de projet,Sante / social|BTP / construction|Sciences|Droit / justice,Terrain / exterieur,Technique / ingenierie|Commerce / relation client,PIP
syn-00985,A1,3,3,3,5,Arts|Histoire-Geographie|Langues etrangeres,Analyse de donnees / logique|Creativite / design,BTP / construction|Sciences,Bureau,Technique / ingenierie|Gestion / management,EMP
syn-00986,Technique genie civil,3,3,2,1,Informatique / Technologie|Mathematiques,Electronique / bricolage technique|Travail en equipe|Programmation|Analyse de donnees / logique,Technologie / informatique|Sciences|Finance / comptabilite|Entrepreneuriat / business,Terrain / exterieur,Entrepreneur / independant|Creation / design,FIC
syn-00987,A2,3,3,5,4,Mathematiques|Francais / Litterature,Electronique / bricolage technique|Redaction / communication|Analyse de donnees / logique|Vente / negociation,Sciences|Sante / social,Bureau,Recherche / enseignement|Gestion / management,DTJA
syn-00988,S,2,3,3,3,Physique-Chimie|Mathematiques,Electronique / bricolage technique|Programmation,Finance / comptabilite|Sciences,Bureau,Gestion / management,EMII
syn-00989,L,3,1,3,2,Mathematiques|Economie / Gestion|Arts,Vente / negociation|Electronique / bricolage technique|Programmation,Communication / medias|Finance / comptabilite,Terrain / exterieur,Commerce / relation client|Gestion / management,FIC
syn-00990,D,4,2,4,3,Physique-Chimie|Arts|Histoire-Geographie,Creativite / design|Redaction / communication|Electronique / bricolage technique|Organisation / gestion de projet,BTP / construction|Sciences|Entrepreneuriat / business|Droit / justice,Mixte,Technique / ingenierie|Entrepreneur / independant,GCA
syn-00991,D,3,5,4,2,Informatique / Technologie|Economie / Gestion|SVT,Programmation|Electronique / bricolage technique|Organisation / gestion de projet|Vente / negociation,Droit / justice|Tourisme / hotellerie|Finance / comptabilite|Technologie / informatique,Terrain / exterieur,Technique / ingenierie|Commerce / relation client,ESIIA
syn-00992,S,4,4,2,4,Mathematiques|Informatique / Technologie,Electronique / bricolage technique|Analyse de donnees / logique|Programmation|Redaction / communication,Technologie / informatique|Droit / justice,Bureau,Technique / ingenierie,IGGLIA
syn-00993,S,4,4,4,4,Mathematiques|Physique-Chimie,Electronique / bricolage technique|Analyse de donnees / logique,BTP / construction|Sciences|Entrepreneuriat / business,Mixte,Gestion / management,ESIIA
syn-00994,Technique industrielle,4,3,3,4,Sport|Informatique / Technologie,Programmation|Redaction / communication|Electronique / bricolage technique|Travail en equipe,Sante / social|Finance / comptabilite|Art / design / audiovisuel|Tourisme / hotellerie,Mixte,Technique / ingenierie|Creation / design,TEE
syn-00995,C,2,4,3,2,SVT|Arts,Electronique / bricolage technique|Analyse de donnees / logique|Creativite / design,Sciences|Agriculture / environnement|Art / design / audiovisuel|Entrepreneuriat / business,Mixte,Commerce / relation client,IAA
syn-00996,Technique agricole,3,4,2,3,SVT|Economie / Gestion|Arts,Analyse de donnees / logique|Vente / negociation|Programmation,Finance / comptabilite|Sciences|Sante / social,Bureau,Commerce / relation client|Recherche / enseignement,PIP
syn-00997,S,3,3,4,4,Sport|Informatique / Technologie|Langues etrangeres,Redaction / communication|Analyse de donnees / logique|Electronique / bricolage technique|Programmation,Sciences|Tourisme / hotellerie,Laboratoire,Technique / ingenierie|Gestion / management,PIP
syn-00998,C,4,2,3,1,Informatique / Technologie|Economie / Gestion|Histoire-Geographie,Vente / negociation|Organisation / gestion de projet|Electronique / bricolage technique|Analyse de donnees / logique,Sante / social|Finance / comptabilite,Terrain / exterieur,Technique / ingenierie,ISAIA
syn-00999,A2,2,2,2,4,Histoire-Geographie|Sport|Informatique / Technologie,Organisation / gestion de projet|Electronique / bricolage technique|Travail en equipe,Droit / justice|Tourisme / hotellerie|BTP / construction|Technologie / informatique,Terrain / exterieur,Gestion / management|Commerce / relation client,TEE
syn-01000,C,3,4,2,4,Economie / Gestion|Langues etrangeres,Analyse de donnees / logique|Vente / negociation,BTP / construction|Communication / medias,Mixte,Creation / design,FIC
syn-01001,S,4,4,3,2,Histoire-Geographie|Informatique / Technologie|Sport,Redaction / communication|Programmation|Creativite / design|Vente / negociation,Sciences|Art / design / audiovisuel|Droit / justice,Bureau,Technique / ingenierie,IMTICIA
syn-01002,C,4,3,5,4,Economie / Gestion|SVT,Analyse de donnees / logique|Vente / negociation|Organisation / gestion de projet|Creativite / design,Agriculture / environnement|Sante / social|Communication / medias,Atelier / usine,Gestion / management|Recherche / enseignement,EMP
syn-01003,S,4,3,3,2,Mathematiques|Arts|Informatique / Technologie,Analyse de donnees / logique|Organisation / gestion de projet|Creativite / design,Communication / medias|Droit / justice,Bureau,Gestion / management|Recherche / enseignement,ISAIA
syn-01004,A2,2,3,4,2,Francais / Litterature|SVT,Analyse de donnees / logique|Programmation|Travail en equipe|Organisation / gestion de projet,Technologie / informatique|Sante / social,Mixte,Recherche / enseignement,TEE
syn-01005,L,3,1,3,3,Langues etrangeres|SVT|Francais / Litterature,Redaction / communication|Creativite / design,Sante / social|Agriculture / environnement,Terrain / exterieur,Gestion / management|Recherche / enseignement,DTJA
syn-01006,D,2,4,5,3,Francais / Litterature|Physique-Chimie|Economie / Gestion,Vente / negociation|Analyse de donnees / logique|Travail en equipe,Communication / medias|Agriculture / environnement|Sciences|Droit / justice,Terrain / exterieur,Commerce / relation client|Creation / design,ICMP
syn-01007,D,2,3,3,3,Arts|Sport|Economie / Gestion,Creativite / design|Travail en equipe|Programmation,Entrepreneuriat / business|Art / design / audiovisuel|BTP / construction,Atelier / usine,Commerce / relation client|Entrepreneur / independant,CAA
syn-01008,S,2,3,2,4,Histoire-Geographie|Economie / Gestion|Physique-Chimie,Electronique / bricolage technique|Analyse de donnees / logique,Sciences|BTP / construction|Tourisme / hotellerie,Bureau,Gestion / management|Creation / design,EMP
syn-01009,C,5,4,3,2,Economie / Gestion|Mathematiques,Organisation / gestion de projet|Analyse de donnees / logique|Vente / negociation,Art / design / audiovisuel|Entrepreneuriat / business,Mixte,Gestion / management|Creation / design,EMP
syn-01010,L,3,3,4,3,Physique-Chimie|Sport|Arts,Redaction / communication|Creativite / design|Electronique / bricolage technique,BTP / construction|Communication / medias|Sciences,Mixte,Entrepreneur / independant,CAA
syn-01011,S,3,3,3,3,Histoire-Geographie|Langues etrangeres,Redaction / communication|Travail en equipe,Tourisme / hotellerie|Communication / medias|BTP / construction,Terrain / exterieur,Entrepreneur / independant,TEH
syn-01012,A1,3,3,4,3,Francais / Litterature|Physique-Chimie,Programmation|Redaction / communication|Vente / negociation,Communication / medias|Tourisme / hotellerie|Agriculture / environnement,Atelier / usine,Entrepreneur / independant,TEE
syn-01013,C,3,2,4,2,Langues etrangeres|Sport,Programmation|Travail en equipe|Redaction / communication,Communication / medias|Technologie / informatique,Bureau,Entrepreneur / independant|Gestion / management,TEE
syn-01014,L,2,4,4,3,SVT|Sport|Informatique / Technologie,Electronique / bricolage technique|Programmation|Creativite / design,Agriculture / environnement|Finance / comptabilite|Art / design / audiovisuel,Laboratoire,Technique / ingenierie,TEE
syn-01015,L,1,3,4,2,Langues etrangeres|Histoire-Geographie,Travail en equipe|Creativite / design|Programmation,Droit / justice|Technologie / informatique,Atelier / usine,Creation / design|Entrepreneur / independant,TEH
syn-01016,A2,1,2,4,4,Sport|Francais / Litterature,Redaction / communication|Travail en equipe|Electronique / bricolage technique,Communication / medias|Sante / social,Bureau,Gestion / management|Recherche / enseignement,CAA
syn-01017,A2,1,3,4,3,Economie / Gestion|Histoire-Geographie,Travail en equipe|Analyse de donnees / logique|Vente / negociation,Tourisme / hotellerie|Entrepreneuriat / business|Sante / social,Laboratoire,Entrepreneur / independant,CAA
syn-01018,D,3,3,2,3,Informatique / Technologie|Mathematiques,Redaction / communication|Electronique / bricolage technique,Tourisme / hotellerie|BTP / construction,Terrain / exterieur,Entrepreneur / independant|Creation / design,GCA
syn-01019,A2,1,4,3,4,Arts|SVT|Langues etrangeres,Analyse de donnees / logique|Vente / negociation|Programmation,Agriculture / environnement|Communication / medias|Entrepreneuriat / business|BTP / construction,Mixte,Recherche / enseignement|Creation / design,CAA
syn-01020,C,3,4,3,4,Arts|Francais / Litterature,Analyse de donnees / logique|Redaction / communication|Creativite / design|Organisation / gestion de projet,BTP / construction|Communication / medias|Art / design / audiovisuel,Terrain / exterieur,Commerce / relation client|Technique / ingenierie,IMTICIA
syn-01021,S,4,4,3,3,Langues etrangeres|SVT|Economie / Gestion,Organisation / gestion de projet|Redaction / communication|Vente / negociation,Art / design / audiovisuel|Sciences,Atelier / usine,Recherche / enseignement|Commerce / relation client,CAA
syn-01022,A2,2,3,5,2,Francais / Litterature|Physique-Chimie|Mathematiques,Electronique / bricolage technique|Travail en equipe|Redaction / communication,Entrepreneuriat / business|Communication / medias,Mixte,Technique / ingenierie,DTJA
syn-01023,D,2,3,2,4,Economie / Gestion|Arts|Informatique / Technologie,Programmation|Electronique / bricolage technique|Organisation / gestion de projet|Vente / negociation,Droit / justice|Communication / medias|Technologie / informatique,Laboratoire,Gestion / management,ESIIA
syn-01024,A2,4,2,2,3,Economie / Gestion|Informatique / Technologie,Vente / negociation|Travail en equipe|Organisation / gestion de projet|Redaction / communication,Art / design / audiovisuel|Technologie / informatique|Entrepreneuriat / business,Terrain / exterieur,Commerce / relation client,CAA
syn-01025,D,3,4,3,3,Langues etrangeres|Histoire-Geographie,Analyse de donnees / logique|Organisation / gestion de projet|Travail en equipe|Redaction / communication,Art / design / audiovisuel|Communication / medias|Droit / justice|Tourisme / hotellerie,Bureau,Recherche / enseignement|Creation / design,DTJA
syn-01026,Technique industrielle,4,2,3,2,SVT|Histoire-Geographie,Electronique / bricolage technique|Vente / negociation,Agriculture / environnement|Tourisme / hotellerie|Sciences,Laboratoire,Commerce / relation client|Recherche / enseignement,TEE
syn-01027,D,4,3,2,3,Informatique / Technologie|Francais / Litterature|SVT,Programmation|Redaction / communication,Agriculture / environnement|Sante / social,Laboratoire,Entrepreneur / independant,AEE
syn-01028,L,2,5,3,4,SVT|Histoire-Geographie,Analyse de donnees / logique|Programmation,Entrepreneuriat / business|Tourisme / hotellerie|Agriculture / environnement,Bureau,Recherche / enseignement|Technique / ingenierie,TEE
syn-01029,D,3,5,2,3,Arts|Informatique / Technologie|SVT,Programmation|Electronique / bricolage technique|Creativite / design|Travail en equipe,Sante / social|Communication / medias,Terrain / exterieur,Gestion / management|Creation / design,IMTICIA
syn-01030,C,3,4,2,3,SVT|Economie / Gestion|Arts,Programmation|Creativite / design,Communication / medias|Art / design / audiovisuel|Finance / comptabilite|Agriculture / environnement,Atelier / usine,Creation / design|Recherche / enseignement,IMTICIA
syn-01031,C,4,3,2,3,Histoire-Geographie|Economie / Gestion|Mathematiques,Analyse de donnees / logique|Creativite / design|Redaction / communication,Sciences|Droit / justice|Tourisme / hotellerie,Laboratoire,Recherche / enseignement,ISAIA
syn-01032,A1,3,4,3,3,SVT|Histoire-Geographie,Travail en equipe|Vente / negociation,Art / design / audiovisuel|Droit / justice,Mixte,Gestion / management,TEH
syn-01033,S,2,4,3,2,Arts|Physique-Chimie,Analyse de donnees / logique|Electronique / bricolage technique|Programmation,Sciences|Finance / comptabilite,Bureau,Gestion / management,PIP
syn-01034,D,3,3,3,3,Histoire-Geographie|Informatique / Technologie,Electronique / bricolage technique|Programmation|Vente / negociation,Technologie / informatique|Droit / justice,Terrain / exterieur,Commerce / relation client|Technique / ingenierie,ESIIA
syn-01035,C,5,3,3,3,Mathematiques|Arts,Creativite / design|Vente / negociation|Organisation / gestion de projet,BTP / construction|Finance / comptabilite,Terrain / exterieur,Entrepreneur / independant,GCA
syn-01036,A2,3,2,3,4,Mathematiques|Economie / Gestion|Sport,Vente / negociation|Organisation / gestion de projet|Programmation,Sciences|Art / design / audiovisuel|Entrepreneuriat / business,Terrain / exterieur,Recherche / enseignement|Gestion / management,EMP
syn-01037,S,5,4,3,2,Histoire-Geographie|Physique-Chimie,Programmation|Travail en equipe|Analyse de donnees / logique,Sciences|Art / design / audiovisuel,Atelier / usine,Commerce / relation client,ISAIA
syn-01038,L,4,1,3,2,Sport|SVT|Histoire-Geographie,Redaction / communication|Travail en equipe|Programmation|Analyse de donnees / logique,Sante / social|Droit / justice|Tourisme / hotellerie,Mixte,Gestion / management,TEE
syn-01039,D,4,5,3,4,Sport|SVT,Travail en equipe|Redaction / communication,Agriculture / environnement|Sante / social,Mixte,Technique / ingenierie|Creation / design,PIP
syn-01040,A1,1,2,2,4,Physique-Chimie|Langues etrangeres,Electronique / bricolage technique|Programmation,BTP / construction|Tourisme / hotellerie|Finance / comptabilite|Technologie / informatique,Atelier / usine,Entrepreneur / independant|Technique / ingenierie,TEE
syn-01041,S,5,4,4,3,Mathematiques|Histoire-Geographie,Analyse de donnees / logique|Creativite / design|Programmation,Sciences|Art / design / audiovisuel,Atelier / usine,Gestion / management|Technique / ingenierie,ISAIA
syn-01042,C,3,5,2,4,Economie / Gestion|Histoire-Geographie|Langues etrangeres,Redaction / communication|Programmation|Organisation / gestion de projet|Analyse de donnees / logique,Tourisme / hotellerie|Droit / justice|Communication / medias,Terrain / exterieur,Gestion / management|Commerce / relation client,EMP
syn-01043,S,3,4,1,3,Informatique / Technologie|Histoire-Geographie,Creativite / design|Programmation|Organisation / gestion de projet|Electronique / bricolage technique,Tourisme / hotellerie|Technologie / informatique,Terrain / exterieur,Creation / design|Commerce / relation client,IGGLIA
syn-01044,L,3,3,2,4,Langues etrangeres|Economie / Gestion,Creativite / design|Redaction / communication|Electronique / bricolage technique,Finance / comptabilite|Entrepreneuriat / business,Bureau,Recherche / enseignement|Entrepreneur / independant,CAA
syn-01045,D,4,4,2,4,SVT|Sport|Economie / Gestion,Vente / negociation|Electronique / bricolage technique|Travail en equipe|Creativite / design,Agriculture / environnement|Entrepreneuriat / business|Droit / justice|Tourisme / hotellerie,Terrain / exterieur,Recherche / enseignement|Creation / design,AEE
syn-01046,C,5,3,3,4,Histoire-Geographie|Francais / Litterature,Vente / negociation|Redaction / communication|Electronique / bricolage technique|Analyse de donnees / logique,Communication / medias|Tourisme / hotellerie|Droit / justice|Entrepreneuriat / business,Bureau,Creation / design,CAA
syn-01047,L,2,3,3,3,Physique-Chimie|Langues etrangeres|Arts,Redaction / communication|Analyse de donnees / logique|Creativite / design,Sciences|Sante / social|Technologie / informatique|BTP / construction,Mixte,Commerce / relation client|Entrepreneur / independant,DTJA
syn-01048,C,5,5,3,2,Informatique / Technologie|SVT|Histoire-Geographie,Analyse de donnees / logique|Travail en equipe|Electronique / bricolage technique,Sciences|Sante / social|Art / design / audiovisuel,Terrain / exterieur,Entrepreneur / independant|Technique / ingenierie,ESIIA
syn-01049,A2,3,4,4,2,Sport|Arts|Langues etrangeres,Travail en equipe|Redaction / communication|Organisation / gestion de projet,Tourisme / hotellerie|Art / design / audiovisuel|BTP / construction|Finance / comptabilite,Laboratoire,Technique / ingenierie,TEH
syn-01050,S,4,4,3,3,Informatique / Technologie|Histoire-Geographie|Mathematiques,Travail en equipe|Analyse de donnees / logique|Programmation|Creativite / design,Finance / comptabilite|Entrepreneuriat / business,Mixte,Commerce / relation client,CAA
syn-01051,D,4,3,2,4,Histoire-Geographie|Physique-Chimie|Arts,Organisation / gestion de projet|Analyse de donnees / logique,Sciences|Tourisme / hotellerie|BTP / construction,Laboratoire,Technique / ingenierie|Gestion / management,FIC
syn-01052,L,4,2,2,4,Physique-Chimie|Histoire-Geographie,Vente / negociation|Electronique / bricolage technique|Analyse de donnees / logique|Travail en equipe,Droit / justice|Art / design / audiovisuel|Finance / comptabilite|Entrepreneuriat / business,Bureau,Creation / design,EMP
syn-01053,D,3,4,4,2,Langues etrangeres|Mathematiques,Analyse de donnees / logique|Programmation,BTP / construction|Sciences|Art / design / audiovisuel,Mixte,Entrepreneur / independant,ISAIA
syn-01054,A2,2,4,4,3,SVT|Sport,Analyse de donnees / logique|Electronique / bricolage technique|Organisation / gestion de projet,Sante / social|Art / design / audiovisuel,Bureau,Commerce / relation client,TEE
syn-01055,S,3,3,2,2,Mathematiques|Francais / Litterature,Analyse de donnees / logique|Redaction / communication|Electronique / bricolage technique,Entrepreneuriat / business|Sciences,Bureau,Entrepreneur / independant|Technique / ingenierie,ISAIA
syn-01056,L,1,2,4,3,Histoire-Geographie|Francais / Litterature,Vente / negociation|Travail en equipe|Creativite / design,Agriculture / environnement|Communication / medias,Bureau,Recherche / enseignement,DTJA
syn-01057,Technique industrielle,1,3,2,1,Informatique / Technologie|Sport,Analyse de donnees / logique|Electronique / bricolage technique|Vente / negociation|Organisation / gestion de projet,BTP / construction|Tourisme / hotellerie,Atelier / usine,Recherche / enseignement,EMII
syn-01058,C,3,4,3,3,Physique-Chimie|Informatique / Technologie|Francais / Litterature,Electronique / bricolage technique|Analyse de donnees / logique|Organisation / gestion de projet,Communication / medias|Technologie / informatique,Terrain / exterieur,Technique / ingenierie|Recherche / enseignement,ESIIA
syn-01059,C,3,5,3,4,Physique-Chimie|Economie / Gestion|Sport,Programmation|Organisation / gestion de projet,Entrepreneuriat / business|Agriculture / environnement|Droit / justice,Mixte,Gestion / management|Recherche / enseignement,EMP
syn-01060,A1,3,1,3,4,Sport|Physique-Chimie,Analyse de donnees / logique|Electronique / bricolage technique|Vente / negociation|Redaction / communication,Art / design / audiovisuel|Sante / social,Mixte,Creation / design,DTJA
syn-01061,S,4,2,3,3,Histoire-Geographie|Sport|Physique-Chimie,Travail en equipe|Electronique / bricolage technique,Communication / medias|Droit / justice|Technologie / informatique|Tourisme / hotellerie,Mixte,Recherche / enseignement|Technique / ingenierie,ESIIA
syn-01062,Technique industrielle,4,4,3,4,Mathematiques|Langues etrangeres|Sport,Redaction / communication|Vente / negociation,Art / design / audiovisuel|Tourisme / hotellerie|Sciences|Agriculture / environnement,Bureau,Entrepreneur / independant|Recherche / enseignement,ISAIA
syn-01063,A2,3,3,3,4,Histoire-Geographie|Physique-Chimie,Analyse de donnees / logique|Organisation / gestion de projet,Tourisme / hotellerie|Entrepreneuriat / business|Technologie / informatique|Agriculture / environnement,Mixte,Recherche / enseignement,EMP
syn-01064,C,5,3,4,2,Francais / Litterature|Langues etrangeres|Informatique / Technologie,Electronique / bricolage technique|Programmation|Redaction / communication,Technologie / informatique|Sante / social|Tourisme / hotellerie|Entrepreneuriat / business,Mixte,Commerce / relation client,ESIIA
syn-01065,S,5,4,3,4,Mathematiques|Langues etrangeres|Economie / Gestion,Travail en equipe|Organisation / gestion de projet|Redaction / communication,Tourisme / hotellerie|Technologie / informatique|Art / design / audiovisuel,Mixte,Entrepreneur / independant|Recherche / enseignement,ISAIA
syn-01066,S,4,3,4,3,SVT|Sport|Physique-Chimie,Travail en equipe|Electronique / bricolage technique|Programmation,BTP / construction|Droit / justice,Bureau,Gestion / management|Commerce / relation client,ESIIA
syn-01067,A1,3,2,3,2,Histoire-Geographie|Francais / Litterature|Langues etrangeres,Travail en equipe|Analyse de donnees / logique|Creativite / design|Organisation / gestion de projet,Sante / social|Technologie / informatique,Bureau,Recherche / enseignement,CAA
syn-01068,C,4,2,1,3,Sport|Arts,Creativite / design|Vente / negociation|Electronique / bricolage technique|Analyse de donnees / logique,Entrepreneuriat / business|Communication / medias|BTP / construction,Terrain / exterieur,Technique / ingenierie|Creation / design,GCA
syn-01069,D,3,4,4,4,Economie / Gestion|Langues etrangeres|Histoire-Geographie,Travail en equipe|Vente / negociation|Organisation / gestion de projet|Analyse de donnees / logique,Sciences|Finance / comptabilite|BTP / construction|Art / design / audiovisuel,Mixte,Recherche / enseignement,FIC
syn-01070,D,3,1,2,3,SVT|Informatique / Technologie|Arts,Vente / negociation|Electronique / bricolage technique|Programmation,Sciences|Art / design / audiovisuel,Bureau,Technique / ingenierie|Creation / design,ESIIA
syn-01071,S,3,5,4,4,Physique-Chimie|Mathematiques,Analyse de donnees / logique|Electronique / bricolage technique|Programmation,Communication / medias|Technologie / informatique,Bureau,Gestion / management,ESIIA
syn-01072,D,3,4,3,2,Histoire-Geographie|SVT|Francais / Litterature,Electronique / bricolage technique|Analyse de donnees / logique,Communication / medias|Droit / justice|Tourisme / hotellerie|Agriculture / environnement,Bureau,Creation / design,AEE
syn-01073,D,4,3,3,4,Sport|Physique-Chimie|SVT,Redaction / communication|Creativite / design,Sante / social|Communication / medias,Atelier / usine,Entrepreneur / independant|Technique / ingenierie,EMII
syn-01074,C,5,3,4,3,Physique-Chimie|Economie / Gestion|Francais / Litterature,Organisation / gestion de projet|Redaction / communication|Electronique / bricolage technique,Finance / comptabilite|BTP / construction|Entrepreneuriat / business|Art / design / audiovisuel,Bureau,Technique / ingenierie,ESIIA
syn-01075,D,5,2,2,4,Histoire-Geographie|Informatique / Technologie|Economie / Gestion,Programmation|Electronique / bricolage technique,Technologie / informatique|Entrepreneuriat / business|Communication / medias,Mixte,Recherche / enseignement|Commerce / relation client,IGGLIA
syn-01076,S,5,4,1,1,SVT|Mathematiques|Francais / Litterature,Analyse de donnees / logique|Redaction / communication,Sante / social|Agriculture / environnement|Droit / justice|Communication / medias,Bureau,Entrepreneur / independant|Recherche / enseignement,ISAIA
syn-01077,D,4,5,2,4,Economie / Gestion|Arts|Physique-Chimie,Analyse de donnees / logique|Redaction / communication|Vente / negociation|Creativite / design,BTP / construction|Communication / medias|Finance / comptabilite|Sciences,Bureau,Entrepreneur / independant,CAA
syn-01078,A1,3,5,2,4,Histoire-Geographie|Physique-Chimie|SVT,Analyse de donnees / logique|Programmation|Creativite / design,Art / design / audiovisuel|Droit / justice,Atelier / usine,Commerce / relation client,EMP
syn-01079,A1,3,2,3,2,Informatique / Technologie|SVT,Electronique / bricolage technique|Travail en equipe,Sciences|Sante / social|Agriculture / environnement,Laboratoire,Commerce / relation client,TEE
syn-01080,D,5,5,3,3,Sport|Arts|SVT,Programmation|Travail en equipe|Creativite / design,Droit / justice|Art / design / audiovisuel,Bureau,Technique / ingenierie,IMTICIA
syn-01081,A1,3,1,5,4,Langues etrangeres|Mathematiques|Sport,Vente / negociation|Redaction / communication,Communication / medias|BTP / construction|Tourisme / hotellerie,Laboratoire,Commerce / relation client|Technique / ingenierie,TEH
syn-01082,D,4,5,3,3,Physique-Chimie|SVT,Electronique / bricolage technique|Travail en equipe|Vente / negociation,BTP / construction|Sante / social|Sciences|Art / design / audiovisuel,Mixte,Gestion / management,PIP
syn-01083,L,1,2,4,2,Langues etrangeres|Informatique / Technologie|Arts,Redaction / communication|Vente / negociation|Creativite / design,Communication / medias|Tourisme / hotellerie,Bureau,Technique / ingenierie|Recherche / enseignement,TEH
syn-01084,A2,3,4,3,4,Economie / Gestion|SVT|Mathematiques,Analyse de donnees / logique|Organisation / gestion de projet|Programmation|Travail en equipe,Tourisme / hotellerie|Sante / social|Finance / comptabilite,Bureau,Technique / ingenierie|Recherche / enseignement,FIC
syn-01085,S,4,3,4,3,SVT|Mathematiques|Economie / Gestion,Creativite / design|Vente / negociation,Finance / comptabilite|Sciences|Tourisme / hotellerie,Mixte,Commerce / relation client|Recherche / enseignement,ISAIA
syn-01086,S,3,4,5,4,Sport|Francais / Litterature,Redaction / communication|Programmation,Communication / medias|BTP / construction,Terrain / exterieur,Recherche / enseignement,TEE
syn-01087,D,3,3,2,3,Economie / Gestion|Physique-Chimie|Informatique / Technologie,Travail en equipe|Electronique / bricolage technique|Programmation,Technologie / informatique|Art / design / audiovisuel,Terrain / exterieur,Recherche / enseignement|Technique / ingenierie,ESIIA
syn-01088,S,4,5,3,3,Physique-Chimie|Sport,Travail en equipe|Electronique / bricolage technique,Finance / comptabilite|BTP / construction|Sciences|Tourisme / hotellerie,Terrain / exterieur,Commerce / relation client|Recherche / enseignement,TEH
syn-01089,D,3,3,4,3,Economie / Gestion|Mathematiques|Sport,Travail en equipe|Vente / negociation|Analyse de donnees / logique,Finance / comptabilite|Sciences|Agriculture / environnement,Mixte,Gestion / management|Entrepreneur / independant,FIC
syn-01090,A2,3,3,2,3,Mathematiques|SVT|Histoire-Geographie,Organisation / gestion de projet|Analyse de donnees / logique,BTP / construction|Tourisme / hotellerie|Finance / comptabilite|Art / design / audiovisuel,Atelier / usine,Technique / ingenierie,FIC
syn-01091,C,4,5,4,2,SVT|Physique-Chimie,Analyse de donnees / logique|Electronique / bricolage technique|Creativite / design|Travail en equipe,Sciences|Sante / social|Agriculture / environnement,Bureau,Commerce / relation client|Gestion / management,ESIIA
syn-01092,C,2,3,1,2,Arts|Histoire-Geographie|SVT,Creativite / design|Redaction / communication|Vente / negociation,Technologie / informatique|Agriculture / environnement,Mixte,Commerce / relation client,IMTICIA
syn-01093,Technique industrielle,3,3,3,3,Mathematiques|Histoire-Geographie|Informatique / Technologie,Analyse de donnees / logique|Vente / negociation,Sante / social|Finance / comptabilite|Tourisme / hotellerie|Agriculture / environnement,Terrain / exterieur,Technique / ingenierie|Creation / design,ISAIA
syn-01094,C,4,3,2,3,Mathematiques|SVT,Analyse de donnees / logique|Programmation|Organisation / gestion de projet|Vente / negociation,Finance / comptabilite|Communication / medias|Entrepreneuriat / business,Atelier / usine,Technique / ingenierie|Creation / design,ISAIA
syn-01095,C,3,4,3,4,Informatique / Technologie|Francais / Litterature|Langues etrangeres,Redaction / communication|Electronique / bricolage technique|Organisation / gestion de projet|Programmation,Tourisme / hotellerie|Communication / medias|Sante / social|Droit / justice,Terrain / exterieur,Technique / ingenierie|Recherche / enseignement,TEE
syn-01096,C,3,2,3,2,Langues etrangeres|Informatique / Technologie,Travail en equipe|Analyse de donnees / logique|Redaction / communication|Electronique / bricolage technique,Communication / medias|Tourisme / hotellerie,Bureau,Commerce / relation client|Entrepreneur / independant,TEH
syn-01097,A1,3,3,2,2,Langues etrangeres|Economie / Gestion,Analyse de donnees / logique|Redaction / communication,Communication / medias|Tourisme / hotellerie|Finance / comptabilite,Mixte,Gestion / management|Creation / design,TEH
syn-01098,C,3,3,4,3,Histoire-Geographie|Mathematiques,Programmation|Analyse de donnees / logique|Organisation / gestion de projet,Droit / justice|Communication / medias|Finance / comptabilite,Bureau,Entrepreneur / independant|Technique / ingenierie,FIC
syn-01099,D,4,5,4,3,Mathematiques|SVT|Physique-Chimie,Analyse de donnees / logique|Travail en equipe,Finance / comptabilite|Sciences,Laboratoire,Recherche / enseignement,PIP
syn-01100,C,5,3,2,3,SVT|Sport,Travail en equipe|Redaction / communication,Finance / comptabilite|Agriculture / environnement,Laboratoire,Commerce / relation client,ISAIA
syn-01101,S,5,2,2,5,Histoire-Geographie|Sport|Economie / Gestion,Redaction / communication|Electronique / bricolage technique|Travail en equipe,Sante / social|Tourisme / hotellerie,Laboratoire,Gestion / management,EMP
syn-01102,S,5,5,3,3,Mathematiques|Sport,Travail en equipe|Organisation / gestion de projet|Analyse de donnees / logique,Technologie / informatique|Tourisme / hotellerie,Mixte,Creation / design,ISAIA
syn-01103,D,3,4,4,4,Francais / Litterature|Langues etrangeres|SVT,Redaction / communication|Electronique / bricolage technique|Organisation / gestion de projet,Droit / justice|Communication / medias|Tourisme / hotellerie,Bureau,Gestion / management,DTJA
syn-01104,C,5,4,4,2,Physique-Chimie|SVT|Histoire-Geographie,Electronique / bricolage technique|Analyse de donnees / logique|Redaction / communication,BTP / construction|Sciences|Sante / social,Mixte,Commerce / relation client|Entrepreneur / independant,PIP
syn-01105,L,1,2,4,2,Francais / Litterature|Economie / Gestion|Informatique / Technologie,Redaction / communication|Vente / negociation|Analyse de donnees / logique|Organisation / gestion de projet,BTP / construction|Communication / medias,Mixte,Recherche / enseignement,CAA
syn-01106,C,4,5,3,2,Arts|Physique-Chimie|Langues etrangeres,Creativite / design|Redaction / communication,Sciences|Art / design / audiovisuel|Communication / medias,Bureau,Commerce / relation client,IMTICIA
syn-01107,D,3,5,3,4,Physique-Chimie|Sport,Travail en equipe|Analyse de donnees / logique|Organisation / gestion de projet|Programmation,Technologie / informatique|BTP / construction|Tourisme / hotellerie,Atelier / usine,Gestion / management|Technique / ingenierie,EMII
syn-01108,D,4,5,3,4,Informatique / Technologie|Economie / Gestion,Vente / negociation|Organisation / gestion de projet,Sciences|Finance / comptabilite|Technologie / informatique,Atelier / usine,Entrepreneur / independant|Technique / ingenierie,ESIIA
syn-01109,D,2,5,4,4,Histoire-Geographie|Arts|Sport,Vente / negociation|Analyse de donnees / logique|Travail en equipe|Creativite / design,Communication / medias|Finance / comptabilite|BTP / construction,Bureau,Entrepreneur / independant|Recherche / enseignement,CAA
syn-01110,A2,1,4,3,5,Sport|Histoire-Geographie|Physique-Chimie,Electronique / bricolage technique|Travail en equipe|Vente / negociation,BTP / construction|Sante / social,Atelier / usine,Technique / ingenierie|Entrepreneur / independant,CAA
syn-01111,C,4,3,3,3,Langues etrangeres|Arts|Francais / Litterature,Redaction / communication|Creativite / design,Tourisme / hotellerie|Communication / medias,Mixte,Recherche / enseignement,TEH
syn-01112,A2,3,2,4,4,Economie / Gestion|Informatique / Technologie,Vente / negociation|Programmation,Finance / comptabilite|Technologie / informatique,Bureau,Creation / design|Technique / ingenierie,CAA
syn-01113,S,2,2,3,3,Sport|Informatique / Technologie,Travail en equipe|Electronique / bricolage technique|Organisation / gestion de projet,Droit / justice|BTP / construction,Laboratoire,Entrepreneur / independant|Commerce / relation client,CAA
syn-01114,S,5,5,2,4,Arts|Economie / Gestion,Programmation|Creativite / design,Communication / medias|Technologie / informatique|BTP / construction|Sante / social,Bureau,Gestion / management,IGGLIA
syn-01115,A2,2,2,3,4,Arts|Mathematiques,Analyse de donnees / logique|Creativite / design,Communication / medias|Sciences|Droit / justice,Mixte,Entrepreneur / independant,FIC
syn-01116,A1,2,2,3,3,Arts|Histoire-Geographie|Informatique / Technologie,Electronique / bricolage technique|Programmation,Tourisme / hotellerie|Finance / comptabilite,Terrain / exterieur,Gestion / management|Entrepreneur / independant,TEE
syn-01117,S,3,4,2,2,Mathematiques|Arts|Francais / Litterature,Redaction / communication|Creativite / design|Vente / negociation,Communication / medias|Entrepreneuriat / business|Technologie / informatique|Art / design / audiovisuel,Bureau,Recherche / enseignement|Gestion / management,IMTICIA
syn-01118,C,4,3,2,3,Mathematiques|Physique-Chimie,Programmation|Analyse de donnees / logique,Finance / comptabilite|Sciences,Terrain / exterieur,Technique / ingenierie,ISAIA
syn-01119,A1,3,3,3,3,Langues etrangeres|Sport|Informatique / Technologie,Electronique / bricolage technique|Programmation,Agriculture / environnement|Communication / medias|Tourisme / hotellerie,Bureau,Commerce / relation client|Technique / ingenierie,TEE
syn-01120,Technique agricole,2,3,3,3,Physique-Chimie|Histoire-Geographie|Arts,Creativite / design|Vente / negociation,Communication / medias|Art / design / audiovisuel,Bureau,Entrepreneur / independant|Creation / design,DTJA
syn-01121,A2,3,3,5,3,Langues etrangeres|Histoire-Geographie|Physique-Chimie,Creativite / design|Organisation / gestion de projet|Electronique / bricolage technique,BTP / construction|Tourisme / hotellerie|Droit / justice,Mixte,Gestion / management,TEH
syn-01122,S,5,3,4,5,SVT|Economie / Gestion|Physique-Chimie,Analyse de donnees / logique|Electronique / bricolage technique|Organisation / gestion de projet|Vente / negociation,Agriculture / environnement|Communication / medias,Laboratoire,Commerce / relation client|Creation / design,EMP
syn-01123,A2,3,5,5,2,Mathematiques|Informatique / Technologie,Analyse de donnees / logique|Electronique / bricolage technique,Technologie / informatique|Sante / social|Sciences,Bureau,Gestion / management|Creation / design,PIP
syn-01124,A1,2,3,4,3,Sport|SVT|Langues etrangeres,Travail en equipe|Programmation,Tourisme / hotellerie|Finance / comptabilite|Sante / social|Agriculture / environnement,Terrain / exterieur,Entrepreneur / independant,TEE
syn-01125,S,5,5,3,4,Histoire-Geographie|Francais / Litterature,Electronique / bricolage technique|Redaction / communication|Organisation / gestion de projet|Travail en equipe,Communication / medias|Technologie / informatique|Agriculture / environnement,Mixte,Creation / design|Entrepreneur / independant,ESIIA
syn-01126,D,4,3,1,2,SVT|Sport,Travail en equipe|Creativite / design,Sante / social|Finance / comptabilite|Sciences|Art / design / audiovisuel,Bureau,Entrepreneur / independant,PIP
syn-01127,A1,1,3,2,4,Histoire-Geographie|Economie / Gestion|Mathematiques,Programmation|Analyse de donnees / logique|Vente / negociation,Sciences|Tourisme / hotellerie|Entrepreneuriat / business,Mixte,Technique / ingenierie|Recherche / enseignement,CAA
syn-01128,D,4,4,5,4,Langues etrangeres|Arts,Organisation / gestion de projet|Creativite / design|Redaction / communication,Technologie / informatique|Communication / medias|Art / design / audiovisuel,Terrain / exterieur,Commerce / relation client|Gestion / management,IMTICIA
syn-01129,A1,3,3,4,3,Langues etrangeres|Sport,Travail en equipe|Organisation / gestion de projet|Redaction / communication,Droit / justice|Tourisme / hotellerie|Communication / medias,Bureau,Recherche / enseignement|Commerce / relation client,DTJA
syn-01130,C,3,4,2,2,Histoire-Geographie|Informatique / Technologie|SVT,Electronique / bricolage technique|Programmation|Analyse de donnees / logique,Finance / comptabilite|Sante / social,Mixte,Commerce / relation client,PIP
syn-01131,S,2,2,3,3,Langues etrangeres|Physique-Chimie,Vente / negociation|Redaction / communication,Finance / comptabilite|Sciences|Technologie / informatique|BTP / construction,Mixte,Commerce / relation client|Technique / ingenierie,CAA
syn-01132,S,3,3,2,3,Arts|SVT|Sport,Travail en equipe|Redaction / communication|Vente / negociation,Art / design / audiovisuel|Sante / social|Sciences|Technologie / informatique,Bureau,Entrepreneur / independant|Commerce / relation client,CAA
syn-01133,D,4,2,4,3,Informatique / Technologie|Physique-Chimie|Arts,Creativite / design|Electronique / bricolage technique|Analyse de donnees / logique,Communication / medias|Technologie / informatique|BTP / construction|Art / design / audiovisuel,Terrain / exterieur,Creation / design,IMTICIA
syn-01134,C,5,4,3,3,Informatique / Technologie|Physique-Chimie|SVT,Redaction / communication|Analyse de donnees / logique|Electronique / bricolage technique,Sciences|Finance / comptabilite|Agriculture / environnement|Technologie / informatique,Terrain / exterieur,Gestion / management,PIP
syn-01135,A1,1,2,2,3,Francais / Litterature|Arts,Programmation|Redaction / communication|Travail en equipe,Sante / social|Art / design / audiovisuel|Communication / medias|Finance / comptabilite,Bureau,Gestion / management|Recherche / enseignement,EMP
syn-01136,A1,3,3,3,3,Francais / Litterature|Langues etrangeres|Informatique / Technologie,Electronique / bricolage technique|Redaction / communication,Communication / medias|Finance / comptabilite|Entrepreneuriat / business,Laboratoire,Gestion / management,EMP
syn-01137,D,2,2,3,2,Physique-Chimie|Informatique / Technologie,Travail en equipe|Programmation|Creativite / design|Electronique / bricolage technique,Sciences|BTP / construction,Terrain / exterieur,Creation / design,ESIIA
syn-01138,C,2,4,2,3,Sport|Francais / Litterature|SVT,Electronique / bricolage technique|Redaction / communication|Travail en equipe,Communication / medias|Sciences|Sante / social|Technologie / informatique,Laboratoire,Entrepreneur / independant|Gestion / management,PIP
syn-01139,A2,2,1,3,4,Arts|Francais / Litterature|Mathematiques,Creativite / design|Redaction / communication|Programmation|Vente / negociation,Finance / comptabilite|Sante / social|Art / design / audiovisuel|Droit / justice,Mixte,Gestion / management|Creation / design,DTJA
syn-01140,D,3,4,2,3,Economie / Gestion|Langues etrangeres|SVT,Analyse de donnees / logique|Vente / negociation,Communication / medias|Sciences|Sante / social,Atelier / usine,Creation / design,PIP
syn-01141,S,3,4,4,4,Histoire-Geographie|Physique-Chimie,Analyse de donnees / logique|Creativite / design,Tourisme / hotellerie|BTP / construction|Droit / justice|Communication / medias,Terrain / exterieur,Creation / design|Gestion / management,EMP
syn-01142,C,3,2,3,2,Langues etrangeres|Francais / Litterature|Informatique / Technologie,Redaction / communication|Electronique / bricolage technique|Programmation|Organisation / gestion de projet,Technologie / informatique|Communication / medias|Agriculture / environnement,Laboratoire,Entrepreneur / independant|Creation / design,IMTICIA
syn-01143,S,3,4,4,3,Sport|Francais / Litterature|SVT,Redaction / communication|Electronique / bricolage technique|Programmation|Creativite / design,Communication / medias|Agriculture / environnement|Droit / justice|Sante / social,Laboratoire,Commerce / relation client|Creation / design,DTJA
syn-01144,D,4,2,4,3,Arts|Economie / Gestion,Analyse de donnees / logique|Creativite / design|Organisation / gestion de projet|Travail en equipe,Art / design / audiovisuel|Finance / comptabilite,Mixte,Technique / ingenierie,FIC
syn-01145,Technique agricole,3,3,4,1,Informatique / Technologie|SVT,Programmation|Electronique / bricolage technique|Creativite / design,Finance / comptabilite|BTP / construction|Technologie / informatique,Laboratoire,Recherche / enseignement|Technique / ingenierie,PIP
syn-01146,A1,3,3,4,3,Histoire-Geographie|SVT,Electronique / bricolage technique|Programmation|Organisation / gestion de projet,Sante / social|Technologie / informatique|Finance / comptabilite|Droit / justice,Bureau,Entrepreneur / independant|Commerce / relation client,DTJA
syn-01147,C,3,3,3,3,Economie / Gestion|Physique-Chimie,Organisation / gestion de projet|Creativite / design|Redaction / communication,Sante / social|Entrepreneuriat / business|Sciences|Technologie / informatique,Bureau,Entrepreneur / independant|Gestion / management,EMP
syn-01148,C,4,5,3,3,Physique-Chimie|SVT,Analyse de donnees / logique|Electronique / bricolage technique|Travail en equipe,Art / design / audiovisuel|Sante / social|Agriculture / environnement,Terrain / exterieur,Technique / ingenierie,PIP
syn-01149,D,5,4,4,4,Francais / Litterature|Sport,Travail en equipe|Programmation,Art / design / audiovisuel|Communication / medias,Terrain / exterieur,Commerce / relation client|Gestion / management,AEE
syn-01150,D,3,4,2,4,Arts|Sport,Creativite / design|Travail en equipe|Organisation / gestion de projet|Analyse de donnees / logique,BTP / construction|Agriculture / environnement|Communication / medias|Finance / comptabilite,Terrain / exterieur,Entrepreneur / independant|Technique / ingenierie,GCA
syn-01151,Technique industrielle,2,3,3,3,Sport|Langues etrangeres,Travail en equipe|Organisation / gestion de projet|Redaction / communication|Electronique / bricolage technique,Agriculture / environnement|Communication / medias|Technologie / informatique|Entrepreneuriat / business,Mixte,Technique / ingenierie,CAA
syn-01152,D,4,4,3,2,Francais / Litterature|Langues etrangeres,Redaction / communication|Electronique / bricolage technique,Tourisme / hotellerie|Communication / medias|Agriculture / environnement|Droit / justice,Terrain / exterieur,Gestion / management,DTJA
syn-01153,C,4,4,4,2,Langues etrangeres|Informatique / Technologie,Redaction / communication|Creativite / design,Sciences|Entrepreneuriat / business|Communication / medias,Atelier / usine,Commerce / relation client,PIP
syn-01154,C,5,3,2,2,Sport|Economie / Gestion,Travail en equipe|Organisation / gestion de projet|Redaction / communication,Agriculture / environnement|Sante / social|Art / design / audiovisuel,Laboratoire,Gestion / management,AEE
syn-01155,S,2,5,2,2,Informatique / Technologie|Economie / Gestion|Physique-Chimie,Electronique / bricolage technique|Analyse de donnees / logique|Vente / negociation,Sciences|Art / design / audiovisuel|Droit / justice|Finance / comptabilite,Bureau,Technique / ingenierie,ICMP
syn-01156,Technique genie civil,3,4,3,3,Physique-Chimie|Informatique / Technologie,Electronique / bricolage technique|Programmation|Analyse de donnees / logique,Communication / medias|Technologie / informatique|Sciences|BTP / construction,Atelier / usine,Recherche / enseignement,GCA
syn-01157,S,4,5,2,3,Economie / Gestion|Arts,Vente / negociation|Organisation / gestion de projet,Art / design / audiovisuel|Communication / medias|Entrepreneuriat / business,Atelier / usine,Technique / ingenierie,ISAIA
syn-01158,A2,3,4,3,3,Langues etrangeres|Francais / Litterature|Mathematiques,Vente / negociation|Analyse de donnees / logique,Communication / medias|Sciences|Tourisme / hotellerie,Terrain / exterieur,Creation / design|Commerce / relation client,TEH
syn-01159,S,4,2,2,2,SVT|Arts,Creativite / design|Redaction / communication,Communication / medias|Sciences|Sante / social,Bureau,Commerce / relation client|Technique / ingenierie,IMTICIA
syn-01160,S,3,4,2,4,Histoire-Geographie|Sport|Informatique / Technologie,Travail en equipe|Analyse de donnees / logique,Communication / medias|Droit / justice|Tourisme / hotellerie|Sante / social,Atelier / usine,Entrepreneur / independant|Commerce / relation client,IMTICIA
syn-01161,A2,2,2,3,4,Sport|Langues etrangeres,Travail en equipe|Electronique / bricolage technique|Organisation / gestion de projet|Analyse de donnees / logique,Communication / medias|Technologie / informatique|BTP / construction,Terrain / exterieur,Technique / ingenierie|Entrepreneur / independant,FIC
syn-01162,S,3,4,3,4,Economie / Gestion|Arts|Sport,Redaction / communication|Creativite / design|Vente / negociation|Travail en equipe,Tourisme / hotellerie|Droit / justice,Mixte,Creation / design,CAA
syn-01163,S,4,3,4,5,Mathematiques|Economie / Gestion|Francais / Litterature,Creativite / design|Vente / negociation|Organisation / gestion de projet,Entrepreneuriat / business|Communication / medias|Art / design / audiovisuel|Droit / justice,Mixte,Gestion / management,EMP
syn-01164,C,4,2,4,5,Sport|Informatique / Technologie,Creativite / design|Programmation|Electronique / bricolage technique,Sciences|Sante / social,Mixte,Technique / ingenierie,ESIIA
syn-01165,A1,3,4,5,4,Francais / Litterature|Physique-Chimie|Arts,Creativite / design|Redaction / communication|Analyse de donnees / logique|Organisation / gestion de projet,BTP / construction|Sciences|Communication / medias|Droit / justice,Terrain / exterieur,Creation / design|Entrepreneur / independant,DTJA
syn-01166,D,4,4,4,1,Informatique / Technologie|Mathematiques,Analyse de donnees / logique|Electronique / bricolage technique,Entrepreneuriat / business|Technologie / informatique|Sciences,Terrain / exterieur,Commerce / relation client,IGGLIA
syn-01167,Technique genie civil,3,3,2,2,Physique-Chimie|Mathematiques,Travail en equipe|Analyse de donnees / logique|Organisation / gestion de projet|Electronique / bricolage technique,Sciences|BTP / construction|Entrepreneuriat / business,Bureau,Gestion / management|Creation / design,CAA
syn-01168,S,2,4,4,2,Economie / Gestion|Histoire-Geographie|Arts,Vente / negociation|Electronique / bricolage technique,Art / design / audiovisuel|Technologie / informatique|Entrepreneuriat / business,Bureau,Gestion / management|Entrepreneur / independant,CAA
syn-01169,Technique industrielle,3,2,4,3,Francais / Litterature|Mathematiques,Electronique / bricolage technique|Analyse de donnees / logique,BTP / construction|Communication / medias,Terrain / exterieur,Entrepreneur / independant|Technique / ingenierie,IGGLIA
syn-01170,A1,4,2,3,2,SVT|Physique-Chimie|Informatique / Technologie,Creativite / design|Programmation,Agriculture / environnement|Sciences|Entrepreneuriat / business,Mixte,Commerce / relation client,TEE
syn-01171,D,4,5,3,3,Mathematiques|Francais / Litterature,Redaction / communication|Analyse de donnees / logique|Electronique / bricolage technique,Communication / medias|Sciences|Droit / justice,Mixte,Creation / design,ISAIA
syn-01172,S,3,5,5,4,Langues etrangeres|Francais / Litterature,Redaction / communication|Electronique / bricolage technique|Travail en equipe,Droit / justice|Communication / medias|Art / design / audiovisuel|Entrepreneuriat / business,Laboratoire,Technique / ingenierie|Recherche / enseignement,DTJA
syn-01173,S,4,4,4,3,Sport|Francais / Litterature|Informatique / Technologie,Redaction / communication|Programmation,Technologie / informatique|Entrepreneuriat / business|Art / design / audiovisuel,Terrain / exterieur,Technique / ingenierie,IGGLIA
syn-01174,C,4,5,3,3,Sport|Informatique / Technologie|SVT,Electronique / bricolage technique|Creativite / design|Travail en equipe,Entrepreneuriat / business|Finance / comptabilite|Technologie / informatique|Sciences,Terrain / exterieur,Recherche / enseignement,AEE
syn-01175,S,4,4,2,2,Physique-Chimie|SVT|Francais / Litterature,Programmation|Redaction / communication|Electronique / bricolage technique,Tourisme / hotellerie|Communication / medias|Sciences,Mixte,Commerce / relation client|Entrepreneur / independant,GCA
syn-01176,C,4,3,2,4,Economie / Gestion|Physique-Chimie,Travail en equipe|Vente / negociation,Entrepreneuriat / business|Finance / comptabilite|BTP / construction,Mixte,Technique / ingenierie|Recherche / enseignement,GCA
syn-01177,A2,2,2,3,3,Arts|Mathematiques|Economie / Gestion,Programmation|Travail en equipe|Creativite / design|Analyse de donnees / logique,Finance / comptabilite|Tourisme / hotellerie|Droit / justice,Terrain / exterieur,Entrepreneur / independant|Gestion / management,FIC
syn-01178,S,4,4,3,3,Sport|SVT|Langues etrangeres,Travail en equipe|Programmation|Vente / negociation,BTP / construction|Sante / social,Laboratoire,Commerce / relation client|Entrepreneur / independant,PIP
syn-01179,D,4,3,2,4,Sport|Informatique / Technologie,Electronique / bricolage technique|Organisation / gestion de projet|Programmation,BTP / construction|Art / design / audiovisuel,Bureau,Recherche / enseignement|Commerce / relation client,FIC
syn-01180,D,4,3,2,2,Economie / Gestion|Mathematiques|Arts,Creativite / design|Organisation / gestion de projet,Finance / comptabilite|Entrepreneuriat / business,Terrain / exterieur,Technique / ingenierie|Entrepreneur / independant,GCA
syn-01181,S,4,5,3,3,Economie / Gestion|SVT,Organisation / gestion de projet|Travail en equipe,Sciences|Art / design / audiovisuel|BTP / construction,Bureau,Recherche / enseignement|Gestion / management,PIP
syn-01182,C,3,5,3,2,Sport|Informatique / Technologie|Arts,Travail en equipe|Creativite / design|Organisation / gestion de projet|Electronique / bricolage technique,Droit / justice|Sciences|Communication / medias|BTP / construction,Mixte,Gestion / management|Commerce / relation client,EMII
syn-01183,D,3,3,2,4,Informatique / Technologie|Sport,Programmation|Redaction / communication,Finance / comptabilite|Entrepreneuriat / business,Terrain / exterieur,Technique / ingenierie|Recherche / enseignement,IGGLIA
syn-01184,A2,3,3,5,3,Histoire-Geographie|SVT,Vente / negociation|Creativite / design|Electronique / bricolage technique|Redaction / communication,Droit / justice|Sciences,Mixte,Technique / ingenierie,DTJA
syn-01185,C,5,4,4,3,Sport|Mathematiques,Creativite / design|Programmation,Sante / social|Entrepreneuriat / business|Agriculture / environnement|Finance / comptabilite,Atelier / usine,Creation / design,IGGLIA
syn-01186,C,3,2,3,3,Economie / Gestion|Physique-Chimie,Vente / negociation|Organisation / gestion de projet,BTP / construction|Droit / justice|Entrepreneuriat / business|Sciences,Atelier / usine,Entrepreneur / independant|Creation / design,CAA
syn-01187,D,4,3,3,3,Arts|Physique-Chimie|Mathematiques,Programmation|Analyse de donnees / logique,Finance / comptabilite|Art / design / audiovisuel|Communication / medias|Sciences,Mixte,Technique / ingenierie|Creation / design,ISAIA
syn-01188,S,3,4,4,5,Informatique / Technologie|Mathematiques,Vente / negociation|Analyse de donnees / logique|Redaction / communication,Technologie / informatique|BTP / construction|Droit / justice,Mixte,Recherche / enseignement|Gestion / management,DTJA
syn-01189,C,4,3,3,3,Histoire-Geographie|Mathematiques|Sport,Travail en equipe|Analyse de donnees / logique|Vente / negociation,Finance / comptabilite|Droit / justice,Mixte,Recherche / enseignement|Gestion / management,CAA
syn-01190,A2,2,2,4,3,Mathematiques|Arts|Langues etrangeres,Analyse de donnees / logique|Creativite / design|Electronique / bricolage technique|Redaction / communication,Tourisme / hotellerie|Agriculture / environnement|Communication / medias|Art / design / audiovisuel,Bureau,Entrepreneur / independant,TEE
syn-01191,D,4,3,3,2,SVT|Economie / Gestion,Organisation / gestion de projet|Programmation,Sciences|Agriculture / environnement|Technologie / informatique|Finance / comptabilite,Mixte,Creation / design,ISAIA
syn-01192,S,3,2,3,3,Sport|Economie / Gestion,Travail en equipe|Vente / negociation|Organisation / gestion de projet,Finance / comptabilite|Sciences,Atelier / usine,Commerce / relation client|Entrepreneur / independant,CAA
syn-01193,A2,1,3,2,2,Economie / Gestion|SVT,Organisation / gestion de projet|Travail en equipe|Creativite / design,Sante / social|Sciences|Finance / comptabilite|Art / design / audiovisuel,Mixte,Gestion / management,FIC
syn-01194,D,3,4,3,4,Arts|Physique-Chimie,Electronique / bricolage technique|Programmation,Droit / justice|BTP / construction,Mixte,Creation / design|Technique / ingenierie,ESIIA
syn-01195,A2,3,4,2,5,Langues etrangeres|Informatique / Technologie,Electronique / bricolage technique|Programmation|Redaction / communication|Vente / negociation,Communication / medias|Tourisme / hotellerie|Droit / justice|Technologie / informatique,Bureau,Commerce / relation client|Gestion / management,CAA
syn-01196,A2,2,2,4,1,Sport|Langues etrangeres|Informatique / Technologie,Travail en equipe|Electronique / bricolage technique|Programmation|Vente / negociation,Sante / social|Technologie / informatique,Mixte,Technique / ingenierie|Entrepreneur / independant,TEH
syn-01197,D,2,5,4,4,Mathematiques|SVT,Vente / negociation|Analyse de donnees / logique,Finance / comptabilite|Agriculture / environnement|Entrepreneuriat / business|Art / design / audiovisuel,Laboratoire,Entrepreneur / independant,PIP
syn-01198,D,3,2,3,3,Mathematiques|Physique-Chimie|Histoire-Geographie,Electronique / bricolage technique|Organisation / gestion de projet|Creativite / design,Sciences|Droit / justice|BTP / construction|Finance / comptabilite,Bureau,Commerce / relation client,GCA
syn-01199,A2,2,3,3,2,Mathematiques|Sport,Analyse de donnees / logique|Travail en equipe|Redaction / communication|Creativite / design,Sciences|BTP / construction|Tourisme / hotellerie|Art / design / audiovisuel,Laboratoire,Gestion / management|Recherche / enseignement,TEH
syn-01200,S,3,4,2,2,Economie / Gestion|Physique-Chimie,Analyse de donnees / logique|Vente / negociation|Programmation,Entrepreneuriat / business|Sciences|Communication / medias,Atelier / usine,Commerce / relation client|Gestion / management,CAA
syn-01201,D,2,4,5,4,Sport|Langues etrangeres|Histoire-Geographie,Analyse de donnees / logique|Vente / negociation,Tourisme / hotellerie|Finance / comptabilite|BTP / construction|Droit / justice,Bureau,Creation / design|Commerce / relation client,TEH
syn-01202,A2,2,2,4,2,Mathematiques|Langues etrangeres,Analyse de donnees / logique|Vente / negociation|Programmation|Redaction / communication,Agriculture / environnement|Communication / medias|Art / design / audiovisuel|Finance / comptabilite,Terrain / exterieur,Creation / design|Commerce / relation client,CAA
syn-01203,L,3,1,3,3,Informatique / Technologie|Economie / Gestion,Electronique / bricolage technique|Vente / negociation|Programmation,Communication / medias|Droit / justice|Entrepreneuriat / business|Tourisme / hotellerie,Bureau,Recherche / enseignement|Technique / ingenierie,CAA
syn-01204,Technique agricole,3,4,2,3,Francais / Litterature|Physique-Chimie|Sport,Redaction / communication|Travail en equipe,Tourisme / hotellerie|Communication / medias|Technologie / informatique,Atelier / usine,Gestion / management,PIP
syn-01205,D,3,4,3,3,Informatique / Technologie|Economie / Gestion|SVT,Electronique / bricolage technique|Analyse de donnees / logique|Programmation,Technologie / informatique|Sciences|Sante / social|Finance / comptabilite,Bureau,Creation / design|Recherche / enseignement,ESIIA
syn-01206,Technique agricole,4,4,3,2,Francais / Litterature|Langues etrangeres,Organisation / gestion de projet|Redaction / communication,Communication / medias|Finance / comptabilite,Laboratoire,Entrepreneur / independant|Gestion / management,DTJA
syn-01207,S,4,3,3,3,Informatique / Technologie|SVT|Physique-Chimie,Vente / negociation|Programmation,Sante / social|Sciences|Droit / justice|Technologie / informatique,Bureau,Gestion / management|Technique / ingenierie,ISAIA
syn-01208,S,5,4,3,3,Economie / Gestion|Arts|Physique-Chimie,Vente / negociation|Electronique / bricolage technique|Travail en equipe|Creativite / design,Finance / comptabilite|Sante / social|Art / design / audiovisuel|Communication / medias,Bureau,Commerce / relation client|Creation / design,IMTICIA
syn-01209,D,4,4,2,3,Sport|Arts,Programmation|Redaction / communication,Finance / comptabilite|Tourisme / hotellerie,Bureau,Creation / design,IMTICIA
syn-01210,D,3,4,4,3,Mathematiques|Histoire-Geographie|Arts,Creativite / design|Organisation / gestion de projet,Finance / comptabilite|Tourisme / hotellerie|Sciences,Atelier / usine,Entrepreneur / independant|Commerce / relation client,TEE
syn-01211,D,5,4,3,3,Mathematiques|Economie / Gestion|SVT,Vente / negociation|Analyse de donnees / logique|Travail en equipe|Organisation / gestion de projet,Entrepreneuriat / business|Agriculture / environnement|Sciences|Finance / comptabilite,Terrain / exterieur,Creation / design,ISAIA
syn-01212,D,3,4,5,2,Histoire-Geographie|SVT,Vente / negociation|Redaction / communication,Sciences|Agriculture / environnement,Atelier / usine,Creation / design|Commerce / relation client,TEH
syn-01213,C,2,4,1,3,Informatique / Technologie|Economie / Gestion|SVT,Analyse de donnees / logique|Organisation / gestion de projet,Sciences|Sante / social,Atelier / usine,Commerce / relation client,PIP
syn-01214,A1,3,3,3,4,Economie / Gestion|Mathematiques,Vente / negociation|Organisation / gestion de projet|Analyse de donnees / logique,Sciences|Finance / comptabilite|Tourisme / hotellerie|Art / design / audiovisuel,Mixte,Creation / design|Commerce / relation client,FIC
syn-01215,Technique industrielle,2,3,4,4,Arts|Economie / Gestion|Francais / Litterature,Redaction / communication|Vente / negociation,Finance / comptabilite|Art / design / audiovisuel|Droit / justice|Communication / medias,Mixte,Entrepreneur / independant,CAA
syn-01216,D,4,4,2,3,Sport|Histoire-Geographie,Organisation / gestion de projet|Creativite / design|Travail en equipe|Vente / negociation,Entrepreneuriat / business|Finance / comptabilite,Laboratoire,Entrepreneur / independant,CAA
syn-01217,A1,2,4,3,4,Physique-Chimie|SVT|Histoire-Geographie,Travail en equipe|Electronique / bricolage technique,Art / design / audiovisuel|Sciences|Droit / justice,Bureau,Commerce / relation client|Creation / design,TEH
syn-01218,L,2,2,2,4,Arts|Economie / Gestion,Organisation / gestion de projet|Travail en equipe,Technologie / informatique|Sante / social,Terrain / exterieur,Entrepreneur / independant,EMP
syn-01219,D,2,3,4,3,Physique-Chimie|Histoire-Geographie|Sport,Programmation|Analyse de donnees / logique|Travail en equipe|Electronique / bricolage technique,Sciences|Droit / justice|Tourisme / hotellerie|Entrepreneuriat / business,Laboratoire,Gestion / management|Creation / design,EMP
syn-01220,C,4,4,3,3,Histoire-Geographie|Sport|Langues etrangeres,Programmation|Redaction / communication|Organisation / gestion de projet,Agriculture / environnement|Sante / social,Terrain / exterieur,Creation / design|Recherche / enseignement,AEE
syn-01221,D,5,2,4,3,Langues etrangeres|Francais / Litterature|Arts,Redaction / communication|Travail en equipe,Art / design / audiovisuel|Tourisme / hotellerie|Sante / social,Mixte,Gestion / management,TEH
syn-01222,D,3,4,4,3,Sport|Informatique / Technologie,Travail en equipe|Redaction / communication|Programmation|Electronique / bricolage technique,Entrepreneuriat / business|Finance / comptabilite|Droit / justice,Terrain / exterieur,Entrepreneur / independant|Gestion / management,FIC
syn-01223,S,3,2,3,3,Mathematiques|Langues etrangeres,Vente / negociation|Redaction / communication|Analyse de donnees / logique,Communication / medias|Entrepreneuriat / business|Finance / comptabilite,Terrain / exterieur,Technique / ingenierie,IGGLIA
syn-01224,C,5,5,3,3,SVT|Informatique / Technologie,Travail en equipe|Programmation|Electronique / bricolage technique,Agriculture / environnement|Entrepreneuriat / business,Atelier / usine,Technique / ingenierie,EMII
syn-01225,C,3,3,2,2,Informatique / Technologie|SVT|Arts,Electronique / bricolage technique|Travail en equipe|Vente / negociation|Programmation,Art / design / audiovisuel|Tourisme / hotellerie|Finance / comptabilite|Communication / medias,Mixte,Creation / design|Recherche / enseignement,IMTICIA
syn-01226,A2,4,3,3,4,Histoire-Geographie|Mathematiques,Vente / negociation|Analyse de donnees / logique,Tourisme / hotellerie|Droit / justice,Laboratoire,Recherche / enseignement|Entrepreneur / independant,TEE
syn-01227,L,1,2,3,3,Sport|Francais / Litterature,Travail en equipe|Electronique / bricolage technique,Droit / justice|Sciences|BTP / construction|Finance / comptabilite,Atelier / usine,Creation / design|Technique / ingenierie,DTJA
syn-01228,A2,3,3,2,5,Economie / Gestion|Physique-Chimie,Creativite / design|Organisation / gestion de projet|Electronique / bricolage technique|Vente / negociation,Finance / comptabilite|Entrepreneuriat / business|Agriculture / environnement,Atelier / usine,Technique / ingenierie|Entrepreneur / independant,EMP
syn-01229,A2,2,4,4,3,Economie / Gestion|Informatique / Technologie|Francais / Litterature,Travail en equipe|Vente / negociation|Creativite / design,Technologie / informatique|Droit / justice|Finance / comptabilite|Communication / medias,Atelier / usine,Gestion / management|Recherche / enseignement,DTJA
syn-01230,S,4,4,3,2,Histoire-Geographie|SVT|Physique-Chimie,Electronique / bricolage technique|Programmation|Vente / negociation,BTP / construction|Sciences|Tourisme / hotellerie,Mixte,Technique / ingenierie|Gestion / management,EMII
syn-01231,A2,3,3,3,4,Langues etrangeres|Informatique / Technologie,Electronique / bricolage technique|Redaction / communication,BTP / construction|Finance / comptabilite,Terrain / exterieur,Commerce / relation client,CAA
syn-01232,L,4,2,2,4,Langues etrangeres|Francais / Litterature|SVT,Analyse de donnees / logique|Redaction / communication|Electronique / bricolage technique,Communication / medias|Droit / justice|Finance / comptabilite,Laboratoire,Commerce / relation client,DTJA
syn-01233,S,3,3,3,1,Informatique / Technologie|SVT|Arts,Electronique / bricolage technique|Analyse de donnees / logique,Tourisme / hotellerie|Sante / social|Communication / medias,Bureau,Technique / ingenierie,IGGLIA
syn-01234,A2,2,1,4,3,Langues etrangeres|Physique-Chimie,Analyse de donnees / logique|Electronique / bricolage technique|Redaction / communication,Sciences|Entrepreneuriat / business|Finance / comptabilite,Laboratoire,Entrepreneur / independant|Technique / ingenierie,CAA
syn-01235,S,3,3,1,3,SVT|Informatique / Technologie,Analyse de donnees / logique|Programmation,Finance / comptabilite|Droit / justice,Bureau,Gestion / management,FIC
syn-01236,D,3,3,4,3,Physique-Chimie|Mathematiques|Francais / Litterature,Analyse de donnees / logique|Organisation / gestion de projet,Droit / justice|Finance / comptabilite|Communication / medias|Sciences,Atelier / usine,Technique / ingenierie,ICMP
syn-01237,D,2,5,2,3,Sport|Informatique / Technologie|Physique-Chimie,Electronique / bricolage technique|Analyse de donnees / logique|Travail en equipe|Organisation / gestion de projet,Technologie / informatique|Agriculture / environnement|Tourisme / hotellerie|Droit / justice,Bureau,Creation / design,EMII
syn-01238,S,4,5,2,3,Physique-Chimie|Francais / Litterature,Analyse de donnees / logique|Redaction / communication|Creativite / design|Electronique / bricolage technique,Sciences|BTP / construction,Atelier / usine,Entrepreneur / independant,EMII
syn-01239,A1,2,4,3,2,Francais / Litterature|Mathematiques|Arts,Analyse de donnees / logique|Travail en equipe|Organisation / gestion de projet|Redaction / communication,Droit / justice|Tourisme / hotellerie|Entrepreneuriat / business,Mixte,Entrepreneur / independant|Commerce / relation client,DTJA
syn-01240,C,5,3,2,3,Economie / Gestion|Histoire-Geographie,Vente / negociation|Programmation|Redaction / communication|Creativite / design,Tourisme / hotellerie|Communication / medias|Entrepreneuriat / business,Bureau,Gestion / management,IMTICIA
syn-01241,Technique industrielle,2,1,4,3,Francais / Litterature|Sport|SVT,Analyse de donnees / logique|Programmation|Vente / negociation,Sciences|Technologie / informatique,Terrain / exterieur,Technique / ingenierie|Recherche / enseignement,IGGLIA
syn-01242,D,3,3,3,2,Histoire-Geographie|Physique-Chimie,Travail en equipe|Analyse de donnees / logique|Organisation / gestion de projet,Sante / social|Entrepreneuriat / business|Sciences,Bureau,Technique / ingenierie,FIC
syn-01243,Technique industrielle,2,3,3,3,Langues etrangeres|Informatique / Technologie|Mathematiques,Programmation|Analyse de donnees / logique|Organisation / gestion de projet,Communication / medias|Art / design / audiovisuel|Agriculture / environnement|Tourisme / hotellerie,Atelier / usine,Technique / ingenierie|Entrepreneur / independant,IGGLIA
syn-01244,D,4,3,5,2,Physique-Chimie|Informatique / Technologie|SVT,Electronique / bricolage technique|Analyse de donnees / logique|Programmation|Creativite / design,Finance / comptabilite|Technologie / informatique|BTP / construction,Bureau,Entrepreneur / independant,IGGLIA
syn-01245,L,2,2,3,3,Histoire-Geographie|Economie / Gestion,Organisation / gestion de projet|Travail en equipe|Creativite / design,Entrepreneuriat / business|Agriculture / environnement|Technologie / informatique,Bureau,Creation / design,EMP
syn-01246,L,2,2,4,3,Informatique / Technologie|Physique-Chimie|Langues etrangeres,Electronique / bricolage technique|Vente / negociation,BTP / construction|Technologie / informatique|Finance / comptabilite|Sciences,Mixte,Gestion / management,TEH
syn-01247,C,2,1,3,3,Histoire-Geographie|Sport,Analyse de donnees / logique|Programmation|Redaction / communication,Art / design / audiovisuel|Technologie / informatique|Tourisme / hotellerie|Droit / justice,Laboratoire,Technique / ingenierie|Recherche / enseignement,IMTICIA
syn-01248,C,4,3,3,3,Mathematiques|Francais / Litterature|Arts,Analyse de donnees / logique|Electronique / bricolage technique,Droit / justice|BTP / construction|Sciences,Bureau,Commerce / relation client|Recherche / enseignement,ISAIA
syn-01249,S,4,3,2,3,Sport|SVT,Travail en equipe|Organisation / gestion de projet|Electronique / bricolage technique|Creativite / design,Finance / comptabilite|Agriculture / environnement|Sciences,Atelier / usine,Entrepreneur / independant|Recherche / enseignement,AEE
syn-01250,D,2,4,4,3,Economie / Gestion|SVT,Analyse de donnees / logique|Vente / negociation,Entrepreneuriat / business|Finance / comptabilite|Agriculture / environnement|Communication / medias,Atelier / usine,Gestion / management|Technique / ingenierie,IAA
syn-01251,S,3,4,2,3,SVT|Francais / Litterature,Programmation|Organisation / gestion de projet|Electronique / bricolage technique|Analyse de donnees / logique,Sante / social|Droit / justice|Communication / medias|BTP / construction,Terrain / exterieur,Commerce / relation client|Entrepreneur / independant,AEE
syn-01252,D,2,3,2,2,SVT|Sport,Creativite / design|Vente / negociation,Finance / comptabilite|Sante / social,Atelier / usine,Commerce / relation client,IAA
syn-01253,S,3,4,2,2,Arts|Physique-Chimie|Histoire-Geographie,Electronique / bricolage technique|Creativite / design|Programmation|Analyse de donnees / logique,Communication / medias|Entrepreneuriat / business,Terrain / exterieur,Creation / design,IMTICIA
syn-01254,A1,2,2,2,5,Francais / Litterature|Arts|Economie / Gestion,Creativite / design|Vente / negociation|Organisation / gestion de projet,Art / design / audiovisuel|Tourisme / hotellerie,Bureau,Creation / design,FIC
syn-01255,A2,1,2,2,4,Informatique / Technologie|Langues etrangeres|Arts,Programmation|Redaction / communication,Art / design / audiovisuel|Communication / medias|Agriculture / environnement|Sciences,Atelier / usine,Gestion / management,CAA
syn-01256,S,4,5,4,2,Physique-Chimie|Mathematiques,Travail en equipe|Creativite / design|Analyse de donnees / logique|Vente / negociation,Communication / medias|Sciences|Droit / justice,Bureau,Technique / ingenierie,ICMP
syn-01257,D,2,2,3,3,Langues etrangeres|Informatique / Technologie,Redaction / communication|Electronique / bricolage technique|Programmation|Analyse de donnees / logique,Agriculture / environnement|Communication / medias,Atelier / usine,Creation / design|Gestion / management,IMTICIA
syn-01258,C,3,4,3,3,Histoire-Geographie|Economie / Gestion,Vente / negociation|Redaction / communication|Travail en equipe|Programmation,Agriculture / environnement|Communication / medias,Terrain / exterieur,Entrepreneur / independant,CAA
syn-01259,S,4,4,2,4,Physique-Chimie|Sport|Mathematiques,Electronique / bricolage technique|Analyse de donnees / logique|Organisation / gestion de projet|Programmation,Droit / justice|Art / design / audiovisuel,Terrain / exterieur,Technique / ingenierie,ESIIA
syn-01260,C,4,4,3,2,Arts|Sport,Travail en equipe|Creativite / design|Programmation,Entrepreneuriat / business|Sciences|Art / design / audiovisuel,Bureau,Technique / ingenierie|Commerce / relation client,IMTICIA
syn-01261,D,4,5,3,3,Physique-Chimie|Arts,Electronique / bricolage technique|Creativite / design,Communication / medias|Art / design / audiovisuel,Mixte,Entrepreneur / independant,IMTICIA
syn-01262,Technique agricole,2,5,2,3,Arts|Informatique / Technologie,Travail en equipe|Programmation|Creativite / design,Sante / social|Communication / medias,Mixte,Entrepreneur / independant|Commerce / relation client,CAA
syn-01263,S,3,5,3,3,SVT|Mathematiques,Organisation / gestion de projet|Programmation|Creativite / design|Analyse de donnees / logique,Sante / social|Agriculture / environnement,Bureau,Creation / design|Commerce / relation client,IGGLIA
syn-01264,A1,3,3,5,4,Informatique / Technologie|Arts,Organisation / gestion de projet|Electronique / bricolage technique|Analyse de donnees / logique|Programmation,Art / design / audiovisuel|Technologie / informatique|Finance / comptabilite,Bureau,Commerce / relation client|Recherche / enseignement,FIC
syn-01265,D,4,5,3,2,Economie / Gestion|Physique-Chimie,Organisation / gestion de projet|Analyse de donnees / logique|Travail en equipe|Vente / negociation,Tourisme / hotellerie|BTP / construction|Agriculture / environnement|Communication / medias,Bureau,Recherche / enseignement,ICMP
syn-01266,S,4,4,2,2,SVT|Informatique / Technologie,Organisation / gestion de projet|Programmation|Travail en equipe|Analyse de donnees / logique,Sante / social|Agriculture / environnement,Mixte,Gestion / management,AEE
syn-01267,S,4,1,2,2,Mathematiques|Physique-Chimie|Economie / Gestion,Analyse de donnees / logique|Electronique / bricolage technique|Organisation / gestion de projet,Sciences|Droit / justice|Art / design / audiovisuel,Atelier / usine,Commerce / relation client|Entrepreneur / independant,ISAIA
syn-01268,D,2,3,3,4,Physique-Chimie|SVT|Histoire-Geographie,Creativite / design|Electronique / bricolage technique,Tourisme / hotellerie|Agriculture / environnement|Sante / social|Entrepreneuriat / business,Atelier / usine,Recherche / enseignement|Commerce / relation client,IAA
syn-01269,A2,3,3,3,4,Informatique / Technologie|Physique-Chimie|Economie / Gestion,Organisation / gestion de projet|Electronique / bricolage technique|Vente / negociation|Redaction / communication,Communication / medias|Droit / justice|Entrepreneuriat / business|Tourisme / hotellerie,Mixte,Creation / design|Commerce / relation client,CAA
syn-01270,A2,4,3,4,2,Informatique / Technologie|SVT|Francais / Litterature,Programmation|Redaction / communication|Travail en equipe|Electronique / bricolage technique,Sciences|Communication / medias|Art / design / audiovisuel|Sante / social,Terrain / exterieur,Gestion / management|Entrepreneur / independant,AEE
syn-01271,Technique agricole,5,4,1,5,Informatique / Technologie|SVT|Histoire-Geographie,Creativite / design|Travail en equipe|Organisation / gestion de projet|Electronique / bricolage technique,Sante / social|Agriculture / environnement,Terrain / exterieur,Technique / ingenierie|Commerce / relation client,AEE
syn-01272,S,5,4,3,2,Langues etrangeres|SVT|Mathematiques,Analyse de donnees / logique|Creativite / design|Electronique / bricolage technique,Communication / medias|Sciences|Tourisme / hotellerie|Agriculture / environnement,Bureau,Commerce / relation client,ISAIA
syn-01273,Technique genie civil,2,4,4,2,Physique-Chimie|Langues etrangeres,Programmation|Analyse de donnees / logique,BTP / construction|Tourisme / hotellerie,Mixte,Technique / ingenierie,TEH
syn-01274,D,3,5,1,4,Histoire-Geographie|Physique-Chimie,Redaction / communication|Analyse de donnees / logique|Organisation / gestion de projet,Tourisme / hotellerie|BTP / construction,Mixte,Gestion / management,ICMP
syn-01275,D,3,4,4,4,SVT|Sport,Travail en equipe|Creativite / design|Analyse de donnees / logique,Art / design / audiovisuel|Sante / social|Agriculture / environnement,Mixte,Commerce / relation client,PIP
syn-01276,C,3,3,2,2,Arts|Informatique / Technologie,Programmation|Electronique / bricolage technique|Creativite / design,Art / design / audiovisuel|Communication / medias,Bureau,Recherche / enseignement|Commerce / relation client,IMTICIA
syn-01277,D,2,4,2,3,Physique-Chimie|Langues etrangeres|Informatique / Technologie,Redaction / communication|Electronique / bricolage technique|Programmation|Analyse de donnees / logique,Tourisme / hotellerie|BTP / construction|Technologie / informatique,Terrain / exterieur,Gestion / management|Entrepreneur / independant,ESIIA
syn-01278,S,3,4,3,3,Francais / Litterature|Sport,Redaction / communication|Vente / negociation,Art / design / audiovisuel|Communication / medias,Mixte,Technique / ingenierie|Commerce / relation client,CAA
syn-01279,Technique industrielle,3,3,4,3,SVT|Physique-Chimie|Sport,Creativite / design|Travail en equipe|Electronique / bricolage technique,Technologie / informatique|Sante / social,Atelier / usine,Gestion / management|Creation / design,EMII
syn-01280,D,3,3,4,1,Mathematiques|Physique-Chimie|SVT,Analyse de donnees / logique|Creativite / design|Electronique / bricolage technique|Organisation / gestion de projet,Sciences|Sante / social|Finance / comptabilite,Bureau,Gestion / management|Commerce / relation client,ISAIA
syn-01281,C,3,4,1,2,Mathematiques|Sport|Francais / Litterature,Travail en equipe|Organisation / gestion de projet|Redaction / communication|Analyse de donnees / logique,Droit / justice|Communication / medias|Finance / comptabilite,Mixte,Entrepreneur / independant|Recherche / enseignement,ISAIA
syn-01282,A2,2,3,3,4,Arts|Sport|Histoire-Geographie,Creativite / design|Vente / negociation,Art / design / audiovisuel|Tourisme / hotellerie,Mixte,Technique / ingenierie|Entrepreneur / independant,CAA
syn-01283,A1,1,3,2,5,Economie / Gestion|Histoire-Geographie|Sport,Electronique / bricolage technique|Organisation / gestion de projet,Technologie / informatique|Tourisme / hotellerie|BTP / construction|Droit / justice,Bureau,Gestion / management,EMP
syn-01284,S,5,3,2,3,Informatique / Technologie|SVT,Programmation|Electronique / bricolage technique|Analyse de donnees / logique|Organisation / gestion de projet,Sciences|Art / design / audiovisuel|Agriculture / environnement,Atelier / usine,Commerce / relation client,ISAIA
syn-01285,D,3,4,4,3,Mathematiques|Francais / Litterature,Redaction / communication|Analyse de donnees / logique|Creativite / design,Finance / comptabilite|Communication / medias|Tourisme / hotellerie,Terrain / exterieur,Creation / design|Technique / ingenierie,ISAIA
syn-01286,A2,4,3,4,3,Langues etrangeres|Francais / Litterature|Physique-Chimie,Electronique / bricolage technique|Analyse de donnees / logique|Creativite / design,Agriculture / environnement|Sciences|BTP / construction|Technologie / informatique,Laboratoire,Recherche / enseignement|Commerce / relation client,PIP
syn-01287,S,2,3,4,3,Physique-Chimie|Langues etrangeres,Programmation|Analyse de donnees / logique|Creativite / design|Electronique / bricolage technique,Technologie / informatique|Tourisme / hotellerie|BTP / construction|Art / design / audiovisuel,Bureau,Entrepreneur / independant|Commerce / relation client,TEH
syn-01288,S,3,4,4,2,Physique-Chimie|Francais / Litterature,Redaction / communication|Analyse de donnees / logique|Creativite / design,Agriculture / environnement|Sciences,Mixte,Technique / ingenierie|Commerce / relation client,ICMP
syn-01289,A1,2,2,2,4,Economie / Gestion|Sport,Programmation|Organisation / gestion de projet|Vente / negociation|Electronique / bricolage technique,BTP / construction|Tourisme / hotellerie,Mixte,Entrepreneur / independant,EMP
syn-01290,C,5,4,2,4,Histoire-Geographie|Mathematiques|SVT,Travail en equipe|Creativite / design|Electronique / bricolage technique|Organisation / gestion de projet,Sciences|Tourisme / hotellerie,Bureau,Technique / ingenierie,ISAIA
syn-01291,C,4,4,2,1,Francais / Litterature|Physique-Chimie,Programmation|Analyse de donnees / logique|Redaction / communication,BTP / construction|Communication / medias|Entrepreneuriat / business,Bureau,Creation / design,IGGLIA
syn-01292,D,5,4,3,3,Sport|Langues etrangeres,Analyse de donnees / logique|Organisation / gestion de projet|Redaction / communication|Electronique / bricolage technique,Tourisme / hotellerie|BTP / construction|Sciences,Bureau,Creation / design,ISAIA
syn-01293,A1,2,5,4,4,Francais / Litterature|Langues etrangeres|Arts,Programmation|Travail en equipe,Communication / medias|Droit / justice|Tourisme / hotellerie|Finance / comptabilite,Bureau,Gestion / management|Entrepreneur / independant,DTJA
syn-01294,A2,3,1,4,4,Francais / Litterature|Sport|Informatique / Technologie,Analyse de donnees / logique|Electronique / bricolage technique|Travail en equipe|Vente / negociation,Droit / justice|Sante / social|Sciences|BTP / construction,Laboratoire,Creation / design,DTJA
syn-01295,D,5,3,3,3,Mathematiques|SVT,Analyse de donnees / logique|Redaction / communication,Art / design / audiovisuel|BTP / construction|Sciences|Agriculture / environnement,Bureau,Gestion / management,ISAIA
syn-01296,S,4,4,5,3,Francais / Litterature|Informatique / Technologie,Organisation / gestion de projet|Travail en equipe|Programmation|Creativite / design,Sciences|Droit / justice|Technologie / informatique,Bureau,Gestion / management,DTJA
syn-01297,A1,2,3,4,2,Arts|Informatique / Technologie|Langues etrangeres,Programmation|Vente / negociation|Analyse de donnees / logique|Creativite / design,Art / design / audiovisuel|Technologie / informatique|Agriculture / environnement|Sante / social,Mixte,Entrepreneur / independant,TEE
syn-01298,D,2,5,2,4,Sport|Informatique / Technologie|Physique-Chimie,Electronique / bricolage technique|Redaction / communication,Communication / medias|Technologie / informatique|Agriculture / environnement,Mixte,Gestion / management|Commerce / relation client,IMTICIA
syn-01299,D,5,3,3,5,Mathematiques|Sport,Programmation|Electronique / bricolage technique|Travail en equipe|Analyse de donnees / logique,Entrepreneuriat / business|Communication / medias,Mixte,Commerce / relation client|Gestion / management,ISAIA
syn-01300,D,3,3,3,2,SVT|Sport,Travail en equipe|Redaction / communication|Organisation / gestion de projet,Sciences|Agriculture / environnement|Tourisme / hotellerie|Sante / social,Bureau,Entrepreneur / independant,PIP
syn-01301,D,2,5,3,4,Informatique / Technologie|Physique-Chimie|Histoire-Geographie,Electronique / bricolage technique|Analyse de donnees / logique,BTP / construction|Finance / comptabilite|Droit / justice,Mixte,Creation / design|Gestion / management,ICMP
syn-01302,A2,1,2,3,3,Histoire-Geographie|Mathematiques,Analyse de donnees / logique|Travail en equipe|Creativite / design,Finance / comptabilite|Tourisme / hotellerie|Technologie / informatique|Entrepreneuriat / business,Mixte,Gestion / management,EMP
syn-01303,S,5,3,2,2,Physique-Chimie|Informatique / Technologie|Francais / Litterature,Programmation|Redaction / communication,Communication / medias|BTP / construction|Technologie / informatique,Mixte,Creation / design,PIP
syn-01304,S,4,2,2,3,Mathematiques|Economie / Gestion|Physique-Chimie,Programmation|Vente / negociation,Entrepreneuriat / business|BTP / construction|Finance / comptabilite,Terrain / exterieur,Entrepreneur / independant|Recherche / enseignement,ISAIA
syn-01305,A1,1,3,3,4,Informatique / Technologie|Economie / Gestion,Organisation / gestion de projet|Electronique / bricolage technique|Vente / negociation|Creativite / design,Finance / comptabilite|Droit / justice,Bureau,Entrepreneur / independant|Gestion / management,EMP
syn-01306,D,3,3,2,3,Informatique / Technologie|Physique-Chimie,Travail en equipe|Electronique / bricolage technique|Programmation,BTP / construction|Art / design / audiovisuel|Tourisme / hotellerie,Terrain / exterieur,Entrepreneur / independant,EMII
syn-01307,Technique industrielle,4,4,3,4,Informatique / Technologie|Histoire-Geographie|Sport,Travail en equipe|Organisation / gestion de projet|Electronique / bricolage technique,Entrepreneuriat / business|Technologie / informatique,Terrain / exterieur,Technique / ingenierie|Recherche / enseignement,ESIIA
syn-01308,S,5,3,5,3,Histoire-Geographie|SVT|Physique-Chimie,Travail en equipe|Organisation / gestion de projet|Analyse de donnees / logique|Electronique / bricolage technique,Tourisme / hotellerie|Droit / justice|Communication / medias|Agriculture / environnement,Bureau,Gestion / management,TEE
syn-01309,D,2,4,2,2,Langues etrangeres|Arts|Economie / Gestion,Programmation|Organisation / gestion de projet,Finance / comptabilite|Droit / justice|Communication / medias|Entrepreneuriat / business,Laboratoire,Creation / design,IMTICIA
syn-01310,A2,2,3,1,3,Informatique / Technologie|Arts,Electronique / bricolage technique|Programmation|Organisation / gestion de projet|Creativite / design,Finance / comptabilite|Technologie / informatique|Art / design / audiovisuel,Mixte,Gestion / management|Creation / design,FIC
syn-01311,L,2,2,5,4,Histoire-Geographie|Economie / Gestion|SVT,Vente / negociation|Analyse de donnees / logique|Organisation / gestion de projet|Programmation,Sante / social|Entrepreneuriat / business,Terrain / exterieur,Technique / ingenierie,EMP
syn-01312,A1,2,4,4,3,Sport|Informatique / Technologie|SVT,Creativite / design|Travail en equipe|Electronique / bricolage technique,Technologie / informatique|Art / design / audiovisuel,Bureau,Commerce / relation client|Technique / ingenierie,TEH
syn-01313,A1,1,2,3,2,Langues etrangeres|Physique-Chimie|Histoire-Geographie,Analyse de donnees / logique|Redaction / communication|Electronique / bricolage technique,Tourisme / hotellerie|Sciences|Agriculture / environnement|Communication / medias,Mixte,Commerce / relation client,TEE
syn-01314,A2,2,2,4,3,Economie / Gestion|SVT|Informatique / Technologie,Organisation / gestion de projet|Travail en equipe|Programmation|Electronique / bricolage technique,Tourisme / hotellerie|BTP / construction,Terrain / exterieur,Entrepreneur / independant|Commerce / relation client,TEE
syn-01315,A2,2,3,4,3,Physique-Chimie|Mathematiques|Informatique / Technologie,Electronique / bricolage technique|Programmation,Technologie / informatique|Tourisme / hotellerie|Finance / comptabilite|Sciences,Atelier / usine,Entrepreneur / independant|Recherche / enseignement,TEH
syn-01316,D,3,3,2,2,SVT|Mathematiques|Arts,Analyse de donnees / logique|Creativite / design|Electronique / bricolage technique,Art / design / audiovisuel|Sante / social|Technologie / informatique|Entrepreneuriat / business,Laboratoire,Gestion / management,PIP
syn-01317,C,2,2,3,2,Mathematiques|Langues etrangeres|Sport,Electronique / bricolage technique|Redaction / communication,Sciences|Art / design / audiovisuel|BTP / construction|Finance / comptabilite,Atelier / usine,Technique / ingenierie|Commerce / relation client,EMII
syn-01318,A2,2,2,3,3,Francais / Litterature|Sport|Histoire-Geographie,Electronique / bricolage technique|Vente / negociation|Travail en equipe,Droit / justice|Technologie / informatique,Bureau,Entrepreneur / independant|Commerce / relation client,CAA
syn-01319,A2,2,2,3,4,Physique-Chimie|Mathematiques|SVT,Analyse de donnees / logique|Programmation|Electronique / bricolage technique|Vente / negociation,Sciences|BTP / construction,Bureau,Recherche / enseignement|Technique / ingenierie,CAA
syn-01320,D,4,4,4,3,Sport|Histoire-Geographie,Electronique / bricolage technique|Travail en equipe,Tourisme / hotellerie|Technologie / informatique,Laboratoire,Technique / ingenierie|Entrepreneur / independant,ESIIA
syn-01321,L,3,3,3,3,Histoire-Geographie|Mathematiques|Langues etrangeres,Redaction / communication|Programmation|Travail en equipe,Tourisme / hotellerie|Communication / medias|Sciences,Terrain / exterieur,Entrepreneur / independant,TEE
syn-01322,L,2,3,3,2,Francais / Litterature|Informatique / Technologie|Physique-Chimie,Electronique / bricolage technique|Programmation|Creativite / design,Droit / justice|BTP / construction,Laboratoire,Technique / ingenierie|Creation / design,DTJA
syn-01323,C,4,3,3,2,SVT|Langues etrangeres,Analyse de donnees / logique|Redaction / communication|Electronique / bricolage technique|Creativite / design,Agriculture / environnement|Sante / social|Tourisme / hotellerie|Sciences,Bureau,Creation / design,PIP
syn-01324,D,3,3,3,2,Francais / Litterature|Mathematiques,Redaction / communication|Organisation / gestion de projet,Technologie / informatique|Droit / justice,Laboratoire,Creation / design|Gestion / management,DTJA
syn-01325,A1,2,4,4,3,Francais / Litterature|Arts,Programmation|Creativite / design|Electronique / bricolage technique|Redaction / communication,Sciences|Communication / medias|Droit / justice|Technologie / informatique,Mixte,Gestion / management|Technique / ingenierie,DTJA
syn-01326,D,3,3,2,3,Langues etrangeres|SVT|Economie / Gestion,Organisation / gestion de projet|Creativite / design|Vente / negociation,Droit / justice|Finance / comptabilite|Communication / medias|Entrepreneuriat / business,Bureau,Technique / ingenierie,CAA
syn-01327,A1,3,1,4,4,Arts|Sport|Physique-Chimie,Analyse de donnees / logique|Electronique / bricolage technique|Programmation,BTP / construction|Tourisme / hotellerie,Bureau,Entrepreneur / independant|Recherche / enseignement,TEH
syn-01328,D,3,2,2,3,Mathematiques|Langues etrangeres,Analyse de donnees / logique|Redaction / communication,Communication / medias|Tourisme / hotellerie|Agriculture / environnement,Atelier / usine,Entrepreneur / independant|Technique / ingenierie,IAA
syn-01329,S,3,4,4,3,Physique-Chimie|Informatique / Technologie,Programmation|Electronique / bricolage technique|Creativite / design|Vente / negociation,BTP / construction|Sante / social|Sciences,Terrain / exterieur,Creation / design,ICMP
syn-01330,D,5,4,3,2,Physique-Chimie|Economie / Gestion|Francais / Litterature,Analyse de donnees / logique|Redaction / communication|Electronique / bricolage technique|Organisation / gestion de projet,Droit / justice|Sciences|Communication / medias,Mixte,Recherche / enseignement|Gestion / management,ISAIA
syn-01331,D,1,3,3,3,Economie / Gestion|Sport|SVT,Electronique / bricolage technique|Travail en equipe|Vente / negociation,Finance / comptabilite|Entrepreneuriat / business|Communication / medias,Atelier / usine,Gestion / management|Commerce / relation client,CAA
syn-01332,D,2,3,3,3,Sport|Economie / Gestion,Travail en equipe|Creativite / design|Vente / negociation,BTP / construction|Tourisme / hotellerie|Finance / comptabilite,Mixte,Recherche / enseignement|Gestion / management,FIC
syn-01333,C,2,5,4,4,Langues etrangeres|Francais / Litterature,Creativite / design|Travail en equipe|Programmation|Organisation / gestion de projet,Tourisme / hotellerie|Agriculture / environnement|Communication / medias|Entrepreneuriat / business,Bureau,Commerce / relation client|Creation / design,TEH
syn-01334,A2,3,3,4,3,Informatique / Technologie|Histoire-Geographie,Travail en equipe|Electronique / bricolage technique|Vente / negociation|Programmation,Agriculture / environnement|Art / design / audiovisuel,Terrain / exterieur,Gestion / management,AEE
syn-01335,D,2,3,4,2,Arts|Physique-Chimie,Programmation|Electronique / bricolage technique|Creativite / design,Communication / medias|Finance / comptabilite,Laboratoire,Gestion / management|Recherche / enseignement,IMTICIA
syn-01336,L,3,3,4,4,Economie / Gestion|SVT,Vente / negociation|Programmation|Organisation / gestion de projet,Communication / medias|Finance / comptabilite|Droit / justice,Terrain / exterieur,Gestion / management|Commerce / relation client,FIC
syn-01337,Technique genie civil,4,4,3,2,Mathematiques|Histoire-Geographie,Analyse de donnees / logique|Organisation / gestion de projet,Art / design / audiovisuel|BTP / construction,Terrain / exterieur,Entrepreneur / independant,GCA
syn-01338,C,3,3,4,3,Mathematiques|Francais / Litterature,Travail en equipe|Programmation,Art / design / audiovisuel|Tourisme / hotellerie,Bureau,Technique / ingenierie|Creation / design,ISAIA
syn-01339,A2,2,3,4,4,Histoire-Geographie|Physique-Chimie|Economie / Gestion,Programmation|Organisation / gestion de projet|Analyse de donnees / logique,Sciences|Agriculture / environnement|Finance / comptabilite,Bureau,Creation / design,EMP
syn-01340,C,3,2,3,5,Langues etrangeres|Mathematiques,Creativite / design|Vente / negociation|Travail en equipe,Sciences|Tourisme / hotellerie,Bureau,Creation / design|Technique / ingenierie,TEH
syn-01341,D,5,3,3,3,Francais / Litterature|Physique-Chimie|Histoire-Geographie,Redaction / communication|Organisation / gestion de projet|Electronique / bricolage technique|Programmation,Communication / medias|Tourisme / hotellerie|Sante / social|BTP / construction,Bureau,Creation / design|Gestion / management,ESIIA
syn-01342,D,5,4,4,3,Mathematiques|Langues etrangeres,Electronique / bricolage technique|Programmation|Analyse de donnees / logique|Redaction / communication,Droit / justice|Sciences|Communication / medias,Mixte,Creation / design,IGGLIA
syn-01343,D,4,2,5,3,Histoire-Geographie|Langues etrangeres|Economie / Gestion,Organisation / gestion de projet|Redaction / communication|Analyse de donnees / logique|Vente / negociation,Finance / comptabilite|Tourisme / hotellerie|Sante / social,Atelier / usine,Recherche / enseignement|Technique / ingenierie,FIC
syn-01344,A1,4,1,4,3,Physique-Chimie|Sport|Arts,Creativite / design|Programmation|Redaction / communication,Art / design / audiovisuel|Technologie / informatique|Tourisme / hotellerie|Sciences,Bureau,Entrepreneur / independant,TEH
syn-01345,D,1,4,1,4,Informatique / Technologie|Economie / Gestion|Physique-Chimie,Organisation / gestion de projet|Analyse de donnees / logique|Programmation|Electronique / bricolage technique,Technologie / informatique|Entrepreneuriat / business|Communication / medias,Mixte,Gestion / management,EMP
syn-01346,C,4,3,3,2,Informatique / Technologie|Sport,Electronique / bricolage technique|Analyse de donnees / logique|Organisation / gestion de projet,Technologie / informatique|Entrepreneuriat / business|Finance / comptabilite|Art / design / audiovisuel,Mixte,Commerce / relation client|Entrepreneur / independant,IGGLIA
syn-01347,Technique industrielle,3,1,4,4,Francais / Litterature|Langues etrangeres|Arts,Redaction / communication|Travail en equipe|Creativite / design,Sciences|Tourisme / hotellerie|Communication / medias,Mixte,Gestion / management|Entrepreneur / independant,TEH
syn-01348,D,4,4,4,3,Histoire-Geographie|Mathematiques|SVT,Electronique / bricolage technique|Redaction / communication|Analyse de donnees / logique|Travail en equipe,Tourisme / hotellerie|Droit / justice,Mixte,Recherche / enseignement,ISAIA
syn-01349,L,3,1,5,2,Mathematiques|Langues etrangeres,Redaction / communication|Analyse de donnees / logique|Programmation,BTP / construction|Communication / medias|Tourisme / hotellerie|Art / design / audiovisuel,Terrain / exterieur,Entrepreneur / independant|Creation / design,TEE
syn-01350,D,1,4,3,2,SVT|Economie / Gestion|Sport,Electronique / bricolage technique|Organisation / gestion de projet|Vente / negociation,Entrepreneuriat / business|Sante / social|Tourisme / hotellerie|Art / design / audiovisuel,Bureau,Gestion / management|Recherche / enseignement,EMP
syn-01351,Technique genie civil,4,3,4,3,Informatique / Technologie|Mathematiques,Analyse de donnees / logique|Electronique / bricolage technique|Programmation,Tourisme / hotellerie|Entrepreneuriat / business|Agriculture / environnement|Finance / comptabilite,Atelier / usine,Technique / ingenierie|Creation / design,TEE
syn-01352,A2,4,4,4,4,Physique-Chimie|Mathematiques|Francais / Litterature,Redaction / communication|Analyse de donnees / logique|Vente / negociation|Electronique / bricolage technique,Sciences|Finance / comptabilite|Droit / justice,Terrain / exterieur,Technique / ingenierie,FIC
syn-01353,D,2,4,3,4,Langues etrangeres|Informatique / Technologie|Physique-Chimie,Analyse de donnees / logique|Electronique / bricolage technique|Programmation,BTP / construction|Communication / medias|Art / design / audiovisuel|Technologie / informatique,Bureau,Gestion / management,IMTICIA
syn-01354,D,3,2,1,4,Informatique / Technologie|Langues etrangeres|Arts,Creativite / design|Programmation|Analyse de donnees / logique|Redaction / communication,Art / design / audiovisuel|Sante / social|Tourisme / hotellerie|Communication / medias,Mixte,Entrepreneur / independant|Technique / ingenierie,IMTICIA
syn-01355,S,3,3,4,2,Langues etrangeres|Economie / Gestion|Informatique / Technologie,Creativite / design|Organisation / gestion de projet|Electronique / bricolage technique,Communication / medias|Droit / justice,Laboratoire,Gestion / management,IMTICIA
syn-01356,S,2,2,4,4,Physique-Chimie|Francais / Litterature,Redaction / communication|Electronique / bricolage technique,Communication / medias|Sciences,Atelier / usine,Creation / design|Technique / ingenierie,IAA
syn-01357,D,4,4,4,2,Langues etrangeres|Francais / Litterature,Redaction / communication|Travail en equipe|Electronique / bricolage technique|Organisation / gestion de projet,Droit / justice|Tourisme / hotellerie,Mixte,Gestion / management,DTJA
syn-01358,C,3,5,2,3,Physique-Chimie|Mathematiques,Analyse de donnees / logique|Electronique / bricolage technique|Programmation|Organisation / gestion de projet,Finance / comptabilite|Droit / justice|Sciences,Mixte,Commerce / relation client,ICMP
syn-01359,C,1,5,3,3,Histoire-Geographie|Francais / Litterature|Physique-Chimie,Electronique / bricolage technique|Redaction / communication,Technologie / informatique|Tourisme / hotellerie|Droit / justice,Laboratoire,Commerce / relation client|Recherche / enseignement,PIP
syn-01360,D,2,3,3,2,Francais / Litterature|Mathematiques|Sport,Redaction / communication|Analyse de donnees / logique|Vente / negociation,Communication / medias|Art / design / audiovisuel|Tourisme / hotellerie|BTP / construction,Bureau,Commerce / relation client|Creation / design,IMTICIA
syn-01361,S,4,2,3,4,Francais / Litterature|Mathematiques|SVT,Vente / negociation|Analyse de donnees / logique|Redaction / communication,Communication / medias|Droit / justice|Sante / social|Agriculture / environnement,Atelier / usine,Creation / design,ISAIA
syn-01362,S,4,3,4,2,SVT|Arts|Mathematiques,Vente / negociation|Analyse de donnees / logique|Electronique / bricolage technique,Sante / social|Technologie / informatique|Art / design / audiovisuel,Atelier / usine,Commerce / relation client,ESIIA
syn-01363,A2,3,3,4,4,Histoire-Geographie|Langues etrangeres,Organisation / gestion de projet|Creativite / design,BTP / construction|Technologie / informatique|Communication / medias|Sciences,Mixte,Creation / design|Commerce / relation client,TEH
syn-01364,Technique genie civil,3,4,2,4,Mathematiques|Economie / Gestion|SVT,Creativite / design|Organisation / gestion de projet|Vente / negociation|Programmation,Entrepreneuriat / business|Sciences,Atelier / usine,Entrepreneur / independant|Recherche / enseignement,CAA
syn-01365,C,4,3,3,2,Langues etrangeres|Informatique / Technologie|Mathematiques,Electronique / bricolage technique|Travail en equipe|Creativite / design|Programmation,Tourisme / hotellerie|Finance / comptabilite|Technologie / informatique,Bureau,Gestion / management,EMII
syn-01366,Technique industrielle,2,3,4,4,Informatique / Technologie|Sport|Mathematiques,Programmation|Analyse de donnees / logique,Sciences|BTP / construction|Art / design / audiovisuel|Finance / comptabilite,Mixte,Gestion / management|Commerce / relation client,FIC
syn-01367,L,2,2,3,4,Informatique / Technologie|Histoire-Geographie,Travail en equipe|Electronique / bricolage technique|Redaction / communication,Agriculture / environnement|Tourisme / hotellerie|Sante / social|BTP / construction,Bureau,Creation / design|Commerce / relation client,TEE
syn-01368,D,3,4,5,3,Francais / Litterature|Histoire-Geographie,Creativite / design|Travail en equipe|Redaction / communication,Communication / medias|Art / design / audiovisuel|BTP / construction,Terrain / exterieur,Commerce / relation client|Technique / ingenierie,TEH
syn-01369,D,3,5,4,3,Francais / Litterature|Informatique / Technologie,Redaction / communication|Analyse de donnees / logique|Programmation,Communication / medias|Technologie / informatique|Art / design / audiovisuel|Agriculture / environnement,Atelier / usine,Gestion / management|Technique / ingenierie,IGGLIA
syn-01370,A2,2,2,4,3,Langues etrangeres|Economie / Gestion,Organisation / gestion de projet|Creativite / design|Electronique / bricolage technique|Redaction / communication,Entrepreneuriat / business|Tourisme / hotellerie,Atelier / usine,Entrepreneur / independant,TEE
syn-01371,A2,1,5,2,4,Physique-Chimie|Francais / Litterature|Langues etrangeres,Redaction / communication|Creativite / design|Analyse de donnees / logique|Organisation / gestion de projet,Communication / medias|Sante / social|Sciences|Technologie / informatique,Bureau,Technique / ingenierie|Recherche / enseignement,DTJA
syn-01372,D,4,4,2,4,SVT|Physique-Chimie|Economie / Gestion,Analyse de donnees / logique|Electronique / bricolage technique|Vente / negociation,Agriculture / environnement|Sante / social,Laboratoire,Entrepreneur / independant|Technique / ingenierie,ESIIA
syn-01373,A1,2,2,4,3,Physique-Chimie|Sport,Travail en equipe|Programmation,Sante / social|Sciences|Art / design / audiovisuel,Terrain / exterieur,Recherche / enseignement|Technique / ingenierie,TEE
syn-01374,D,4,2,3,4,Mathematiques|Histoire-Geographie,Vente / negociation|Analyse de donnees / logique|Travail en equipe,Finance / comptabilite|Droit / justice,Atelier / usine,Entrepreneur / independant,FIC
syn-01375,Technique industrielle,3,3,3,3,SVT|Sport,Travail en equipe|Electronique / bricolage technique|Analyse de donnees / logique,Sciences|Sante / social|Agriculture / environnement|Entrepreneuriat / business,Mixte,Recherche / enseignement|Creation / design,CAA
syn-01376,D,3,4,5,1,Arts|SVT|Langues etrangeres,Analyse de donnees / logique|Travail en equipe|Creativite / design,Agriculture / environnement|Tourisme / hotellerie|Communication / medias,Mixte,Entrepreneur / independant,TEH
syn-01377,Technique genie civil,1,3,2,3,Economie / Gestion|Physique-Chimie,Vente / negociation|Redaction / communication|Analyse de donnees / logique,Entrepreneuriat / business|Sciences|Communication / medias|Technologie / informatique,Atelier / usine,Technique / ingenierie|Recherche / enseignement,CAA
syn-01378,C,3,3,2,3,Economie / Gestion|SVT,Programmation|Travail en equipe,Agriculture / environnement|Sciences|Finance / comptabilite|Droit / justice,Mixte,Gestion / management|Entrepreneur / independant,EMP
syn-01379,A2,3,3,3,2,Sport|Histoire-Geographie|Informatique / Technologie,Travail en equipe|Analyse de donnees / logique,Art / design / audiovisuel|Sante / social|BTP / construction,Terrain / exterieur,Entrepreneur / independant,TEE
syn-01380,D,2,3,3,3,Economie / Gestion|Langues etrangeres,Redaction / communication|Electronique / bricolage technique|Organisation / gestion de projet,Art / design / audiovisuel|Entrepreneuriat / business|Tourisme / hotellerie|Technologie / informatique,Laboratoire,Recherche / enseignement|Commerce / relation client,CAA
syn-01381,S,3,3,3,2,Francais / Litterature|Sport,Organisation / gestion de projet|Redaction / communication|Vente / negociation|Creativite / design,Tourisme / hotellerie|Technologie / informatique|Entrepreneuriat / business|Communication / medias,Mixte,Technique / ingenierie,CAA
syn-01382,Technique industrielle,5,3,4,3,Mathematiques|Langues etrangeres|Histoire-Geographie,Redaction / communication|Travail en equipe|Organisation / gestion de projet|Vente / negociation,Sciences|Finance / comptabilite,Mixte,Creation / design|Technique / ingenierie,ISAIA
syn-01383,S,3,2,2,1,Physique-Chimie|Informatique / Technologie|Francais / Litterature,Electronique / bricolage technique|Redaction / communication|Programmation|Organisation / gestion de projet,Technologie / informatique|Sciences,Atelier / usine,Commerce / relation client,ESIIA
syn-01384,A2,1,5,4,3,Langues etrangeres|Histoire-Geographie,Redaction / communication|Programmation,Droit / justice|Communication / medias,Mixte,Entrepreneur / independant|Creation / design,DTJA
syn-01385,A1,2,3,4,3,Francais / Litterature|Arts|Economie / Gestion,Programmation|Redaction / communication|Creativite / design|Analyse de donnees / logique,Agriculture / environnement|Finance / comptabilite|Communication / medias,Atelier / usine,Commerce / relation client|Gestion / management,EMP
syn-01386,D,4,4,3,2,Economie / Gestion|Sport,Organisation / gestion de projet|Travail en equipe|Creativite / design|Analyse de donnees / logique,Finance / comptabilite|Entrepreneuriat / business,Mixte,Gestion / management,FIC
syn-01387,C,4,3,3,1,Sport|Physique-Chimie,Redaction / communication|Analyse de donnees / logique,BTP / construction|Communication / medias,Bureau,Commerce / relation client|Technique / ingenierie,GCA
syn-01388,A2,2,3,3,4,Arts|Mathematiques|SVT,Creativite / design|Analyse de donnees / logique|Electronique / bricolage technique,Sciences|Droit / justice,Atelier / usine,Entrepreneur / independant|Technique / ingenierie,CAA
syn-01389,D,3,2,4,3,Francais / Litterature|Arts|Informatique / Technologie,Programmation|Electronique / bricolage technique,Communication / medias|Art / design / audiovisuel|Finance / comptabilite,Terrain / exterieur,Technique / ingenierie|Commerce / relation client,IMTICIA
syn-01390,L,3,2,3,3,Economie / Gestion|Langues etrangeres,Creativite / design|Electronique / bricolage technique,Entrepreneuriat / business|Finance / comptabilite,Atelier / usine,Commerce / relation client,CAA
syn-01391,A1,2,4,4,3,Physique-Chimie|Mathematiques,Redaction / communication|Creativite / design|Analyse de donnees / logique,Finance / comptabilite|BTP / construction|Sciences|Droit / justice,Laboratoire,Recherche / enseignement|Commerce / relation client,DTJA
syn-01392,L,2,3,2,5,Informatique / Technologie|Economie / Gestion|Arts,Programmation|Electronique / bricolage technique,Technologie / informatique|Sante / social|Communication / medias|Entrepreneuriat / business,Mixte,Recherche / enseignement|Gestion / management,EMP
syn-01393,D,5,5,2,3,Economie / Gestion|Physique-Chimie|Langues etrangeres,Organisation / gestion de projet|Analyse de donnees / logique|Vente / negociation,Finance / comptabilite|Entrepreneuriat / business,Terrain / exterieur,Technique / ingenierie|Recherche / enseignement,FIC
syn-01394,D,3,4,4,4,Physique-Chimie|Economie / Gestion,Electronique / bricolage technique|Creativite / design|Redaction / communication|Analyse de donnees / logique,BTP / construction|Finance / comptabilite|Droit / justice,Mixte,Entrepreneur / independant|Creation / design,FIC
syn-01395,A2,3,2,4,3,Informatique / Technologie|Histoire-Geographie|Mathematiques,Electronique / bricolage technique|Programmation|Analyse de donnees / logique|Travail en equipe,Sciences|Finance / comptabilite|Tourisme / hotellerie,Bureau,Creation / design|Commerce / relation client,TEH
syn-01396,A2,2,2,4,4,Francais / Litterature|Mathematiques,Electronique / bricolage technique|Organisation / gestion de projet,Sciences|Communication / medias|Droit / justice,Terrain / exterieur,Recherche / enseignement,DTJA
syn-01397,S,3,3,3,2,Francais / Litterature|SVT|Sport,Programmation|Redaction / communication|Vente / negociation|Analyse de donnees / logique,Droit / justice|Agriculture / environnement|Sante / social,Terrain / exterieur,Gestion / management|Entrepreneur / independant,IGGLIA
syn-01398,D,3,3,1,3,Arts|SVT,Creativite / design|Electronique / bricolage technique,Communication / medias|Finance / comptabilite|Sciences,Laboratoire,Creation / design|Gestion / management,PIP
syn-01399,S,1,3,1,3,Arts|Economie / Gestion,Programmation|Vente / negociation|Analyse de donnees / logique|Creativite / design,Art / design / audiovisuel|Entrepreneuriat / business,Mixte,Commerce / relation client|Recherche / enseignement,CAA
syn-01400,S,5,4,3,4,Physique-Chimie|Francais / Litterature|Mathematiques,Analyse de donnees / logique|Vente / negociation|Organisation / gestion de projet|Redaction / communication,Droit / justice|Finance / comptabilite|Sciences|BTP / construction,Mixte,Entrepreneur / independant|Recherche / enseignement,ISAIA
syn-01401,D,2,5,3,4,Langues etrangeres|Economie / Gestion,Redaction / communication|Creativite / design|Organisation / gestion de projet|Vente / negociation,Art / design / audiovisuel|Droit / justice|Agriculture / environnement,Atelier / usine,Creation / design|Gestion / management,EMP
syn-01402,S,4,3,2,2,Mathematiques|Langues etrangeres|Informatique / Technologie,Programmation|Analyse de donnees / logique|Organisation / gestion de projet|Electronique / bricolage technique,Communication / medias|Tourisme / hotellerie|Technologie / informatique|Entrepreneuriat / business,Bureau,Recherche / enseignement,IGGLIA
syn-01403,S,5,4,2,3,SVT|Histoire-Geographie|Mathematiques,Organisation / gestion de projet|Travail en equipe|Vente / negociation,Agriculture / environnement|Technologie / informatique|Art / design / audiovisuel|Sciences,Laboratoire,Gestion / management|Creation / design,PIP
syn-01404,S,3,4,4,4,Mathematiques|Informatique / Technologie,Creativite / design|Programmation|Analyse de donnees / logique|Electronique / bricolage technique,Communication / medias|Sciences|Tourisme / hotellerie,Atelier / usine,Recherche / enseignement|Technique / ingenierie,EMII
syn-01405,C,3,3,4,2,Francais / Litterature|Langues etrangeres|Physique-Chimie,Electronique / bricolage technique|Redaction / communication,Communication / medias|BTP / construction|Tourisme / hotellerie,Mixte,Entrepreneur / independant,TEH
syn-01406,A1,2,2,3,4,Arts|Francais / Litterature|SVT,Travail en equipe|Organisation / gestion de projet|Creativite / design,Sante / social|Art / design / audiovisuel|Droit / justice|Finance / comptabilite,Terrain / exterieur,Gestion / management,DTJA
syn-01407,C,3,4,5,3,Physique-Chimie|Informatique / Technologie,Electronique / bricolage technique|Analyse de donnees / logique|Programmation,Finance / comptabilite|Art / design / audiovisuel|Technologie / informatique,Bureau,Gestion / management|Technique / ingenierie,ESIIA
syn-01408,S,4,4,3,2,Arts|SVT|Langues etrangeres,Creativite / design|Analyse de donnees / logique|Organisation / gestion de projet,Tourisme / hotellerie|Finance / comptabilite,Mixte,Gestion / management,GCA
syn-01409,S,5,2,3,3,Arts|Francais / Litterature,Redaction / communication|Programmation|Creativite / design|Electronique / bricolage technique,BTP / construction|Communication / medias|Droit / justice|Entrepreneuriat / business,Atelier / usine,Creation / design|Entrepreneur / independant,IMTICIA
syn-01410,C,3,3,3,3,Histoire-Geographie|Physique-Chimie|Mathematiques,Analyse de donnees / logique|Electronique / bricolage technique|Programmation|Vente / negociation,Sciences|Entrepreneuriat / business|Droit / justice,Bureau,Recherche / enseignement|Creation / design,IGGLIA
syn-01411,Technique industrielle,4,3,5,2,Mathematiques|Langues etrangeres,Electronique / bricolage technique|Analyse de donnees / logique|Redaction / communication,Entrepreneuriat / business|Communication / medias|Finance / comptabilite|Sciences,Bureau,Gestion / management|Recherche / enseignement,ISAIA
syn-01412,L,2,2,3,3,Histoire-Geographie|Francais / Litterature|Informatique / Technologie,Redaction / communication|Programmation,Technologie / informatique|Communication / medias,Mixte,Technique / ingenierie,DTJA
syn-01413,A1,1,4,4,3,Francais / Litterature|Physique-Chimie|Langues etrangeres,Creativite / design|Redaction / communication,Technologie / informatique|Entrepreneuriat / business|Finance / comptabilite,Terrain / exterieur,Gestion / management,TEE
syn-01414,S,5,3,3,3,Arts|Sport,Creativite / design|Vente / negociation|Travail en equipe,Technologie / informatique|Art / design / audiovisuel|Agriculture / environnement,Terrain / exterieur,Technique / ingenierie,ISAIA
syn-01415,A1,3,3,4,3,Physique-Chimie|Francais / Litterature,Redaction / communication|Organisation / gestion de projet|Vente / negociation,Tourisme / hotellerie|Sciences,Bureau,Commerce / relation client,TEH
syn-01416,C,4,2,5,3,Mathematiques|Histoire-Geographie|Physique-Chimie,Redaction / communication|Electronique / bricolage technique|Programmation,BTP / construction|Technologie / informatique|Finance / comptabilite,Mixte,Recherche / enseignement|Creation / design,EMII
syn-01417,S,4,2,2,5,Histoire-Geographie|Langues etrangeres,Electronique / bricolage technique|Vente / negociation,Droit / justice|Sciences|Agriculture / environnement,Terrain / exterieur,Creation / design,ISAIA
syn-01418,S,4,2,4,3,Mathematiques|Arts|Histoire-Geographie,Analyse de donnees / logique|Redaction / communication|Vente / negociation,Sciences|Finance / comptabilite,Bureau,Recherche / enseignement,ISAIA
syn-01419,A1,3,4,4,3,Langues etrangeres|Sport,Vente / negociation|Creativite / design,Entrepreneuriat / business|Communication / medias|Agriculture / environnement,Laboratoire,Recherche / enseignement|Commerce / relation client,CAA
syn-01420,Technique industrielle,1,3,4,2,Francais / Litterature|Physique-Chimie,Electronique / bricolage technique|Creativite / design,Communication / medias|Droit / justice|Sciences,Bureau,Creation / design,DTJA
syn-01421,C,4,2,2,2,Sport|Arts,Redaction / communication|Travail en equipe,Finance / comptabilite|Droit / justice,Terrain / exterieur,Gestion / management,DTJA
syn-01422,A1,3,4,4,2,SVT|Informatique / Technologie,Electronique / bricolage technique|Redaction / communication|Vente / negociation,Sciences|BTP / construction|Sante / social|Agriculture / environnement,Terrain / exterieur,Creation / design|Technique / ingenierie,TEH
syn-01423,S,4,5,3,4,Economie / Gestion|Arts,Programmation|Creativite / design|Analyse de donnees / logique|Vente / negociation,Finance / comptabilite|Art / design / audiovisuel|Communication / medias,Bureau,Creation / design,FIC
syn-01424,A2,3,4,3,3,Physique-Chimie|Histoire-Geographie|SVT,Electronique / bricolage technique|Travail en equipe,Sante / social|Sciences|BTP / construction,Terrain / exterieur,Commerce / relation client,PIP
syn-01425,L,3,2,3,2,Informatique / Technologie|Francais / Litterature|Economie / Gestion,Programmation|Vente / negociation,Finance / comptabilite|Tourisme / hotellerie|Technologie / informatique,Atelier / usine,Entrepreneur / independant|Commerce / relation client,CAA
syn-01426,C,4,4,3,2,SVT|Physique-Chimie,Electronique / bricolage technique|Travail en equipe,Tourisme / hotellerie|Entrepreneuriat / business,Mixte,Gestion / management|Technique / ingenierie,EMII
syn-01427,C,4,3,3,5,SVT|Langues etrangeres|Francais / Litterature,Programmation|Redaction / communication|Vente / negociation,Communication / medias|Sciences|Agriculture / environnement,Mixte,Technique / ingenierie,TEE
syn-01428,S,3,4,3,3,SVT|Histoire-Geographie|Mathematiques,Analyse de donnees / logique|Programmation|Redaction / communication,Sciences|Finance / comptabilite|Communication / medias|Entrepreneuriat / business,Mixte,Entrepreneur / independant|Technique / ingenierie,IGGLIA
syn-01429,D,3,5,3,3,Physique-Chimie|Economie / Gestion,Organisation / gestion de projet|Redaction / communication|Creativite / design|Programmation,Finance / comptabilite|BTP / construction|Communication / medias,Bureau,Commerce / relation client|Gestion / management,IMTICIA
syn-01430,D,3,3,3,1,Arts|Informatique / Technologie,Analyse de donnees / logique|Electronique / bricolage technique,Sciences|Technologie / informatique|Communication / medias|Agriculture / environnement,Terrain / exterieur,Technique / ingenierie|Creation / design,IMTICIA
syn-01431,D,4,3,4,4,Informatique / Technologie|Mathematiques,Analyse de donnees / logique|Electronique / bricolage technique|Organisation / gestion de projet|Programmation,Technologie / informatique|Agriculture / environnement|Sciences|Finance / comptabilite,Bureau,Entrepreneur / independant,ISAIA
syn-01432,S,2,3,4,2,Sport|Physique-Chimie|Economie / Gestion,Electronique / bricolage technique|Travail en equipe,Sciences|Communication / medias|BTP / construction|Entrepreneuriat / business,Bureau,Commerce / relation client|Entrepreneur / independant,CAA
syn-01433,A2,2,1,4,4,Francais / Litterature|Sport,Organisation / gestion de projet|Travail en equipe,Droit / justice|Sciences|Art / design / audiovisuel|Technologie / informatique,Terrain / exterieur,Creation / design|Commerce / relation client,TEE
syn-01434,D,3,3,4,3,Francais / Litterature|Physique-Chimie|Histoire-Geographie,Analyse de donnees / logique|Creativite / design|Programmation|Electronique / bricolage technique,Sciences|Entrepreneuriat / business|Droit / justice|BTP / construction,Laboratoire,Recherche / enseignement|Commerce / relation client,DTJA
syn-01435,L,1,4,2,3,Informatique / Technologie|Francais / Litterature|Arts,Electronique / bricolage technique|Redaction / communication,Entrepreneuriat / business|Communication / medias,Atelier / usine,Technique / ingenierie|Creation / design,CAA
syn-01436,Technique agricole,2,4,3,3,Informatique / Technologie|Sport,Travail en equipe|Electronique / bricolage technique|Programmation,Communication / medias|Agriculture / environnement,Mixte,Gestion / management,AEE
syn-01437,D,2,5,2,2,Informatique / Technologie|Langues etrangeres,Programmation|Redaction / communication|Travail en equipe|Vente / negociation,Communication / medias|Droit / justice|Technologie / informatique,Bureau,Creation / design|Gestion / management,IGGLIA
syn-01438,S,3,3,3,4,Economie / Gestion|Informatique / Technologie,Travail en equipe|Programmation,Finance / comptabilite|Art / design / audiovisuel|Entrepreneuriat / business,Terrain / exterieur,Creation / design|Gestion / management,CAA
syn-01439,S,5,3,3,4,Physique-Chimie|Langues etrangeres,Analyse de donnees / logique|Redaction / communication,BTP / construction|Technologie / informatique,Bureau,Gestion / management,IGGLIA
syn-01440,S,5,4,4,3,SVT|Economie / Gestion,Vente / negociation|Organisation / gestion de projet|Travail en equipe,Sciences|Droit / justice|Entrepreneuriat / business|Agriculture / environnement,Mixte,Technique / ingenierie|Gestion / management,FIC
syn-01441,S,4,1,3,4,Histoire-Geographie|Arts|Sport,Organisation / gestion de projet|Redaction / communication|Creativite / design|Travail en equipe,Art / design / audiovisuel|Droit / justice|Sante / social,Laboratoire,Gestion / management,DTJA
syn-01442,D,4,4,3,4,Informatique / Technologie|Economie / Gestion|Francais / Litterature,Organisation / gestion de projet|Electronique / bricolage technique|Programmation,Entrepreneuriat / business|Finance / comptabilite|BTP / construction|Technologie / informatique,Bureau,Commerce / relation client,ISAIA
syn-01443,S,4,4,1,4,Mathematiques|Physique-Chimie|Sport,Travail en equipe|Redaction / communication|Organisation / gestion de projet,Tourisme / hotellerie|Agriculture / environnement|Sciences|Finance / comptabilite,Terrain / exterieur,Recherche / enseignement,ISAIA
syn-01444,L,2,4,5,4,Histoire-Geographie|Mathematiques|Physique-Chimie,Analyse de donnees / logique|Electronique / bricolage technique|Travail en equipe,Tourisme / hotellerie|Finance / comptabilite,Terrain / exterieur,Gestion / management,TEH
syn-01445,Technique industrielle,4,3,3,3,Mathematiques|Economie / Gestion|Langues etrangeres,Electronique / bricolage technique|Analyse de donnees / logique,Tourisme / hotellerie|Sciences|Communication / medias,Bureau,Creation / design|Recherche / enseignement,ISAIA
syn-01446,A2,1,3,3,4,Histoire-Geographie|Arts,Creativite / design|Organisation / gestion de projet|Travail en equipe,Technologie / informatique|Sante / social|Art / design / audiovisuel,Mixte,Recherche / enseignement|Entrepreneur / independant,EMP
syn-01447,L,2,1,3,4,Economie / Gestion|Francais / Litterature,Programmation|Redaction / communication|Electronique / bricolage technique|Vente / negociation,Entrepreneuriat / business|BTP / construction|Tourisme / hotellerie|Art / design / audiovisuel,Laboratoire,Creation / design,CAA
syn-01448,D,2,4,3,4,Informatique / Technologie|Histoire-Geographie,Electronique / bricolage technique|Creativite / design,Agriculture / environnement|Art / design / audiovisuel|Technologie / informatique|Tourisme / hotellerie,Atelier / usine,Creation / design|Gestion / management,IMTICIA
syn-01449,A2,2,5,3,3,Sport|Physique-Chimie|SVT,Creativite / design|Redaction / communication|Analyse de donnees / logique|Electronique / bricolage technique,Finance / comptabilite|Sante / social|Technologie / informatique,Mixte,Commerce / relation client,CAA
syn-01450,D,3,5,3,3,Mathematiques|Histoire-Geographie,Redaction / communication|Vente / negociation|Electronique / bricolage technique|Analyse de donnees / logique,Sciences|Droit / justice|Communication / medias,Terrain / exterieur,Entrepreneur / independant,ICMP
syn-01451,A1,4,2,3,3,Economie / Gestion|Mathematiques,Electronique / bricolage technique|Vente / negociation|Organisation / gestion de projet|Analyse de donnees / logique,Entrepreneuriat / business|Finance / comptabilite,Laboratoire,Commerce / relation client,FIC
syn-01452,A2,3,2,3,2,Physique-Chimie|Economie / Gestion|Informatique / Technologie,Electronique / bricolage technique|Analyse de donnees / logique|Organisation / gestion de projet,Sciences|Entrepreneuriat / business|BTP / construction,Mixte,Commerce / relation client,EMP
syn-01453,D,2,4,3,3,Francais / Litterature|Physique-Chimie,Creativite / design|Vente / negociation|Analyse de donnees / logique,Communication / medias|BTP / construction|Droit / justice,Laboratoire,Technique / ingenierie|Recherche / enseignement,PIP
syn-01454,L,3,3,3,3,SVT|Mathematiques,Analyse de donnees / logique|Creativite / design|Programmation,Finance / comptabilite|Sante / social|Agriculture / environnement,Mixte,Entrepreneur / independant|Creation / design,FIC
syn-01455,A2,3,3,3,3,Physique-Chimie|Arts,Redaction / communication|Organisation / gestion de projet|Analyse de donnees / logique,Sciences|Art / design / audiovisuel|Technologie / informatique,Bureau,Gestion / management|Recherche / enseignement,PIP
syn-01456,S,4,5,4,3,Francais / Litterature|Physique-Chimie|Economie / Gestion,Programmation|Organisation / gestion de projet|Vente / negociation,Finance / comptabilite|Sciences,Bureau,Recherche / enseignement|Gestion / management,FIC
syn-01457,D,4,3,2,4,Arts|Francais / Litterature|Mathematiques,Redaction / communication|Travail en equipe|Organisation / gestion de projet|Creativite / design,Agriculture / environnement|Communication / medias|Art / design / audiovisuel,Terrain / exterieur,Gestion / management,GCA
syn-01458,D,4,4,3,3,Mathematiques|Langues etrangeres,Redaction / communication|Analyse de donnees / logique,Sciences|Sante / social,Bureau,Recherche / enseignement,ISAIA
syn-01459,A2,3,1,5,2,Histoire-Geographie|Sport,Programmation|Creativite / design|Organisation / gestion de projet|Travail en equipe,Technologie / informatique|Droit / justice,Atelier / usine,Entrepreneur / independant|Creation / design,DTJA
syn-01460,S,4,5,4,3,Langues etrangeres|Economie / Gestion,Organisation / gestion de projet|Travail en equipe|Vente / negociation,Tourisme / hotellerie|Technologie / informatique|BTP / construction|Entrepreneuriat / business,Bureau,Commerce / relation client|Gestion / management,EMII
syn-01461,A2,4,2,4,3,Sport|Economie / Gestion|Physique-Chimie,Organisation / gestion de projet|Electronique / bricolage technique|Analyse de donnees / logique|Vente / negociation,Communication / medias|Droit / justice|Art / design / audiovisuel,Mixte,Gestion / management|Technique / ingenierie,EMP
syn-01462,D,4,3,2,4,Arts|SVT,Creativite / design|Analyse de donnees / logique|Redaction / communication|Travail en equipe,Art / design / audiovisuel|Droit / justice|Sciences,Terrain / exterieur,Technique / ingenierie,ISAIA
syn-01463,L,4,2,2,4,Economie / Gestion|Arts,Organisation / gestion de projet|Vente / negociation|Creativite / design,Droit / justice|Entrepreneuriat / business|Sante / social|Agriculture / environnement,Terrain / exterieur,Commerce / relation client|Recherche / enseignement,CAA
syn-01464,Technique agricole,3,3,5,3,SVT|Mathematiques,Redaction / communication|Vente / negociation|Analyse de donnees / logique,Droit / justice|Agriculture / environnement|Entrepreneuriat / business,Atelier / usine,Commerce / relation client|Gestion / management,CAA
syn-01465,C,2,4,3,2,Physique-Chimie|Sport|Mathematiques,Organisation / gestion de projet|Analyse de donnees / logique|Travail en equipe,Agriculture / environnement|BTP / construction,Mixte,Commerce / relation client,ICMP
syn-01466,A2,3,2,3,3,Mathematiques|Sport|Physique-Chimie,Electronique / bricolage technique|Analyse de donnees / logique,Art / design / audiovisuel|Sciences,Mixte,Technique / ingenierie,PIP
syn-01467,C,4,3,3,3,Francais / Litterature|Sport|Economie / Gestion,Programmation|Redaction / communication,Entrepreneuriat / business|Droit / justice|Technologie / informatique|Art / design / audiovisuel,Laboratoire,Creation / design|Gestion / management,EMP
syn-01468,S,4,3,2,3,Histoire-Geographie|Langues etrangeres|SVT,Redaction / communication|Travail en equipe,Tourisme / hotellerie|Agriculture / environnement|Art / design / audiovisuel|Sante / social,Bureau,Technique / ingenierie|Recherche / enseignement,TEE
syn-01469,C,5,5,3,3,Sport|Francais / Litterature|Histoire-Geographie,Travail en equipe|Redaction / communication|Creativite / design|Organisation / gestion de projet,Communication / medias|Droit / justice|Art / design / audiovisuel|Tourisme / hotellerie,Bureau,Technique / ingenierie|Gestion / management,DTJA
syn-01470,D,4,5,2,3,Economie / Gestion|Physique-Chimie,Vente / negociation|Electronique / bricolage technique|Creativite / design,Droit / justice|Entrepreneuriat / business,Bureau,Technique / ingenierie|Creation / design,ESIIA
syn-01471,A1,4,4,3,3,Informatique / Technologie|Sport|Physique-Chimie,Travail en equipe|Electronique / bricolage technique,Sante / social|Technologie / informatique,Bureau,Commerce / relation client|Gestion / management,TEH
syn-01472,D,1,2,4,2,Francais / Litterature|Economie / Gestion|Histoire-Geographie,Redaction / communication|Organisation / gestion de projet,Droit / justice|Finance / comptabilite,Mixte,Creation / design|Technique / ingenierie,DTJA
syn-01473,D,3,4,5,4,SVT|Histoire-Geographie,Analyse de donnees / logique|Programmation|Travail en equipe,Tourisme / hotellerie|Communication / medias,Mixte,Gestion / management|Creation / design,TEH
syn-01474,D,4,4,2,2,SVT|Informatique / Technologie,Redaction / communication|Programmation|Organisation / gestion de projet|Creativite / design,Agriculture / environnement|Sciences,Mixte,Recherche / enseignement|Commerce / relation client,AEE
syn-01475,D,3,3,2,3,Mathematiques|SVT|Histoire-Geographie,Vente / negociation|Creativite / design|Analyse de donnees / logique,Droit / justice|Finance / comptabilite|BTP / construction,Terrain / exterieur,Entrepreneur / independant|Gestion / management,AEE
syn-01476,D,4,3,4,4,Informatique / Technologie|Physique-Chimie|Sport,Travail en equipe|Vente / negociation|Electronique / bricolage technique|Analyse de donnees / logique,Technologie / informatique|Art / design / audiovisuel|Finance / comptabilite|Entrepreneuriat / business,Mixte,Gestion / management|Recherche / enseignement,ISAIA
syn-01477,C,3,4,4,2,Francais / Litterature|Mathematiques,Analyse de donnees / logique|Redaction / communication|Travail en equipe,Sciences|Agriculture / environnement|Communication / medias|Tourisme / hotellerie,Terrain / exterieur,Gestion / management,TEE
syn-01478,C,3,2,2,4,Informatique / Technologie|Histoire-Geographie|Mathematiques,Programmation|Analyse de donnees / logique,Technologie / informatique|Art / design / audiovisuel|Droit / justice,Terrain / exterieur,Technique / ingenierie|Creation / design,IGGLIA
syn-01479,Technique genie civil,3,3,3,4,Economie / Gestion|Sport|Physique-Chimie,Analyse de donnees / logique|Electronique / bricolage technique,Agriculture / environnement|Technologie / informatique|BTP / construction,Terrain / exterieur,Recherche / enseignement,GCA
syn-01480,C,3,3,3,2,Francais / Litterature|Mathematiques|Physique-Chimie,Analyse de donnees / logique|Travail en equipe|Redaction / communication,Sciences|Droit / justice|Communication / medias,Bureau,Creation / design|Recherche / enseignement,PIP
syn-01481,D,3,4,3,5,Physique-Chimie|SVT|Histoire-Geographie,Travail en equipe|Organisation / gestion de projet|Analyse de donnees / logique|Vente / negociation,BTP / construction|Tourisme / hotellerie,Bureau,Technique / ingenierie|Commerce / relation client,IAA
syn-01482,Technique industrielle,2,2,1,2,Langues etrangeres|Informatique / Technologie,Programmation|Organisation / gestion de projet,Technologie / informatique|Communication / medias|Tourisme / hotellerie,Bureau,Commerce / relation client,IGGLIA
syn-01483,D,2,3,2,3,Mathematiques|Physique-Chimie|Sport,Analyse de donnees / logique|Travail en equipe|Electronique / bricolage technique|Organisation / gestion de projet,Sciences|BTP / construction,Bureau,Entrepreneur / independant,ICMP
syn-01484,S,2,1,3,3,Francais / Litterature|Arts,Redaction / communication|Creativite / design,Droit / justice|Art / design / audiovisuel,Atelier / usine,Entrepreneur / independant|Recherche / enseignement,IMTICIA
syn-01485,D,4,3,4,4,Langues etrangeres|Physique-Chimie|Informatique / Technologie,Analyse de donnees / logique|Creativite / design|Electronique / bricolage technique|Redaction / communication,Tourisme / hotellerie|Sante / social|Agriculture / environnement,Bureau,Entrepreneur / independant,ISAIA
syn-01486,C,3,3,5,1,Francais / Litterature|Mathematiques,Redaction / communication|Analyse de donnees / logique|Vente / negociation|Programmation,Agriculture / environnement|Sante / social,Terrain / exterieur,Creation / design,TEE
syn-01487,D,3,3,2,4,Mathematiques|SVT|Langues etrangeres,Analyse de donnees / logique|Electronique / bricolage technique,Sciences|Technologie / informatique|Sante / social|Communication / medias,Bureau,Recherche / enseignement,ISAIA
syn-01488,D,3,4,3,2,Langues etrangeres|Economie / Gestion,Travail en equipe|Vente / negociation,Entrepreneuriat / business|Tourisme / hotellerie|Technologie / informatique|Communication / medias,Mixte,Recherche / enseignement,CAA
syn-01489,C,2,3,2,1,Informatique / Technologie|Sport,Redaction / communication|Programmation|Electronique / bricolage technique,Technologie / informatique|Art / design / audiovisuel|Finance / comptabilite|Entrepreneuriat / business,Atelier / usine,Gestion / management|Entrepreneur / independant,IGGLIA
syn-01490,C,3,4,3,3,Informatique / Technologie|Langues etrangeres,Electronique / bricolage technique|Analyse de donnees / logique,Tourisme / hotellerie|Sante / social|Technologie / informatique|Communication / medias,Terrain / exterieur,Entrepreneur / independant,TEH
syn-01491,L,2,3,3,3,Histoire-Geographie|Physique-Chimie,Travail en equipe|Analyse de donnees / logique|Organisation / gestion de projet,BTP / construction|Droit / justice,Terrain / exterieur,Entrepreneur / independant|Commerce / relation client,TEH
syn-01492,D,3,3,4,2,SVT|Informatique / Technologie|Economie / Gestion,Vente / negociation|Electronique / bricolage technique|Programmation,Technologie / informatique|Entrepreneuriat / business|Sante / social|Finance / comptabilite,Bureau,Entrepreneur / independant,IGGLIA
syn-01493,A2,1,3,3,5,Economie / Gestion|Arts,Organisation / gestion de projet|Travail en equipe|Redaction / communication|Creativite / design,Finance / comptabilite|Technologie / informatique|Entrepreneuriat / business,Mixte,Recherche / enseignement,EMP
syn-01494,D,3,4,4,3,Sport|Langues etrangeres|Arts,Travail en equipe|Redaction / communication,Tourisme / hotellerie|Art / design / audiovisuel,Atelier / usine,Entrepreneur / independant|Recherche / enseignement,TEE
syn-01495,Technique industrielle,2,2,3,4,Francais / Litterature|Histoire-Geographie|Mathematiques,Travail en equipe|Analyse de donnees / logique|Redaction / communication|Organisation / gestion de projet,Droit / justice|Sante / social|Tourisme / hotellerie|Communication / medias,Laboratoire,Creation / design,DTJA
syn-01496,Technique genie civil,3,3,4,3,Mathematiques|Arts|Informatique / Technologie,Analyse de donnees / logique|Vente / negociation,Communication / medias|Tourisme / hotellerie|Agriculture / environnement,Terrain / exterieur,Technique / ingenierie,TEH
syn-01497,D,2,4,4,1,Francais / Litterature|Physique-Chimie|Mathematiques,Redaction / communication|Analyse de donnees / logique,Sciences|BTP / construction,Bureau,Entrepreneur / independant|Creation / design,ICMP
syn-01498,D,3,1,2,3,Informatique / Technologie|Arts,Programmation|Electronique / bricolage technique|Creativite / design,Sante / social|Entrepreneuriat / business|Sciences|BTP / construction,Bureau,Creation / design|Gestion / management,IMTICIA
syn-01499,L,2,2,4,4,SVT|Sport,Electronique / bricolage technique|Travail en equipe,Tourisme / hotellerie|Sante / social|BTP / construction,Bureau,Commerce / relation client|Recherche / enseignement,TEH
syn-01500,D,4,3,3,2,Physique-Chimie|Francais / Litterature|Langues etrangeres,Analyse de donnees / logique|Electronique / bricolage technique,Communication / medias|Sciences|BTP / construction,Laboratoire,Creation / design|Technique / ingenierie,ISAIA
syn-01501,D,4,4,2,3,Mathematiques|Histoire-Geographie|Economie / Gestion,Redaction / communication|Analyse de donnees / logique|Organisation / gestion de projet|Vente / negociation,Entrepreneuriat / business|Droit / justice,Terrain / exterieur,Recherche / enseignement|Entrepreneur / independant,ISAIA
syn-01502,D,3,3,4,2,Physique-Chimie|Informatique / Technologie,Redaction / communication|Electronique / bricolage technique|Organisation / gestion de projet,Technologie / informatique|Communication / medias,Mixte,Commerce / relation client|Recherche / enseignement,ESIIA
syn-01503,S,4,4,3,2,SVT|Histoire-Geographie,Creativite / design|Organisation / gestion de projet,Sciences|Entrepreneuriat / business|Art / design / audiovisuel|Tourisme / hotellerie,Mixte,Commerce / relation client,ESIIA
syn-01504,D,3,4,3,2,SVT|Sport,Creativite / design|Travail en equipe|Analyse de donnees / logique,Sante / social|Sciences|Entrepreneuriat / business,Terrain / exterieur,Gestion / management,AEE
syn-01505,S,4,3,4,2,Francais / Litterature|Mathematiques,Vente / negociation|Analyse de donnees / logique|Electronique / bricolage technique|Redaction / communication,Technologie / informatique|Finance / comptabilite|Sante / social|Entrepreneuriat / business,Mixte,Entrepreneur / independant,ISAIA
syn-01506,S,3,3,3,4,Histoire-Geographie|Langues etrangeres,Vente / negociation|Creativite / design,Tourisme / hotellerie|Agriculture / environnement|Droit / justice,Bureau,Creation / design|Recherche / enseignement,TEH
syn-01507,S,3,2,1,2,Francais / Litterature|Sport|Physique-Chimie,Redaction / communication|Analyse de donnees / logique|Programmation,Agriculture / environnement|BTP / construction,Terrain / exterieur,Recherche / enseignement|Creation / design,ISAIA
syn-01508,Technique agricole,3,3,3,2,Histoire-Geographie|Langues etrangeres,Vente / negociation|Analyse de donnees / logique|Travail en equipe,Communication / medias|Tourisme / hotellerie|BTP / construction|Sante / social,Mixte,Technique / ingenierie,TEH
syn-01509,D,3,5,3,4,SVT|Langues etrangeres,Redaction / communication|Creativite / design|Analyse de donnees / logique|Programmation,Sante / social|Droit / justice|Tourisme / hotellerie|Agriculture / environnement,Mixte,Recherche / enseignement|Gestion / management,PIP
syn-01510,L,2,3,3,3,Histoire-Geographie|Mathematiques|Informatique / Technologie,Electronique / bricolage technique|Redaction / communication|Travail en equipe,Sciences|Technologie / informatique|Droit / justice|Finance / comptabilite,Bureau,Technique / ingenierie|Gestion / management,DTJA
syn-01511,A2,3,2,4,5,Langues etrangeres|Histoire-Geographie,Vente / negociation|Analyse de donnees / logique|Programmation|Redaction / communication,Entrepreneuriat / business|Tourisme / hotellerie|Communication / medias,Laboratoire,Technique / ingenierie,CAA
syn-01512,C,5,5,3,4,Arts|Mathematiques|Economie / Gestion,Redaction / communication|Creativite / design|Vente / negociation|Organisation / gestion de projet,Communication / medias|Finance / comptabilite,Bureau,Recherche / enseignement|Entrepreneur / independant,FIC
syn-01513,A2,5,2,4,2,Arts|Sport|Mathematiques,Organisation / gestion de projet|Travail en equipe|Redaction / communication,BTP / construction|Sciences|Art / design / audiovisuel,Atelier / usine,Commerce / relation client|Entrepreneur / independant,TEH
syn-01514,D,2,4,3,4,SVT|Economie / Gestion|Arts,Organisation / gestion de projet|Programmation,Sciences|Entrepreneuriat / business|Communication / medias,Bureau,Technique / ingenierie,EMP
syn-01515,A2,3,3,4,3,Sport|Physique-Chimie|Arts,Creativite / design|Electronique / bricolage technique|Redaction / communication|Programmation,Sciences|Agriculture / environnement|Droit / justice|Art / design / audiovisuel,Mixte,Recherche / enseignement,DTJA
syn-01516,C,2,2,2,4,Physique-Chimie|Histoire-Geographie|Francais / Litterature,Redaction / communication|Analyse de donnees / logique|Programmation|Electronique / bricolage technique,Tourisme / hotellerie|Agriculture / environnement,Terrain / exterieur,Gestion / management|Technique / ingenierie,ESIIA
syn-01517,Technique industrielle,3,4,4,2,Sport|Arts|Mathematiques,Creativite / design|Organisation / gestion de projet|Travail en equipe|Analyse de donnees / logique,Droit / justice|Finance / comptabilite|Communication / medias|Sciences,Bureau,Technique / ingenierie|Recherche / enseignement,ISAIA
syn-01518,L,3,2,2,2,Langues etrangeres|Informatique / Technologie,Electronique / bricolage technique|Travail en equipe|Vente / negociation,Agriculture / environnement|Communication / medias|Entrepreneuriat / business,Mixte,Technique / ingenierie|Recherche / enseignement,CAA
syn-01519,A2,3,1,4,4,Economie / Gestion|Langues etrangeres,Electronique / bricolage technique|Creativite / design,Entrepreneuriat / business|Communication / medias|Tourisme / hotellerie|Agriculture / environnement,Bureau,Creation / design,CAA
syn-01520,D,4,4,4,3,Sport|Francais / Litterature|Histoire-Geographie,Redaction / communication|Analyse de donnees / logique|Organisation / gestion de projet|Travail en equipe,Art / design / audiovisuel|Tourisme / hotellerie|BTP / construction,Laboratoire,Commerce / relation client|Technique / ingenierie,TEH
syn-01521,S,4,3,3,3,Physique-Chimie|Mathematiques,Analyse de donnees / logique|Programmation,Technologie / informatique|Finance / comptabilite|BTP / construction,Bureau,Commerce / relation client|Recherche / enseignement,ISAIA
syn-01522,C,2,3,3,3,Histoire-Geographie|Economie / Gestion|Arts,Organisation / gestion de projet|Creativite / design,Entrepreneuriat / business|Droit / justice|Communication / medias|Art / design / audiovisuel,Mixte,Recherche / enseignement,EMP
syn-01523,S,3,5,4,3,Arts|Histoire-Geographie,Creativite / design|Vente / negociation,Art / design / audiovisuel|Finance / comptabilite,Mixte,Entrepreneur / independant,TEE
syn-01524,D,4,5,2,2,Langues etrangeres|Informatique / Technologie|Sport,Programmation|Redaction / communication|Travail en equipe,Tourisme / hotellerie|Finance / comptabilite,Bureau,Entrepreneur / independant,FIC
syn-01525,C,2,4,2,3,Physique-Chimie|Informatique / Technologie,Analyse de donnees / logique|Electronique / bricolage technique|Travail en equipe|Vente / negociation,Sciences|Agriculture / environnement|BTP / construction|Technologie / informatique,Mixte,Commerce / relation client|Creation / design,EMII
syn-01526,D,2,2,3,4,Arts|Francais / Litterature|Histoire-Geographie,Programmation|Redaction / communication|Creativite / design|Analyse de donnees / logique,Communication / medias|Art / design / audiovisuel|Droit / justice,Terrain / exterieur,Commerce / relation client|Recherche / enseignement,IMTICIA
syn-01527,A2,4,4,3,2,Physique-Chimie|SVT|Histoire-Geographie,Electronique / bricolage technique|Organisation / gestion de projet,Droit / justice|Finance / comptabilite|Tourisme / hotellerie|Agriculture / environnement,Terrain / exterieur,Entrepreneur / independant|Technique / ingenierie,AEE
syn-01528,D,4,4,3,2,Physique-Chimie|SVT|Arts,Electronique / bricolage technique|Programmation|Analyse de donnees / logique,Agriculture / environnement|Finance / comptabilite,Mixte,Entrepreneur / independant,ESIIA
syn-01529,D,4,5,4,2,SVT|Histoire-Geographie|Francais / Litterature,Travail en equipe|Electronique / bricolage technique,Droit / justice|Tourisme / hotellerie,Bureau,Entrepreneur / independant|Commerce / relation client,TEE
syn-01530,C,2,3,1,2,Physique-Chimie|Economie / Gestion|Informatique / Technologie,Analyse de donnees / logique|Electronique / bricolage technique,Communication / medias|Droit / justice|Entrepreneuriat / business|BTP / construction,Bureau,Commerce / relation client|Creation / design,ESIIA
syn-01531,D,3,4,5,4,Histoire-Geographie|Sport,Redaction / communication|Organisation / gestion de projet|Analyse de donnees / logique,Agriculture / environnement|Technologie / informatique|Tourisme / hotellerie,Mixte,Recherche / enseignement|Technique / ingenierie,TEE
syn-01532,D,4,2,3,3,Langues etrangeres|Francais / Litterature,Redaction / communication|Electronique / bricolage technique|Travail en equipe|Analyse de donnees / logique,Communication / medias|Droit / justice|Tourisme / hotellerie|Art / design / audiovisuel,Atelier / usine,Creation / design,TEE
syn-01533,D,5,5,2,2,Informatique / Technologie|SVT,Electronique / bricolage technique|Programmation,Finance / comptabilite|Sciences,Terrain / exterieur,Technique / ingenierie,IGGLIA
syn-01534,C,5,2,2,4,Economie / Gestion|Informatique / Technologie|Mathematiques,Analyse de donnees / logique|Programmation|Organisation / gestion de projet,Finance / comptabilite|Technologie / informatique,Bureau,Gestion / management|Entrepreneur / independant,FIC
syn-01535,C,4,4,2,1,Francais / Litterature|Sport|Langues etrangeres,Travail en equipe|Analyse de donnees / logique,Communication / medias|Droit / justice,Mixte,Entrepreneur / independant|Commerce / relation client,DTJA
syn-01536,D,3,4,2,2,Informatique / Technologie|Sport,Organisation / gestion de projet|Vente / negociation|Redaction / communication,Technologie / informatique|Droit / justice,Terrain / exterieur,Creation / design,IMTICIA
syn-01537,D,3,4,3,1,Informatique / Technologie|Physique-Chimie,Electronique / bricolage technique|Travail en equipe,Sante / social|Technologie / informatique|Agriculture / environnement|Entrepreneuriat / business,Mixte,Entrepreneur / independant|Gestion / management,ESIIA
syn-01538,A1,1,4,4,5,Histoire-Geographie|SVT,Creativite / design|Travail en equipe|Programmation|Organisation / gestion de projet,Technologie / informatique|Sante / social|Finance / comptabilite|Tourisme / hotellerie,Mixte,Entrepreneur / independant|Commerce / relation client,TEH
syn-01539,D,3,5,2,3,Physique-Chimie|Langues etrangeres|Arts,Redaction / communication|Analyse de donnees / logique|Travail en equipe,Communication / medias|Sciences|BTP / construction|Sante / social,Laboratoire,Entrepreneur / independant|Creation / design,PIP
syn-01540,C,5,4,3,3,Arts|Informatique / Technologie,Vente / negociation|Organisation / gestion de projet,Communication / medias|Art / design / audiovisuel|Technologie / informatique|Tourisme / hotellerie,Bureau,Recherche / enseignement,IMTICIA
syn-01541,S,4,2,3,2,Mathematiques|Informatique / Technologie,Analyse de donnees / logique|Travail en equipe|Vente / negociation,Technologie / informatique|Art / design / audiovisuel|Droit / justice,Bureau,Gestion / management,IGGLIA
syn-01542,D,4,4,3,2,Mathematiques|Francais / Litterature|Langues etrangeres,Vente / negociation|Redaction / communication|Creativite / design,BTP / construction|Finance / comptabilite|Entrepreneuriat / business,Atelier / usine,Recherche / enseignement|Commerce / relation client,CAA
syn-01543,S,3,4,3,3,Langues etrangeres|Histoire-Geographie|SVT,Electronique / bricolage technique|Redaction / communication|Creativite / design|Programmation,Sante / social|Agriculture / environnement|Technologie / informatique,Terrain / exterieur,Technique / ingenierie,TEE
syn-01544,S,4,4,3,2,Economie / Gestion|Francais / Litterature,Vente / negociation|Analyse de donnees / logique|Organisation / gestion de projet,Art / design / audiovisuel|Communication / medias|Finance / comptabilite,Bureau,Gestion / management,FIC
syn-01545,A2,3,1,2,4,Langues etrangeres|Physique-Chimie,Electronique / bricolage technique|Redaction / communication,BTP / construction|Sciences,Terrain / exterieur,Gestion / management|Technique / ingenierie,FIC
syn-01546,C,3,2,4,3,Sport|Physique-Chimie,Travail en equipe|Vente / negociation,Art / design / audiovisuel|Sciences,Terrain / exterieur,Technique / ingenierie,ICMP
syn-01547,C,3,3,4,4,Arts|Economie / Gestion|Francais / Litterature,Organisation / gestion de projet|Redaction / communication|Vente / negociation,Communication / medias|Art / design / audiovisuel|Entrepreneuriat / business,Bureau,Commerce / relation client|Gestion / management,CAA
syn-01548,Technique industrielle,2,4,3,2,SVT|Economie / Gestion,Travail en equipe|Creativite / design,Entrepreneuriat / business|Finance / comptabilite|Sante / social|Sciences,Laboratoire,Recherche / enseignement|Entrepreneur / independant,CAA
syn-01549,D,4,3,4,2,Economie / Gestion|Histoire-Geographie,Travail en equipe|Creativite / design|Vente / negociation,Finance / comptabilite|Tourisme / hotellerie|Entrepreneuriat / business|Sante / social,Mixte,Recherche / enseignement|Gestion / management,TEH
syn-01550,A1,3,2,5,4,Physique-Chimie|Informatique / Technologie,Electronique / bricolage technique|Programmation|Analyse de donnees / logique,BTP / construction|Droit / justice|Communication / medias|Sciences,Mixte,Recherche / enseignement|Commerce / relation client,TEH
syn-01551,C,4,3,5,3,Francais / Litterature|Mathematiques|Sport,Analyse de donnees / logique|Programmation,BTP / construction|Sciences|Art / design / audiovisuel|Finance / comptabilite,Bureau,Commerce / relation client,ISAIA
syn-01552,A1,2,3,3,2,Physique-Chimie|Arts,Programmation|Travail en equipe,BTP / construction|Sciences|Communication / medias|Sante / social,Bureau,Technique / ingenierie,DTJA
syn-01553,C,4,2,2,4,Francais / Litterature|SVT|Economie / Gestion,Redaction / communication|Programmation,Communication / medias|Entrepreneuriat / business,Laboratoire,Entrepreneur / independant|Gestion / management,CAA
syn-01554,Technique agricole,4,5,3,4,Informatique / Technologie|SVT,Programmation|Electronique / bricolage technique|Organisation / gestion de projet|Redaction / communication,Sante / social|Sciences|Entrepreneuriat / business,Terrain / exterieur,Commerce / relation client,PIP
syn-01555,D,2,5,4,3,Histoire-Geographie|Mathematiques|Langues etrangeres,Analyse de donnees / logique|Programmation|Redaction / communication,Tourisme / hotellerie|Finance / comptabilite|Sciences|Droit / justice,Terrain / exterieur,Recherche / enseignement|Gestion / management,TEE
syn-01556,L,3,3,3,2,Mathematiques|Economie / Gestion,Vente / negociation|Organisation / gestion de projet,Finance / comptabilite|BTP / construction,Bureau,Creation / design|Gestion / management,FIC
syn-01557,D,3,3,3,2,Informatique / Technologie|Physique-Chimie,Electronique / bricolage technique|Organisation / gestion de projet,Technologie / informatique|Finance / comptabilite|Art / design / audiovisuel|BTP / construction,Terrain / exterieur,Entrepreneur / independant|Creation / design,IMTICIA
syn-01558,A1,2,4,3,3,Physique-Chimie|Arts|SVT,Electronique / bricolage technique|Analyse de donnees / logique|Vente / negociation,Art / design / audiovisuel|BTP / construction,Bureau,Entrepreneur / independant,CAA
syn-01559,D,3,2,3,4,Arts|Francais / Litterature,Analyse de donnees / logique|Travail en equipe|Redaction / communication|Organisation / gestion de projet,Droit / justice|Communication / medias|Art / design / audiovisuel,Laboratoire,Gestion / management|Commerce / relation client,EMP
syn-01560,C,5,5,4,3,Histoire-Geographie|Economie / Gestion,Creativite / design|Redaction / communication|Organisation / gestion de projet,Tourisme / hotellerie|Droit / justice,Bureau,Creation / design,DTJA
syn-01561,A2,2,2,2,4,Langues etrangeres|Informatique / Technologie,Electronique / bricolage technique|Organisation / gestion de projet|Travail en equipe,Communication / medias|Sante / social|Technologie / informatique|BTP / construction,Mixte,Entrepreneur / independant|Creation / design,CAA
syn-01562,C,4,2,3,4,Physique-Chimie|Sport,Programmation|Electronique / bricolage technique|Redaction / communication,Technologie / informatique|Art / design / audiovisuel|BTP / construction,Terrain / exterieur,Recherche / enseignement|Creation / design,GCA
syn-01563,D,2,3,4,2,SVT|Francais / Litterature|Informatique / Technologie,Redaction / communication|Electronique / bricolage technique,Technologie / informatique|Sciences|Finance / comptabilite,Atelier / usine,Technique / ingenierie,ESIIA
syn-01564,A2,2,2,2,3,Arts|Physique-Chimie|Francais / Litterature,Analyse de donnees / logique|Creativite / design,Communication / medias|Art / design / audiovisuel,Terrain / exterieur,Technique / ingenierie,CAA
syn-01565,D,3,2,3,3,Informatique / Technologie|Arts|Langues etrangeres,Analyse de donnees / logique|Redaction / communication|Electronique / bricolage technique,BTP / construction|Communication / medias|Technologie / informatique,Terrain / exterieur,Recherche / enseignement|Creation / design,IMTICIA
syn-01566,L,2,3,2,3,Francais / Litterature|Economie / Gestion,Organisation / gestion de projet|Redaction / communication|Analyse de donnees / logique,Droit / justice|Sante / social,Bureau,Gestion / management,FIC
syn-01567,A2,2,3,1,4,Histoire-Geographie|Sport,Redaction / communication|Travail en equipe|Organisation / gestion de projet,Sante / social|Droit / justice,Mixte,Entrepreneur / independant|Gestion / management,CAA
syn-01568,S,5,4,3,3,Economie / Gestion|SVT|Arts,Creativite / design|Analyse de donnees / logique,Agriculture / environnement|Communication / medias|Finance / comptabilite,Atelier / usine,Gestion / management,FIC
syn-01569,A1,2,3,4,3,Langues etrangeres|Arts|Sport,Redaction / communication|Creativite / design,Communication / medias|Finance / comptabilite|BTP / construction|Technologie / informatique,Atelier / usine,Gestion / management|Commerce / relation client,CAA
syn-01570,S,4,4,2,1,Physique-Chimie|Arts|Mathematiques,Analyse de donnees / logique|Electronique / bricolage technique,Finance / comptabilite|Sciences|Communication / medias,Terrain / exterieur,Creation / design|Recherche / enseignement,ISAIA
syn-01571,Technique industrielle,2,3,2,3,Sport|Langues etrangeres|SVT,Vente / negociation|Organisation / gestion de projet,Tourisme / hotellerie|Sante / social|Sciences,Bureau,Technique / ingenierie|Commerce / relation client,TEE
syn-01572,L,3,1,5,3,Sport|Arts,Programmation|Creativite / design|Analyse de donnees / logique,Sante / social|Finance / comptabilite|Sciences,Mixte,Recherche / enseignement,TEH
syn-01573,D,4,4,3,3,Economie / Gestion|Sport|Langues etrangeres,Electronique / bricolage technique|Vente / negociation,Finance / comptabilite|Art / design / audiovisuel,Laboratoire,Commerce / relation client|Gestion / management,CAA
syn-01574,S,3,4,4,5,Histoire-Geographie|SVT,Organisation / gestion de projet|Vente / negociation|Travail en equipe|Analyse de donnees / logique,Sciences|Droit / justice,Bureau,Commerce / relation client|Technique / ingenierie,CAA
syn-01575,S,4,3,4,3,Arts|Informatique / Technologie|Economie / Gestion,Electronique / bricolage technique|Vente / negociation|Redaction / communication|Organisation / gestion de projet,Communication / medias|Finance / comptabilite|BTP / construction,Atelier / usine,Recherche / enseignement|Entrepreneur / independant,FIC
syn-01576,A2,3,3,5,5,Physique-Chimie|SVT,Programmation|Electronique / bricolage technique|Travail en equipe|Redaction / communication,Agriculture / environnement|Finance / comptabilite,Atelier / usine,Technique / ingenierie|Creation / design,IAA
syn-01577,A2,2,3,2,4,Histoire-Geographie|Sport,Analyse de donnees / logique|Electronique / bricolage technique,Droit / justice|BTP / construction|Tourisme / hotellerie|Art / design / audiovisuel,Bureau,Recherche / enseignement|Creation / design,EMP
syn-01578,S,3,4,4,4,SVT|Langues etrangeres,Organisation / gestion de projet|Programmation|Travail en equipe|Electronique / bricolage technique,Sante / social|Art / design / audiovisuel|Tourisme / hotellerie,Atelier / usine,Commerce / relation client,TEH
syn-01579,D,2,2,3,4,Mathematiques|Economie / Gestion|Langues etrangeres,Travail en equipe|Vente / negociation|Redaction / communication,Tourisme / hotellerie|Entrepreneuriat / business|Finance / comptabilite,Atelier / usine,Entrepreneur / independant|Gestion / management,CAA
syn-01580,C,4,3,4,3,Economie / Gestion|Mathematiques|Informatique / Technologie,Redaction / communication|Vente / negociation|Organisation / gestion de projet,Technologie / informatique|Tourisme / hotellerie,Bureau,Creation / design|Technique / ingenierie,ESIIA
syn-01581,D,3,4,1,2,Histoire-Geographie|Economie / Gestion,Vente / negociation|Electronique / bricolage technique,Communication / medias|Entrepreneuriat / business|Droit / justice|Agriculture / environnement,Atelier / usine,Gestion / management,CAA
syn-01582,A2,2,3,2,3,Informatique / Technologie|Economie / Gestion|Physique-Chimie,Organisation / gestion de projet|Electronique / bricolage technique,BTP / construction|Finance / comptabilite|Sciences|Art / design / audiovisuel,Terrain / exterieur,Technique / ingenierie|Commerce / relation client,FIC
syn-01583,D,1,3,3,3,Francais / Litterature|Economie / Gestion,Organisation / gestion de projet|Electronique / bricolage technique,Finance / comptabilite|Communication / medias|Droit / justice,Mixte,Entrepreneur / independant|Commerce / relation client,CAA
syn-01584,S,5,5,3,3,Langues etrangeres|Physique-Chimie,Analyse de donnees / logique|Redaction / communication|Electronique / bricolage technique,Sciences|Droit / justice,Atelier / usine,Gestion / management|Creation / design,EMII
syn-01585,C,3,3,4,2,Francais / Litterature|Physique-Chimie|Langues etrangeres,Redaction / communication|Programmation|Organisation / gestion de projet|Electronique / bricolage technique,BTP / construction|Sante / social|Communication / medias|Agriculture / environnement,Terrain / exterieur,Technique / ingenierie,GCA
syn-01586,D,2,3,2,2,Histoire-Geographie|Informatique / Technologie|Langues etrangeres,Analyse de donnees / logique|Electronique / bricolage technique|Travail en equipe,Finance / comptabilite|Communication / medias|Art / design / audiovisuel,Laboratoire,Recherche / enseignement,IMTICIA
syn-01587,S,2,3,3,3,Mathematiques|Francais / Litterature|Informatique / Technologie,Electronique / bricolage technique|Analyse de donnees / logique,BTP / construction|Droit / justice|Art / design / audiovisuel,Mixte,Recherche / enseignement|Gestion / management,DTJA
syn-01588,A1,2,3,3,4,Mathematiques|Histoire-Geographie,Organisation / gestion de projet|Travail en equipe|Analyse de donnees / logique|Electronique / bricolage technique,Droit / justice|Sciences|Tourisme / hotellerie,Atelier / usine,Entrepreneur / independant,DTJA
syn-01589,D,3,4,3,3,Langues etrangeres|Physique-Chimie|Sport,Organisation / gestion de projet|Redaction / communication,Art / design / audiovisuel|Sante / social|Communication / medias|Entrepreneuriat / business,Atelier / usine,Commerce / relation client|Recherche / enseignement,IMTICIA
syn-01590,D,3,3,4,4,Arts|Physique-Chimie,Redaction / communication|Creativite / design|Electronique / bricolage technique,Communication / medias|BTP / construction|Sante / social|Entrepreneuriat / business,Laboratoire,Technique / ingenierie,GCA
syn-01591,D,4,4,3,3,SVT|Histoire-Geographie|Langues etrangeres,Travail en equipe|Redaction / communication|Programmation|Electronique / bricolage technique,Droit / justice|BTP / construction|Communication / medias|Finance / comptabilite,Bureau,Entrepreneur / independant,DTJA
syn-01592,Technique genie civil,3,3,2,3,SVT|Francais / Litterature|Mathematiques,Electronique / bricolage technique|Analyse de donnees / logique,Sante / social|Sciences|Art / design / audiovisuel|Communication / medias,Atelier / usine,Creation / design|Technique / ingenierie,TEE
syn-01593,D,4,3,4,1,Francais / Litterature|Physique-Chimie|Mathematiques,Electronique / bricolage technique|Programmation|Analyse de donnees / logique|Travail en equipe,BTP / construction|Agriculture / environnement,Laboratoire,Recherche / enseignement|Technique / ingenierie,ESIIA
syn-01594,A2,1,3,1,3,SVT|Histoire-Geographie,Travail en equipe|Programmation|Redaction / communication|Electronique / bricolage technique,Technologie / informatique|Droit / justice,Laboratoire,Entrepreneur / independant,DTJA
syn-01595,A2,1,3,4,3,Francais / Litterature|Langues etrangeres|Arts,Electronique / bricolage technique|Programmation|Analyse de donnees / logique,Droit / justice|Communication / medias|Art / design / audiovisuel,Mixte,Commerce / relation client,DTJA
syn-01596,L,3,2,4,4,Histoire-Geographie|Economie / Gestion|Physique-Chimie,Electronique / bricolage technique|Travail en equipe|Vente / negociation,Finance / comptabilite|BTP / construction,Atelier / usine,Entrepreneur / independant,CAA
syn-01597,D,4,3,3,3,Histoire-Geographie|SVT|Arts,Creativite / design|Organisation / gestion de projet|Electronique / bricolage technique|Redaction / communication,Agriculture / environnement|Droit / justice|Communication / medias,Bureau,Gestion / management,AEE
syn-01598,S,4,5,4,3,Informatique / Technologie|Histoire-Geographie,Travail en equipe|Vente / negociation|Electronique / bricolage technique|Programmation,Art / design / audiovisuel|Agriculture / environnement|Technologie / informatique|Droit / justice,Terrain / exterieur,Recherche / enseignement,EMII
syn-01599,Technique industrielle,4,4,2,3,Langues etrangeres|Sport,Organisation / gestion de projet|Travail en equipe|Redaction / communication,Communication / medias|Droit / justice|Sante / social|BTP / construction,Bureau,Technique / ingenierie,DTJA
syn-01600,S,3,2,3,4,Histoire-Geographie|Arts|Mathematiques,Creativite / design|Analyse de donnees / logique,Finance / comptabilite|Art / design / audiovisuel|Sciences,Bureau,Gestion / management|Creation / design,FIC
syn-01601,Technique genie civil,3,4,4,2,Langues etrangeres|Physique-Chimie|Informatique / Technologie,Travail en equipe|Redaction / communication,BTP / construction|Technologie / informatique|Agriculture / environnement,Terrain / exterieur,Gestion / management,TEH
syn-01602,A2,2,2,5,4,Langues etrangeres|Histoire-Geographie,Organisation / gestion de projet|Creativite / design|Redaction / communication,Entrepreneuriat / business|Tourisme / hotellerie|Sciences,Laboratoire,Gestion / management|Recherche / enseignement,TEH
syn-01603,L,2,3,4,3,Arts|Histoire-Geographie,Organisation / gestion de projet|Programmation,Tourisme / hotellerie|Communication / medias|Technologie / informatique|Art / design / audiovisuel,Mixte,Gestion / management|Technique / ingenierie,DTJA
syn-01604,A1,2,2,3,3,Arts|Francais / Litterature,Redaction / communication|Creativite / design,Communication / medias|Art / design / audiovisuel|Finance / comptabilite,Bureau,Entrepreneur / independant|Gestion / management,CAA
syn-01605,D,3,4,4,4,Economie / Gestion|Arts,Creativite / design|Vente / negociation,Art / design / audiovisuel|Entrepreneuriat / business|Communication / medias|Agriculture / environnement,Mixte,Commerce / relation client,CAA
syn-01606,D,1,4,3,3,Histoire-Geographie|Sport|Arts,Electronique / bricolage technique|Travail en equipe,Communication / medias|Technologie / informatique,Bureau,Gestion / management,IMTICIA
syn-01607,C,4,3,2,2,Langues etrangeres|Histoire-Geographie,Redaction / communication|Creativite / design|Programmation,Droit / justice|Tourisme / hotellerie|Communication / medias|Art / design / audiovisuel,Terrain / exterieur,Gestion / management|Technique / ingenierie,IMTICIA
syn-01608,D,3,3,3,3,Physique-Chimie|Francais / Litterature|Economie / Gestion,Electronique / bricolage technique|Redaction / communication,BTP / construction|Entrepreneuriat / business|Sante / social|Finance / comptabilite,Laboratoire,Commerce / relation client,EMII
syn-01609,Technique agricole,3,3,4,4,Economie / Gestion|Francais / Litterature|Arts,Travail en equipe|Organisation / gestion de projet|Creativite / design,Tourisme / hotellerie|Entrepreneuriat / business|BTP / construction|Communication / medias,Mixte,Recherche / enseignement|Creation / design,CAA
syn-01610,D,3,3,4,1,Physique-Chimie|Langues etrangeres,Analyse de donnees / logique|Travail en equipe|Electronique / bricolage technique,BTP / construction|Communication / medias|Finance / comptabilite,Mixte,Technique / ingenierie,EMII
syn-01611,C,3,4,4,3,SVT|Francais / Litterature,Analyse de donnees / logique|Travail en equipe|Organisation / gestion de projet,Sciences|Communication / medias|Tourisme / hotellerie,Laboratoire,Gestion / management,PIP
syn-01612,L,2,2,5,4,Langues etrangeres|Arts|Histoire-Geographie,Electronique / bricolage technique|Vente / negociation,Communication / medias|Technologie / informatique|Agriculture / environnement,Bureau,Commerce / relation client|Entrepreneur / independant,TEE
syn-01613,D,2,4,2,3,SVT|Physique-Chimie|Francais / Litterature,Analyse de donnees / logique|Electronique / bricolage technique|Programmation|Redaction / communication,Communication / medias|Sciences,Mixte,Commerce / relation client|Gestion / management,IAA
syn-01614,Technique industrielle,2,4,4,5,SVT|Physique-Chimie|Informatique / Technologie,Programmation|Electronique / bricolage technique,Sciences|Sante / social|Technologie / informatique,Atelier / usine,Entrepreneur / independant|Gestion / management,ESIIA
syn-01615,D,2,5,3,3,Langues etrangeres|Histoire-Geographie|Francais / Litterature,Electronique / bricolage technique|Redaction / communication|Analyse de donnees / logique,Art / design / audiovisuel|Communication / medias,Bureau,Gestion / management|Technique / ingenierie,DTJA
syn-01616,L,3,2,2,4,Informatique / Technologie|Arts,Electronique / bricolage technique|Analyse de donnees / logique|Redaction / communication,Communication / medias|Technologie / informatique,Bureau,Recherche / enseignement,FIC
syn-01617,C,4,5,2,3,SVT|Physique-Chimie,Redaction / communication|Electronique / bricolage technique|Analyse de donnees / logique|Programmation,Communication / medias|BTP / construction,Bureau,Recherche / enseignement|Entrepreneur / independant,AEE
syn-01618,L,3,2,3,2,Informatique / Technologie|Sport|Arts,Programmation|Travail en equipe|Analyse de donnees / logique|Redaction / communication,Communication / medias|Technologie / informatique|Art / design / audiovisuel,Bureau,Recherche / enseignement,DTJA
syn-01619,S,4,4,3,3,Sport|Francais / Litterature|Physique-Chimie,Analyse de donnees / logique|Redaction / communication|Creativite / design,Sciences|Communication / medias|Art / design / audiovisuel|Technologie / informatique,Mixte,Creation / design,IMTICIA
syn-01620,Technique industrielle,2,4,3,5,Physique-Chimie|Langues etrangeres|Histoire-Geographie,Redaction / communication|Electronique / bricolage technique,Tourisme / hotellerie|Droit / justice,Bureau,Commerce / relation client,TEE
syn-01621,C,3,3,2,4,SVT|Physique-Chimie|Economie / Gestion,Analyse de donnees / logique|Electronique / bricolage technique,Sciences|Finance / comptabilite|BTP / construction|Sante / social,Mixte,Recherche / enseignement|Creation / design,PIP
syn-01622,D,1,5,2,3,Sport|Arts,Vente / negociation|Creativite / design|Programmation|Organisation / gestion de projet,Communication / medias|Technologie / informatique|Droit / justice,Mixte,Technique / ingenierie,IMTICIA
syn-01623,D,4,4,3,3,Economie / Gestion|Physique-Chimie,Travail en equipe|Analyse de donnees / logique|Organisation / gestion de projet,Sciences|Art / design / audiovisuel|Communication / medias,Mixte,Commerce / relation client|Creation / design,PIP
syn-01624,D,2,2,2,4,Arts|Economie / Gestion,Redaction / communication|Travail en equipe,BTP / construction|Entrepreneuriat / business|Communication / medias|Technologie / informatique,Mixte,Commerce / relation client|Entrepreneur / independant,CAA
syn-01625,C,3,4,4,4,Langues etrangeres|Economie / Gestion|Mathematiques,Vente / negociation|Creativite / design,Finance / comptabilite|Tourisme / hotellerie|Entrepreneuriat / business,Bureau,Technique / ingenierie,CAA
syn-01626,Technique genie civil,3,3,2,3,Mathematiques|Physique-Chimie,Analyse de donnees / logique|Electronique / bricolage technique|Organisation / gestion de projet,BTP / construction|Finance / comptabilite,Mixte,Recherche / enseignement|Entrepreneur / independant,GCA
syn-01627,A2,1,1,4,3,Histoire-Geographie|Sport,Vente / negociation|Travail en equipe|Electronique / bricolage technique|Analyse de donnees / logique,Tourisme / hotellerie|Sciences|BTP / construction|Communication / medias,Mixte,Gestion / management,CAA
syn-01628,D,3,4,3,1,Arts|SVT,Creativite / design|Vente / negociation,Agriculture / environnement|Sante / social|Communication / medias|Sciences,Laboratoire,Technique / ingenierie|Gestion / management,PIP
syn-01629,A1,3,4,3,3,SVT|Physique-Chimie|Histoire-Geographie,Travail en equipe|Electronique / bricolage technique,Agriculture / environnement|Finance / comptabilite|Droit / justice,Bureau,Creation / design,TEE
syn-01630,D,1,3,3,3,Arts|SVT|Mathematiques,Creativite / design|Analyse de donnees / logique|Travail en equipe|Electronique / bricolage technique,Tourisme / hotellerie|Sciences|Finance / comptabilite|Entrepreneuriat / business,Terrain / exterieur,Creation / design|Recherche / enseignement,IMTICIA
syn-01631,C,3,4,2,4,Sport|Physique-Chimie,Travail en equipe|Analyse de donnees / logique|Organisation / gestion de projet,Sciences|Tourisme / hotellerie|BTP / construction|Entrepreneuriat / business,Mixte,Recherche / enseignement,EMP
syn-01632,A1,3,4,4,4,SVT|Mathematiques,Vente / negociation|Analyse de donnees / logique,Agriculture / environnement|Art / design / audiovisuel|Entrepreneuriat / business,Bureau,Technique / ingenierie,CAA
syn-01633,A1,3,3,3,4,Arts|Francais / Litterature|Histoire-Geographie,Travail en equipe|Creativite / design|Vente / negociation,Droit / justice|Communication / medias,Terrain / exterieur,Recherche / enseignement|Gestion / management,CAA
syn-01634,S,4,2,1,3,Arts|SVT,Programmation|Vente / negociation,Art / design / audiovisuel|Communication / medias|Agriculture / environnement,Bureau,Commerce / relation client|Gestion / management,IMTICIA
syn-01635,L,3,3,4,4,Mathematiques|Economie / Gestion,Analyse de donnees / logique|Programmation|Vente / negociation,Finance / comptabilite|Tourisme / hotellerie,Laboratoire,Entrepreneur / independant|Gestion / management,FIC
syn-01636,S,4,4,4,3,SVT|Informatique / Technologie|Francais / Litterature,Programmation|Travail en equipe|Creativite / design,Sciences|Sante / social|BTP / construction,Terrain / exterieur,Commerce / relation client,PIP
syn-01637,A1,3,3,5,3,Francais / Litterature|Arts|Sport,Travail en equipe|Analyse de donnees / logique,Communication / medias|Art / design / audiovisuel|BTP / construction|Entrepreneuriat / business,Terrain / exterieur,Recherche / enseignement|Entrepreneur / independant,TEE
syn-01638,L,2,3,4,3,Francais / Litterature|Informatique / Technologie|Physique-Chimie,Electronique / bricolage technique|Travail en equipe|Vente / negociation,Technologie / informatique|Droit / justice,Bureau,Recherche / enseignement,DTJA
syn-01639,S,4,4,2,3,Physique-Chimie|Arts,Electronique / bricolage technique|Creativite / design|Analyse de donnees / logique|Programmation,Art / design / audiovisuel|Communication / medias|BTP / construction|Tourisme / hotellerie,Atelier / usine,Recherche / enseignement,EMII
syn-01640,C,4,3,2,2,Mathematiques|Physique-Chimie,Programmation|Creativite / design,Entrepreneuriat / business|Sciences|BTP / construction,Mixte,Technique / ingenierie,GCA
syn-01641,L,1,3,4,4,Informatique / Technologie|SVT,Electronique / bricolage technique|Organisation / gestion de projet|Creativite / design|Travail en equipe,BTP / construction|Agriculture / environnement|Sciences|Technologie / informatique,Mixte,Creation / design,TEE
syn-01642,Technique industrielle,2,4,4,5,Histoire-Geographie|Langues etrangeres,Electronique / bricolage technique|Organisation / gestion de projet|Redaction / communication,Droit / justice|Tourisme / hotellerie|Sciences,Atelier / usine,Recherche / enseignement,DTJA
syn-01643,L,3,1,3,3,Francais / Litterature|Sport|Economie / Gestion,Analyse de donnees / logique|Travail en equipe,Droit / justice|Entrepreneuriat / business,Terrain / exterieur,Entrepreneur / independant|Recherche / enseignement,CAA
syn-01644,L,3,3,4,2,Physique-Chimie|Francais / Litterature|Langues etrangeres,Analyse de donnees / logique|Redaction / communication|Vente / negociation|Electronique / bricolage technique,Communication / medias|Sciences,Mixte,Technique / ingenierie,TEE
syn-01645,A1,2,4,3,5,Histoire-Geographie|Physique-Chimie|Langues etrangeres,Vente / negociation|Programmation|Electronique / bricolage technique|Redaction / communication,Tourisme / hotellerie|Sciences,Mixte,Creation / design|Commerce / relation client,TEE
syn-01646,D,3,4,4,3,Informatique / Technologie|Economie / Gestion,Travail en equipe|Creativite / design|Programmation|Electronique / bricolage technique,Entrepreneuriat / business|Technologie / informatique|Art / design / audiovisuel,Mixte,Recherche / enseignement|Technique / ingenierie,IMTICIA
syn-01647,S,4,3,2,4,Mathematiques|Economie / Gestion|Histoire-Geographie,Creativite / design|Vente / negociation|Travail en equipe|Organisation / gestion de projet,Technologie / informatique|Sante / social,Bureau,Commerce / relation client|Recherche / enseignement,FIC
syn-01648,A2,1,1,3,3,SVT|Economie / Gestion|Histoire-Geographie,Travail en equipe|Vente / negociation|Electronique / bricolage technique|Creativite / design,Sante / social|Droit / justice|Finance / comptabilite,Terrain / exterieur,Recherche / enseignement|Creation / design,DTJA
syn-01649,L,1,4,3,3,Sport|SVT|Physique-Chimie,Organisation / gestion de projet|Electronique / bricolage technique|Analyse de donnees / logique|Travail en equipe,Sciences|BTP / construction,Terrain / exterieur,Creation / design|Commerce / relation client,TEE
syn-01650,A2,1,3,5,2,Histoire-Geographie|Francais / Litterature|Langues etrangeres,Redaction / communication|Electronique / bricolage technique|Analyse de donnees / logique,Droit / justice|Communication / medias,Atelier / usine,Creation / design|Entrepreneur / independant,DTJA
syn-01651,A2,3,3,4,3,Histoire-Geographie|Francais / Litterature,Organisation / gestion de projet|Redaction / communication|Electronique / bricolage technique,BTP / construction|Tourisme / hotellerie|Droit / justice,Mixte,Creation / design|Commerce / relation client,DTJA
syn-01652,S,2,4,3,2,Sport|Arts|SVT,Electronique / bricolage technique|Travail en equipe,Art / design / audiovisuel|Communication / medias|Tourisme / hotellerie|Sante / social,Mixte,Technique / ingenierie|Commerce / relation client,IMTICIA
syn-01653,Technique genie civil,4,5,3,3,Arts|SVT|Francais / Litterature,Redaction / communication|Vente / negociation|Analyse de donnees / logique,Entrepreneuriat / business|Droit / justice|Sciences|Art / design / audiovisuel,Atelier / usine,Commerce / relation client,CAA
syn-01654,C,2,5,4,3,Francais / Litterature|Economie / Gestion|Informatique / Technologie,Programmation|Vente / negociation|Organisation / gestion de projet,Technologie / informatique|Droit / justice|Finance / comptabilite|Communication / medias,Bureau,Commerce / relation client,IMTICIA
syn-01655,Technique industrielle,4,4,1,3,SVT|Informatique / Technologie|Sport,Programmation|Travail en equipe,Sciences|Technologie / informatique|Droit / justice|Agriculture / environnement,Bureau,Commerce / relation client|Recherche / enseignement,ISAIA
syn-01656,D,3,4,3,3,Histoire-Geographie|Langues etrangeres,Travail en equipe|Redaction / communication,BTP / construction|Droit / justice,Terrain / exterieur,Creation / design|Recherche / enseignement,TEE
syn-01657,C,4,5,4,3,Economie / Gestion|Histoire-Geographie,Analyse de donnees / logique|Travail en equipe,Droit / justice|Tourisme / hotellerie|Agriculture / environnement|Entrepreneuriat / business,Atelier / usine,Gestion / management|Recherche / enseignement,AEE
syn-01658,D,4,4,3,1,Sport|Informatique / Technologie|Francais / Litterature,Electronique / bricolage technique|Organisation / gestion de projet|Programmation|Creativite / design,Technologie / informatique|Droit / justice|Agriculture / environnement,Terrain / exterieur,Creation / design|Technique / ingenierie,ESIIA
syn-01659,S,2,1,2,2,Arts|Informatique / Technologie,Travail en equipe|Electronique / bricolage technique|Organisation / gestion de projet|Programmation,Technologie / informatique|Art / design / audiovisuel|Communication / medias|Finance / comptabilite,Laboratoire,Entrepreneur / independant|Creation / design,IMTICIA
syn-01660,D,3,5,3,1,Mathematiques|SVT|Histoire-Geographie,Analyse de donnees / logique|Creativite / design|Programmation|Redaction / communication,Tourisme / hotellerie|Finance / comptabilite,Bureau,Creation / design,ISAIA
syn-01661,D,3,2,2,2,SVT|Economie / Gestion|Arts,Creativite / design|Redaction / communication|Organisation / gestion de projet,Entrepreneuriat / business|Sante / social,Mixte,Technique / ingenierie|Gestion / management,IGGLIA
syn-01662,D,3,4,4,3,Arts|Physique-Chimie,Electronique / bricolage technique|Analyse de donnees / logique,Sciences|BTP / construction|Agriculture / environnement|Sante / social,Laboratoire,Recherche / enseignement,PIP
syn-01663,A2,3,3,3,5,Mathematiques|Economie / Gestion|Arts,Programmation|Vente / negociation|Travail en equipe,Communication / medias|Tourisme / hotellerie,Mixte,Technique / ingenierie|Entrepreneur / independant,FIC
syn-01664,S,5,3,3,4,SVT|Economie / Gestion,Programmation|Analyse de donnees / logique|Electronique / bricolage technique,Sante / social|Sciences,Mixte,Gestion / management|Commerce / relation client,ISAIA
syn-01665,S,5,4,2,3,Arts|Physique-Chimie,Analyse de donnees / logique|Programmation,Finance / comptabilite|Communication / medias|Art / design / audiovisuel,Terrain / exterieur,Entrepreneur / independant|Creation / design,IGGLIA
syn-01666,S,5,4,2,2,SVT|Mathematiques,Organisation / gestion de projet|Analyse de donnees / logique|Travail en equipe|Redaction / communication,Droit / justice|Entrepreneuriat / business|Finance / comptabilite,Laboratoire,Commerce / relation client,ISAIA
syn-01667,S,3,4,3,2,Mathematiques|Histoire-Geographie|Langues etrangeres,Analyse de donnees / logique|Redaction / communication,Finance / comptabilite|Sciences|Droit / justice|Art / design / audiovisuel,Bureau,Recherche / enseignement|Entrepreneur / independant,ISAIA
syn-01668,A1,4,1,4,3,Langues etrangeres|SVT,Programmation|Redaction / communication|Organisation / gestion de projet|Electronique / bricolage technique,Communication / medias|Tourisme / hotellerie|Sante / social,Atelier / usine,Creation / design,DTJA
syn-01669,A2,1,3,5,3,Langues etrangeres|Informatique / Technologie|Francais / Litterature,Programmation|Creativite / design,Droit / justice|Tourisme / hotellerie,Bureau,Commerce / relation client|Entrepreneur / independant,DTJA
syn-01670,S,3,4,2,3,Physique-Chimie|Francais / Litterature,Electronique / bricolage technique|Redaction / communication|Analyse de donnees / logique|Vente / negociation,BTP / construction|Technologie / informatique|Sciences|Droit / justice,Laboratoire,Creation / design|Recherche / enseignement,ICMP
syn-01671,C,3,4,3,3,Sport|Economie / Gestion,Vente / negociation|Redaction / communication|Programmation,BTP / construction|Art / design / audiovisuel|Entrepreneuriat / business|Droit / justice,Laboratoire,Creation / design,CAA
syn-01672,Technique industrielle,2,4,3,3,Francais / Litterature|Histoire-Geographie,Programmation|Analyse de donnees / logique,Droit / justice|Sciences,Bureau,Recherche / enseignement,DTJA
syn-01673,D,5,4,4,4,Sport|Physique-Chimie|SVT,Electronique / bricolage technique|Travail en equipe|Analyse de donnees / logique,Agriculture / environnement|Sante / social,Mixte,Creation / design|Commerce / relation client,ISAIA
syn-01674,Technique industrielle,2,2,4,5,Histoire-Geographie|Economie / Gestion,Vente / negociation|Electronique / bricolage technique|Organisation / gestion de projet|Analyse de donnees / logique,Droit / justice|Agriculture / environnement|Finance / comptabilite|Entrepreneuriat / business,Laboratoire,Commerce / relation client|Technique / ingenierie,EMP
syn-01675,D,3,3,3,2,Francais / Litterature|Sport|SVT,Travail en equipe|Redaction / communication|Organisation / gestion de projet|Creativite / design,Agriculture / environnement|Droit / justice|Communication / medias,Terrain / exterieur,Technique / ingenierie,AEE
syn-01676,A1,3,2,4,5,Economie / Gestion|Francais / Litterature|Langues etrangeres,Vente / negociation|Electronique / bricolage technique|Redaction / communication|Organisation / gestion de projet,Tourisme / hotellerie|Agriculture / environnement,Bureau,Entrepreneur / independant|Recherche / enseignement,CAA
syn-01677,C,4,4,3,2,Economie / Gestion|Arts|Informatique / Technologie,Vente / negociation|Programmation|Organisation / gestion de projet|Creativite / design,Technologie / informatique|Communication / medias|Art / design / audiovisuel|Sciences,Atelier / usine,Creation / design,IMTICIA
syn-01678,S,5,4,3,4,Histoire-Geographie|Economie / Gestion,Creativite / design|Organisation / gestion de projet,Sante / social|Finance / comptabilite|Entrepreneuriat / business,Terrain / exterieur,Entrepreneur / independant,FIC
syn-01679,D,4,5,3,2,Informatique / Technologie|Mathematiques|Histoire-Geographie,Programmation|Organisation / gestion de projet|Creativite / design|Analyse de donnees / logique,Tourisme / hotellerie|Finance / comptabilite|Communication / medias,Atelier / usine,Creation / design,IGGLIA
syn-01680,D,1,2,4,3,Informatique / Technologie|Physique-Chimie|Sport,Analyse de donnees / logique|Programmation|Electronique / bricolage technique|Travail en equipe,Sciences|Technologie / informatique|Droit / justice,Mixte,Entrepreneur / independant,IGGLIA
syn-01681,D,1,5,3,4,Sport|SVT|Informatique / Technologie,Travail en equipe|Programmation|Electronique / bricolage technique,Finance / comptabilite|Sciences,Bureau,Recherche / enseignement,PIP
syn-01682,S,4,2,3,2,Histoire-Geographie|SVT,Travail en equipe|Creativite / design|Vente / negociation,Droit / justice|Agriculture / environnement,Bureau,Technique / ingenierie|Entrepreneur / independant,TEE
syn-01683,D,3,3,3,2,Sport|SVT|Langues etrangeres,Electronique / bricolage technique|Travail en equipe|Redaction / communication,BTP / construction|Agriculture / environnement|Art / design / audiovisuel|Sante / social,Bureau,Entrepreneur / independant|Gestion / management,AEE
syn-01684,Technique genie civil,2,2,3,2,Sport|Histoire-Geographie|Physique-Chimie,Travail en equipe|Analyse de donnees / logique|Electronique / bricolage technique|Creativite / design,BTP / construction|Sciences,Bureau,Gestion / management,DTJA
syn-01685,D,4,4,4,4,SVT|Physique-Chimie,Analyse de donnees / logique|Organisation / gestion de projet,Communication / medias|BTP / construction|Tourisme / hotellerie,Terrain / exterieur,Recherche / enseignement,TEH
syn-01686,S,3,2,2,1,Mathematiques|Economie / Gestion,Analyse de donnees / logique|Vente / negociation|Electronique / bricolage technique,Finance / comptabilite|Entrepreneuriat / business,Laboratoire,Gestion / management,ISAIA
syn-01687,S,3,2,4,3,Francais / Litterature|Economie / Gestion,Redaction / communication|Analyse de donnees / logique,Droit / justice|BTP / construction|Communication / medias,Mixte,Creation / design|Recherche / enseignement,DTJA
syn-01688,D,3,3,3,4,SVT|Arts,Creativite / design|Analyse de donnees / logique|Electronique / bricolage technique|Programmation,Art / design / audiovisuel|Sante / social|Agriculture / environnement|Communication / medias,Laboratoire,Gestion / management|Entrepreneur / independant,IMTICIA
syn-01689,S,4,2,3,3,SVT|Arts,Travail en equipe|Analyse de donnees / logique|Creativite / design|Organisation / gestion de projet,Communication / medias|Art / design / audiovisuel,Mixte,Technique / ingenierie,GCA
syn-01690,D,3,2,3,3,Histoire-Geographie|Mathematiques,Vente / negociation|Analyse de donnees / logique|Programmation|Electronique / bricolage technique,Entrepreneuriat / business|Tourisme / hotellerie|Sciences|Sante / social,Terrain / exterieur,Commerce / relation client,TEH
syn-01691,A1,2,3,4,1,Arts|Langues etrangeres|Histoire-Geographie,Travail en equipe|Redaction / communication|Vente / negociation,Art / design / audiovisuel|Finance / comptabilite,Bureau,Entrepreneur / independant,TEE
syn-01692,S,5,4,2,3,Sport|Mathematiques,Analyse de donnees / logique|Organisation / gestion de projet|Travail en equipe,Communication / medias|Finance / comptabilite,Mixte,Technique / ingenierie,ISAIA
syn-01693,S,2,4,1,2,Histoire-Geographie|Arts|Economie / Gestion,Redaction / communication|Organisation / gestion de projet,Communication / medias|Art / design / audiovisuel|Entrepreneuriat / business,Mixte,Entrepreneur / independant,EMP
syn-01694,S,2,3,3,3,Arts|Physique-Chimie|Langues etrangeres,Organisation / gestion de projet|Creativite / design|Programmation,Droit / justice|Communication / medias|Sciences,Atelier / usine,Gestion / management,IMTICIA
syn-01695,D,3,4,4,4,SVT|Sport|Arts,Creativite / design|Redaction / communication|Vente / negociation|Organisation / gestion de projet,Art / design / audiovisuel|Sciences,Mixte,Technique / ingenierie,ICMP
syn-01696,D,1,3,2,2,SVT|Mathematiques,Electronique / bricolage technique|Programmation|Organisation / gestion de projet,Agriculture / environnement|Finance / comptabilite,Bureau,Recherche / enseignement,IGGLIA
syn-01697,D,3,3,3,2,Francais / Litterature|Histoire-Geographie|Arts,Travail en equipe|Creativite / design,Art / design / audiovisuel|Communication / medias|Sante / social,Mixte,Entrepreneur / independant,IMTICIA
syn-01698,C,3,3,4,3,Langues etrangeres|Economie / Gestion,Electronique / bricolage technique|Travail en equipe,Sciences|Communication / medias,Mixte,Creation / design,TEE
syn-01699,A1,4,2,3,2,Francais / Litterature|Informatique / Technologie,Programmation|Electronique / bricolage technique,Tourisme / hotellerie|Droit / justice|Technologie / informatique,Terrain / exterieur,Recherche / enseignement,DTJA
syn-01700,C,3,2,3,3,Arts|Economie / Gestion,Organisation / gestion de projet|Creativite / design|Analyse de donnees / logique,Communication / medias|Agriculture / environnement|Art / design / audiovisuel,Mixte,Gestion / management,IMTICIA
syn-01701,D,3,3,1,3,Physique-Chimie|Langues etrangeres,Analyse de donnees / logique|Redaction / communication|Programmation,Communication / medias|Tourisme / hotellerie,Bureau,Gestion / management,IMTICIA
syn-01702,S,4,3,3,4,Langues etrangeres|Sport|SVT,Redaction / communication|Creativite / design|Travail en equipe|Vente / negociation,Droit / justice|Agriculture / environnement,Bureau,Creation / design,TEE
syn-01703,C,4,3,2,1,Francais / Litterature|Informatique / Technologie,Redaction / communication|Analyse de donnees / logique|Programmation|Organisation / gestion de projet,Technologie / informatique|Droit / justice|Finance / comptabilite,Mixte,Creation / design|Commerce / relation client,IGGLIA
syn-01704,Technique industrielle,2,4,3,3,Langues etrangeres|Sport,Analyse de donnees / logique|Travail en equipe|Redaction / communication,BTP / construction|Tourisme / hotellerie,Bureau,Entrepreneur / independant,IGGLIA
syn-01705,D,2,3,4,2,Physique-Chimie|Sport,Analyse de donnees / logique|Creativite / design|Travail en equipe|Programmation,Sante / social|Technologie / informatique|Finance / comptabilite|BTP / construction,Bureau,Recherche / enseignement|Entrepreneur / independant,IMTICIA
syn-01706,S,5,4,2,2,SVT|Economie / Gestion|Arts,Organisation / gestion de projet|Travail en equipe|Redaction / communication,Finance / comptabilite|Sciences|Art / design / audiovisuel,Mixte,Gestion / management|Entrepreneur / independant,FIC
syn-01707,A1,2,3,3,4,Informatique / Technologie|SVT|Arts,Programmation|Redaction / communication|Electronique / bricolage technique|Creativite / design,Technologie / informatique|Communication / medias,Mixte,Gestion / management,EMP
syn-01708,A1,2,2,4,3,Arts|Physique-Chimie|SVT,Programmation|Redaction / communication,Agriculture / environnement|Art / design / audiovisuel|Sciences,Atelier / usine,Creation / design|Gestion / management,TEE
syn-01709,S,4,3,5,3,Sport|Histoire-Geographie|Francais / Litterature,Vente / negociation|Analyse de donnees / logique|Programmation,Communication / medias|Droit / justice,Laboratoire,Recherche / enseignement|Technique / ingenierie,DTJA
syn-01710,S,3,3,5,3,Mathematiques|Physique-Chimie,Electronique / bricolage technique|Programmation|Creativite / design|Analyse de donnees / logique,Sciences|Finance / comptabilite,Atelier / usine,Gestion / management,ISAIA
syn-01711,D,2,4,3,3,Economie / Gestion|Mathematiques,Vente / negociation|Analyse de donnees / logique|Creativite / design,Finance / comptabilite|Sante / social|Entrepreneuriat / business|Droit / justice,Laboratoire,Creation / design|Commerce / relation client,CAA
syn-01712,C,2,2,4,3,Sport|Francais / Litterature,Organisation / gestion de projet|Electronique / bricolage technique|Redaction / communication|Travail en equipe,Tourisme / hotellerie|Entrepreneuriat / business,Bureau,Recherche / enseignement|Commerce / relation client,TEH
syn-01713,C,4,2,3,4,Physique-Chimie|Economie / Gestion|Mathematiques,Redaction / communication|Analyse de donnees / logique,Sciences|BTP / construction,Bureau,Entrepreneur / independant,ISAIA
syn-01714,D,3,4,3,3,Physique-Chimie|Sport|Economie / Gestion,Organisation / gestion de projet|Travail en equipe|Analyse de donnees / logique,Droit / justice|Finance / comptabilite|Technologie / informatique|BTP / construction,Laboratoire,Gestion / management,FIC
syn-01715,A2,2,2,4,3,Arts|Histoire-Geographie,Creativite / design|Vente / negociation,Tourisme / hotellerie|Droit / justice|Art / design / audiovisuel,Terrain / exterieur,Commerce / relation client|Gestion / management,TEH
syn-01716,C,5,5,2,4,Sport|SVT,Organisation / gestion de projet|Travail en equipe|Redaction / communication,Sante / social|Sciences|Agriculture / environnement|Finance / comptabilite,Atelier / usine,Gestion / management,IAA
syn-01717,C,3,3,3,4,Sport|Arts,Creativite / design|Electronique / bricolage technique|Vente / negociation|Travail en equipe,Droit / justice|Communication / medias,Atelier / usine,Technique / ingenierie,ESIIA
syn-01718,S,5,3,3,2,Informatique / Technologie|Mathematiques|Sport,Programmation|Travail en equipe|Vente / negociation|Creativite / design,Communication / medias|Sciences|Tourisme / hotellerie,Bureau,Commerce / relation client|Recherche / enseignement,IGGLIA
syn-01719,C,3,4,4,3,Mathematiques|Histoire-Geographie|SVT,Analyse de donnees / logique|Programmation,Entrepreneuriat / business|Sante / social|Droit / justice|Tourisme / hotellerie,Terrain / exterieur,Entrepreneur / independant,AEE
syn-01720,C,4,4,4,1,Mathematiques|Sport|Histoire-Geographie,Redaction / communication|Organisation / gestion de projet|Analyse de donnees / logique|Travail en equipe,BTP / construction|Tourisme / hotellerie|Droit / justice,Laboratoire,Entrepreneur / independant|Creation / design,GCA
syn-01721,A2,1,3,5,3,Francais / Litterature|Arts,Creativite / design|Programmation,Finance / comptabilite|Droit / justice|Communication / medias|BTP / construction,Bureau,Technique / ingenierie|Recherche / enseignement,DTJA
syn-01722,S,4,3,3,2,Arts|Physique-Chimie|Economie / Gestion,Vente / negociation|Creativite / design|Organisation / gestion de projet|Analyse de donnees / logique,Art / design / audiovisuel|Sciences|Technologie / informatique,Laboratoire,Creation / design|Commerce / relation client,IMTICIA
syn-01723,S,3,5,2,2,Arts|Langues etrangeres|Physique-Chimie,Organisation / gestion de projet|Electronique / bricolage technique|Analyse de donnees / logique|Creativite / design,Sciences|Finance / comptabilite|Communication / medias|Droit / justice,Laboratoire,Technique / ingenierie|Entrepreneur / independant,ICMP
syn-01724,D,3,3,2,3,Mathematiques|Sport|Physique-Chimie,Electronique / bricolage technique|Analyse de donnees / logique|Travail en equipe,Sciences|Sante / social,Bureau,Gestion / management|Commerce / relation client,ISAIA
syn-01725,S,3,5,3,3,Physique-Chimie|SVT|Economie / Gestion,Electronique / bricolage technique|Organisation / gestion de projet,Finance / comptabilite|BTP / construction|Sciences,Terrain / exterieur,Commerce / relation client|Technique / ingenierie,ICMP
syn-01726,L,3,2,3,3,Langues etrangeres|Histoire-Geographie,Redaction / communication|Electronique / bricolage technique|Creativite / design,Finance / comptabilite|Communication / medias|BTP / construction,Atelier / usine,Entrepreneur / independant,DTJA
syn-01727,L,1,1,3,3,Economie / Gestion|Langues etrangeres,Travail en equipe|Organisation / gestion de projet|Redaction / communication,Entrepreneuriat / business|Agriculture / environnement|Finance / comptabilite|Tourisme / hotellerie,Terrain / exterieur,Entrepreneur / independant|Recherche / enseignement,CAA
syn-01728,A2,3,2,4,4,Histoire-Geographie|Langues etrangeres|Francais / Litterature,Electronique / bricolage technique|Redaction / communication|Analyse de donnees / logique|Vente / negociation,Droit / justice|Tourisme / hotellerie|Communication / medias|Technologie / informatique,Bureau,Technique / ingenierie|Creation / design,DTJA
syn-01729,S,3,4,3,2,Informatique / Technologie|Francais / Litterature,Programmation|Redaction / communication|Organisation / gestion de projet|Vente / negociation,Tourisme / hotellerie|Technologie / informatique,Mixte,Technique / ingenierie,IGGLIA
syn-01730,D,5,4,3,4,Arts|Francais / Litterature|Langues etrangeres,Creativite / design|Redaction / communication|Vente / negociation|Electronique / bricolage technique,Communication / medias|Agriculture / environnement|Droit / justice,Bureau,Technique / ingenierie,DTJA
syn-01731,S,2,4,2,4,Economie / Gestion|Histoire-Geographie|Physique-Chimie,Creativite / design|Organisation / gestion de projet|Analyse de donnees / logique,Sciences|Tourisme / hotellerie|BTP / construction,Mixte,Recherche / enseignement|Commerce / relation client,EMP
syn-01732,A2,2,4,3,3,Informatique / Technologie|Mathematiques,Electronique / bricolage technique|Programmation|Creativite / design|Analyse de donnees / logique,Droit / justice|Communication / medias,Terrain / exterieur,Entrepreneur / independant|Gestion / management,DTJA
syn-01733,Technique industrielle,4,3,4,2,Economie / Gestion|Mathematiques|Francais / Litterature,Redaction / communication|Vente / negociation|Analyse de donnees / logique|Programmation,Sciences|Droit / justice|Agriculture / environnement|Entrepreneuriat / business,Mixte,Creation / design,ISAIA
syn-01734,A2,1,2,4,2,Physique-Chimie|Langues etrangeres,Redaction / communication|Electronique / bricolage technique|Analyse de donnees / logique|Travail en equipe,Entrepreneuriat / business|Sciences|Sante / social,Terrain / exterieur,Entrepreneur / independant|Gestion / management,TEE
syn-01735,S,1,3,3,2,SVT|Histoire-Geographie,Travail en equipe|Programmation,Entrepreneuriat / business|Sciences,Laboratoire,Recherche / enseignement,PIP
syn-01736,S,5,4,3,3,Physique-Chimie|Economie / Gestion,Electronique / bricolage technique|Programmation|Vente / negociation,BTP / construction|Finance / comptabilite|Droit / justice|Communication / medias,Bureau,Recherche / enseignement|Creation / design,GCA
syn-01737,D,3,4,1,2,Histoire-Geographie|Informatique / Technologie,Analyse de donnees / logique|Creativite / design,Tourisme / hotellerie|Droit / justice|BTP / construction,Mixte,Entrepreneur / independant,GCA
syn-01738,Technique industrielle,3,2,2,3,Physique-Chimie|Informatique / Technologie,Redaction / communication|Travail en equipe,Sciences|Communication / medias|Technologie / informatique,Bureau,Commerce / relation client,IGGLIA
syn-01739,D,3,4,4,4,SVT|Arts,Redaction / communication|Creativite / design|Electronique / bricolage technique|Analyse de donnees / logique,Communication / medias|Art / design / audiovisuel,Terrain / exterieur,Recherche / enseignement|Creation / design,IMTICIA
syn-01740,D,2,3,3,3,SVT|Histoire-Geographie,Electronique / bricolage technique|Organisation / gestion de projet|Redaction / communication,BTP / construction|Sante / social|Communication / medias,Bureau,Commerce / relation client,GCA
syn-01741,D,4,5,2,4,Sport|Informatique / Technologie,Electronique / bricolage technique|Programmation,Technologie / informatique|Tourisme / hotellerie|Communication / medias|BTP / construction,Bureau,Gestion / management,IGGLIA
syn-01742,D,3,3,3,2,Langues etrangeres|Francais / Litterature|Economie / Gestion,Redaction / communication|Vente / negociation,Tourisme / hotellerie|Communication / medias|Droit / justice|Finance / comptabilite,Bureau,Commerce / relation client|Creation / design,DTJA
syn-01743,S,4,4,3,2,Sport|Francais / Litterature,Travail en equipe|Redaction / communication|Programmation|Analyse de donnees / logique,Droit / justice|Entrepreneuriat / business|Technologie / informatique|Finance / comptabilite,Terrain / exterieur,Recherche / enseignement|Entrepreneur / independant,ISAIA
syn-01744,A2,2,3,4,5,SVT|Economie / Gestion|Arts,Electronique / bricolage technique|Organisation / gestion de projet,Agriculture / environnement|Sciences,Bureau,Technique / ingenierie,FIC
syn-01745,A2,2,2,4,5,SVT|Economie / Gestion|Mathematiques,Analyse de donnees / logique|Travail en equipe|Organisation / gestion de projet|Redaction / communication,Sante / social|Art / design / audiovisuel|BTP / construction,Bureau,Gestion / management,EMP
syn-01746,S,4,2,1,1,Mathematiques|Histoire-Geographie|Physique-Chimie,Creativite / design|Electronique / bricolage technique|Analyse de donnees / logique,Sante / social|Agriculture / environnement|Sciences|Droit / justice,Bureau,Creation / design|Technique / ingenierie,ISAIA
syn-01747,L,2,2,5,5,Sport|SVT,Travail en equipe|Organisation / gestion de projet|Creativite / design,Sante / social|Tourisme / hotellerie|Sciences,Bureau,Commerce / relation client|Gestion / management,TEH
syn-01748,D,2,4,2,4,Mathematiques|Economie / Gestion|Arts,Creativite / design|Organisation / gestion de projet,Sciences|Droit / justice,Bureau,Gestion / management|Technique / ingenierie,FIC
syn-01749,C,3,3,3,4,Langues etrangeres|Arts|Francais / Litterature,Creativite / design|Programmation|Redaction / communication,Art / design / audiovisuel|Communication / medias|Technologie / informatique|Sante / social,Mixte,Gestion / management|Recherche / enseignement,IMTICIA
syn-01750,S,3,4,4,3,Arts|Mathematiques,Vente / negociation|Analyse de donnees / logique|Redaction / communication|Organisation / gestion de projet,Art / design / audiovisuel|Communication / medias|Finance / comptabilite,Mixte,Creation / design|Commerce / relation client,CAA
syn-01751,S,3,4,3,2,Physique-Chimie|Langues etrangeres,Creativite / design|Analyse de donnees / logique|Redaction / communication|Electronique / bricolage technique,Sciences|Agriculture / environnement,Mixte,Gestion / management|Commerce / relation client,ICMP
syn-01752,Technique industrielle,2,4,2,3,Arts|Histoire-Geographie,Programmation|Travail en equipe|Organisation / gestion de projet,Communication / medias|Entrepreneuriat / business|Tourisme / hotellerie,Mixte,Recherche / enseignement|Entrepreneur / independant,CAA
syn-01753,D,3,2,3,3,Sport|Arts|Mathematiques,Creativite / design|Analyse de donnees / logique|Travail en equipe|Electronique / bricolage technique,Art / design / audiovisuel|Finance / comptabilite,Mixte,Commerce / relation client,IMTICIA
syn-01754,L,3,3,2,3,Francais / Litterature|Informatique / Technologie|SVT,Redaction / communication|Electronique / bricolage technique|Programmation|Organisation / gestion de projet,Sciences|Agriculture / environnement,Bureau,Technique / ingenierie,TEE
syn-01755,S,2,5,3,3,Economie / Gestion|SVT|Physique-Chimie,Vente / negociation|Analyse de donnees / logique|Electronique / bricolage technique|Creativite / design,Sciences|Sante / social,Laboratoire,Entrepreneur / independant|Gestion / management,PIP
syn-01756,Technique agricole,4,3,1,3,Economie / Gestion|Informatique / Technologie,Programmation|Organisation / gestion de projet|Electronique / bricolage technique|Travail en equipe,Entrepreneuriat / business|Art / design / audiovisuel|Sciences,Laboratoire,Gestion / management|Technique / ingenierie,EMP
syn-01757,A1,1,2,4,5,Arts|Sport,Creativite / design|Programmation,Art / design / audiovisuel|Communication / medias,Atelier / usine,Commerce / relation client|Creation / design,CAA
syn-01758,Technique genie civil,2,3,3,2,Sport|Langues etrangeres|Arts,Redaction / communication|Electronique / bricolage technique,Tourisme / hotellerie|Agriculture / environnement|Art / design / audiovisuel|Communication / medias,Atelier / usine,Technique / ingenierie|Gestion / management,TEH
syn-01759,D,3,4,3,2,Physique-Chimie|Sport|Mathematiques,Electronique / bricolage technique|Analyse de donnees / logique,Tourisme / hotellerie|Technologie / informatique|Finance / comptabilite|Sciences,Mixte,Technique / ingenierie|Creation / design,ESIIA
syn-01760,A2,4,2,4,3,Histoire-Geographie|Sport|Francais / Litterature,Redaction / communication|Electronique / bricolage technique,BTP / construction|Droit / justice|Finance / comptabilite|Sciences,Bureau,Entrepreneur / independant|Gestion / management,DTJA
syn-01761,S,3,3,3,2,Sport|Langues etrangeres,Electronique / bricolage technique|Vente / negociation|Redaction / communication|Organisation / gestion de projet,Tourisme / hotellerie|Technologie / informatique|Communication / medias,Bureau,Commerce / relation client|Recherche / enseignement,TEH
syn-01762,D,4,5,4,2,Informatique / Technologie|Economie / Gestion,Organisation / gestion de projet|Vente / negociation|Electronique / bricolage technique,Tourisme / hotellerie|Sante / social|Sciences|Technologie / informatique,Bureau,Gestion / management|Commerce / relation client,EMII
syn-01763,Technique genie civil,3,4,2,2,SVT|Physique-Chimie,Programmation|Electronique / bricolage technique,Agriculture / environnement|Sante / social|Art / design / audiovisuel|BTP / construction,Mixte,Commerce / relation client,GCA
syn-01764,S,5,4,1,3,SVT|Economie / Gestion|Arts,Creativite / design|Analyse de donnees / logique|Redaction / communication,Finance / comptabilite|Sciences|Art / design / audiovisuel,Mixte,Recherche / enseignement,ISAIA
syn-01765,C,3,5,3,2,Economie / Gestion|Histoire-Geographie,Redaction / communication|Organisation / gestion de projet|Electronique / bricolage technique|Vente / negociation,Entrepreneuriat / business|Finance / comptabilite,Bureau,Commerce / relation client,CAA
syn-01766,C,4,4,4,3,SVT|Langues etrangeres|Francais / Litterature,Electronique / bricolage technique|Redaction / communication|Creativite / design,Sante / social|BTP / construction|Droit / justice|Communication / medias,Bureau,Gestion / management|Technique / ingenierie,DTJA
syn-01767,D,2,3,3,3,Physique-Chimie|Mathematiques|Francais / Litterature,Redaction / communication|Analyse de donnees / logique|Electronique / bricolage technique,Finance / comptabilite|Sciences|Agriculture / environnement,Bureau,Commerce / relation client,FIC
syn-01768,S,5,2,4,3,Histoire-Geographie|Informatique / Technologie,Programmation|Electronique / bricolage technique|Redaction / communication,Technologie / informatique|BTP / construction|Droit / justice,Mixte,Commerce / relation client|Entrepreneur / independant,IGGLIA
syn-01769,A1,2,3,4,4,SVT|Economie / Gestion,Travail en equipe|Vente / negociation,Sciences|Droit / justice,Terrain / exterieur,Technique / ingenierie,CAA
syn-01770,L,3,2,3,4,Histoire-Geographie|SVT,Analyse de donnees / logique|Electronique / bricolage technique|Vente / negociation,BTP / construction|Sante / social|Agriculture / environnement|Droit / justice,Atelier / usine,Commerce / relation client|Entrepreneur / independant,CAA
syn-01771,S,3,4,3,3,Histoire-Geographie|Economie / Gestion|Sport,Vente / negociation|Organisation / gestion de projet|Travail en equipe,BTP / construction|Art / design / audiovisuel|Tourisme / hotellerie,Mixte,Recherche / enseignement|Commerce / relation client,CAA
syn-01772,D,3,3,3,4,Economie / Gestion|Informatique / Technologie|Sport,Organisation / gestion de projet|Redaction / communication|Programmation,Finance / comptabilite|Entrepreneuriat / business,Terrain / exterieur,Technique / ingenierie,EMP
syn-01773,A1,3,1,4,4,Informatique / Technologie|Physique-Chimie|Economie / Gestion,Electronique / bricolage technique|Travail en equipe,Technologie / informatique|Entrepreneuriat / business,Bureau,Entrepreneur / independant,CAA
syn-01774,A1,2,2,2,5,Histoire-Geographie|Sport|Economie / Gestion,Vente / negociation|Travail en equipe|Analyse de donnees / logique|Redaction / communication,Droit / justice|Agriculture / environnement|Entrepreneuriat / business,Bureau,Creation / design,CAA
syn-01775,S,4,3,3,4,Arts|Economie / Gestion,Redaction / communication|Vente / negociation|Programmation|Organisation / gestion de projet,Communication / medias|Entrepreneuriat / business,Mixte,Entrepreneur / independant,GCA
syn-01776,A2,2,2,3,2,Francais / Litterature|SVT|Arts,Electronique / bricolage technique|Creativite / design|Organisation / gestion de projet,Agriculture / environnement|Communication / medias|Art / design / audiovisuel,Atelier / usine,Entrepreneur / independant|Technique / ingenierie,DTJA
syn-01777,S,3,5,3,2,Physique-Chimie|Sport|Informatique / Technologie,Electronique / bricolage technique|Programmation,BTP / construction|Art / design / audiovisuel|Technologie / informatique|Sciences,Bureau,Gestion / management,EMII
syn-01778,D,3,2,3,4,Sport|Francais / Litterature,Vente / negociation|Electronique / bricolage technique|Redaction / communication|Travail en equipe,Communication / medias|Droit / justice,Terrain / exterieur,Commerce / relation client,CAA
syn-01779,D,4,4,3,4,Francais / Litterature|Informatique / Technologie|Langues etrangeres,Travail en equipe|Electronique / bricolage technique|Redaction / communication,Technologie / informatique|Communication / medias|Droit / justice,Atelier / usine,Recherche / enseignement,ESIIA
syn-01780,A2,1,4,4,2,Economie / Gestion|Langues etrangeres,Redaction / communication|Programmation|Travail en equipe|Analyse de donnees / logique,Sciences|Finance / comptabilite|Tourisme / hotellerie|Art / design / audiovisuel,Atelier / usine,Recherche / enseignement|Creation / design,TEH
syn-01781,L,3,2,4,3,Langues etrangeres|Arts,Programmation|Redaction / communication|Creativite / design|Vente / negociation,Communication / medias|Droit / justice|Technologie / informatique|Tourisme / hotellerie,Bureau,Commerce / relation client,TEH
syn-01782,D,3,5,2,2,Sport|Economie / Gestion,Vente / negociation|Travail en equipe|Organisation / gestion de projet|Redaction / communication,Agriculture / environnement|Entrepreneuriat / business|Finance / comptabilite|Tourisme / hotellerie,Bureau,Creation / design,FIC
syn-01783,C,5,4,3,3,Arts|SVT|Economie / Gestion,Vente / negociation|Programmation,Technologie / informatique|Art / design / audiovisuel,Terrain / exterieur,Gestion / management,ISAIA
syn-01784,A2,1,2,3,3,Arts|Langues etrangeres|Francais / Litterature,Creativite / design|Redaction / communication|Electronique / bricolage technique|Analyse de donnees / logique,Tourisme / hotellerie|Art / design / audiovisuel|Droit / justice|Sciences,Bureau,Technique / ingenierie|Recherche / enseignement,DTJA
syn-01785,S,4,4,2,3,Francais / Litterature|Arts|SVT,Creativite / design|Redaction / communication|Organisation / gestion de projet|Analyse de donnees / logique,Droit / justice|Agriculture / environnement|Sciences,Terrain / exterieur,Technique / ingenierie|Creation / design,AEE
syn-01786,D,5,3,4,2,Economie / Gestion|SVT,Vente / negociation|Electronique / bricolage technique|Organisation / gestion de projet,Entrepreneuriat / business|Finance / comptabilite,Bureau,Technique / ingenierie,FIC
syn-01787,C,2,3,3,1,Informatique / Technologie|Langues etrangeres,Programmation|Analyse de donnees / logique|Redaction / communication|Electronique / bricolage technique,BTP / construction|Technologie / informatique|Art / design / audiovisuel|Communication / medias,Bureau,Technique / ingenierie,IMTICIA
syn-01788,C,3,4,2,4,Physique-Chimie|Mathematiques,Travail en equipe|Analyse de donnees / logique|Programmation,Art / design / audiovisuel|Droit / justice|Finance / comptabilite,Mixte,Gestion / management,FIC
syn-01789,D,3,3,3,1,Langues etrangeres|Mathematiques|Histoire-Geographie,Vente / negociation|Redaction / communication|Creativite / design|Travail en equipe,Finance / comptabilite|Communication / medias,Mixte,Entrepreneur / independant|Recherche / enseignement,TEH
syn-01790,S,4,3,3,2,Langues etrangeres|Francais / Litterature|Mathematiques,Redaction / communication|Programmation|Organisation / gestion de projet,Technologie / informatique|Tourisme / hotellerie|Droit / justice|Communication / medias,Mixte,Recherche / enseignement|Commerce / relation client,TEE
syn-01791,A2,2,2,3,3,Mathematiques|Economie / Gestion,Organisation / gestion de projet|Vente / negociation|Analyse de donnees / logique|Travail en equipe,Sciences|Sante / social|Entrepreneuriat / business|Communication / medias,Mixte,Recherche / enseignement|Creation / design,CAA
syn-01792,S,4,4,4,1,SVT|Economie / Gestion|Francais / Litterature,Analyse de donnees / logique|Electronique / bricolage technique,Entrepreneuriat / business|Technologie / informatique|Droit / justice,Bureau,Gestion / management|Creation / design,ISAIA
syn-01793,A2,2,2,4,2,Langues etrangeres|Mathematiques,Creativite / design|Organisation / gestion de projet|Redaction / communication,Tourisme / hotellerie|Sciences|Droit / justice|Sante / social,Mixte,Recherche / enseignement,TEH
syn-01794,Technique agricole,3,4,2,4,Arts|Sport|Langues etrangeres,Vente / negociation|Travail en equipe,Communication / medias|Tourisme / hotellerie|Art / design / audiovisuel|Finance / comptabilite,Atelier / usine,Gestion / management,TEH
syn-01795,D,3,2,5,4,Mathematiques|Langues etrangeres|Histoire-Geographie,Electronique / bricolage technique|Analyse de donnees / logique|Redaction / communication,Communication / medias|Droit / justice|Finance / comptabilite|BTP / construction,Mixte,Gestion / management|Commerce / relation client,DTJA
syn-01796,A1,2,4,3,2,Informatique / Technologie|Physique-Chimie|Francais / Litterature,Electronique / bricolage technique|Redaction / communication,Sciences|Finance / comptabilite|BTP / construction,Terrain / exterieur,Entrepreneur / independant,DTJA
syn-01797,A1,3,4,4,3,Francais / Litterature|Mathematiques|Langues etrangeres,Analyse de donnees / logique|Redaction / communication|Organisation / gestion de projet|Programmation,Art / design / audiovisuel|Finance / comptabilite,Terrain / exterieur,Gestion / management|Recherche / enseignement,FIC
syn-01798,A2,3,1,2,3,Sport|Mathematiques,Travail en equipe|Organisation / gestion de projet|Redaction / communication|Programmation,Finance / comptabilite|Art / design / audiovisuel,Terrain / exterieur,Technique / ingenierie|Entrepreneur / independant,FIC
syn-01799,A2,4,2,5,4,Histoire-Geographie|Francais / Litterature,Redaction / communication|Electronique / bricolage technique|Creativite / design,Sciences|Art / design / audiovisuel|Finance / comptabilite|Sante / social,Bureau,Commerce / relation client,DTJA
syn-01800,D,4,2,3,3,SVT|Mathematiques,Programmation|Vente / negociation,Agriculture / environnement|Art / design / audiovisuel,Laboratoire,Gestion / management,IGGLIA
syn-01801,L,3,1,3,2,Informatique / Technologie|Mathematiques|Langues etrangeres,Electronique / bricolage technique|Organisation / gestion de projet|Creativite / design|Vente / negociation,Sciences|Communication / medias|Finance / comptabilite,Mixte,Technique / ingenierie|Gestion / management,FIC
syn-01802,C,5,4,3,3,Mathematiques|Histoire-Geographie|Langues etrangeres,Travail en equipe|Redaction / communication|Organisation / gestion de projet,Finance / comptabilite|Sciences|Communication / medias|Entrepreneuriat / business,Laboratoire,Recherche / enseignement,ISAIA
syn-01803,D,4,5,1,2,Langues etrangeres|Arts|Histoire-Geographie,Creativite / design|Electronique / bricolage technique,Technologie / informatique|Communication / medias,Bureau,Recherche / enseignement|Creation / design,IMTICIA
syn-01804,L,3,2,3,3,SVT|Langues etrangeres,Analyse de donnees / logique|Redaction / communication,Sciences|Technologie / informatique,Mixte,Commerce / relation client,TEH
syn-01805,S,4,4,4,3,SVT|Mathematiques|Informatique / Technologie,Electronique / bricolage technique|Redaction / communication|Analyse de donnees / logique,Sante / social|Technologie / informatique|Finance / comptabilite,Mixte,Commerce / relation client,ISAIA
syn-01806,A2,2,3,3,3,Informatique / Technologie|Physique-Chimie|Francais / Litterature,Electronique / bricolage technique|Programmation|Travail en equipe|Creativite / design,Communication / medias|Technologie / informatique|Droit / justice|Sciences,Laboratoire,Recherche / enseignement,DTJA
syn-01807,C,3,5,4,5,Mathematiques|Physique-Chimie,Vente / negociation|Electronique / bricolage technique|Creativite / design,BTP / construction|Tourisme / hotellerie|Sciences,Atelier / usine,Creation / design,EMII
syn-01808,S,3,5,2,3,Informatique / Technologie|Arts,Analyse de donnees / logique|Creativite / design|Programmation|Vente / negociation,Technologie / informatique|Tourisme / hotellerie|Communication / medias,Bureau,Gestion / management|Recherche / enseignement,IMTICIA
syn-01809,D,3,5,3,3,Langues etrangeres|Informatique / Technologie,Programmation|Electronique / bricolage technique|Organisation / gestion de projet,Entrepreneuriat / business|Tourisme / hotellerie|Communication / medias|Sante / social,Bureau,Gestion / management|Recherche / enseignement,ESIIA
syn-01810,D,4,3,3,2,Francais / Litterature|Physique-Chimie,Redaction / communication|Programmation|Analyse de donnees / logique,Agriculture / environnement|Art / design / audiovisuel,Bureau,Gestion / management,FIC
syn-01811,Technique industrielle,4,3,3,3,Mathematiques|Physique-Chimie,Analyse de donnees / logique|Redaction / communication,Art / design / audiovisuel|BTP / construction|Tourisme / hotellerie|Finance / comptabilite,Mixte,Gestion / management,EMII
syn-01812,S,3,3,3,2,Arts|Informatique / Technologie,Travail en equipe|Creativite / design,BTP / construction|Sante / social|Communication / medias|Technologie / informatique,Bureau,Commerce / relation client,IMTICIA
syn-01813,D,3,4,3,2,Arts|Sport,Travail en equipe|Creativite / design|Vente / negociation,Communication / medias|Agriculture / environnement|Sciences,Terrain / exterieur,Gestion / management|Commerce / relation client,TEE
syn-01814,S,4,4,2,3,Arts|Physique-Chimie|SVT,Creativite / design|Redaction / communication,BTP / construction|Sciences,Atelier / usine,Creation / design|Gestion / management,GCA
syn-01815,Technique industrielle,2,5,3,2,Langues etrangeres|Arts,Vente / negociation|Travail en equipe|Creativite / design,Agriculture / environnement|BTP / construction|Sante / social,Atelier / usine,Commerce / relation client,TEH
syn-01816,L,1,2,4,3,Mathematiques|Economie / Gestion,Creativite / design|Analyse de donnees / logique|Vente / negociation,Sciences|Entrepreneuriat / business|Art / design / audiovisuel,Mixte,Technique / ingenierie,CAA
syn-01817,Technique industrielle,3,2,5,3,Francais / Litterature|Economie / Gestion,Organisation / gestion de projet|Programmation|Redaction / communication,Technologie / informatique|Droit / justice|Communication / medias|Entrepreneuriat / business,Mixte,Recherche / enseignement,DTJA
syn-01818,D,4,4,3,4,Physique-Chimie|Histoire-Geographie,Travail en equipe|Vente / negociation,Finance / comptabilite|BTP / construction|Agriculture / environnement|Sciences,Terrain / exterieur,Creation / design,ICMP
syn-01819,D,2,4,3,3,Langues etrangeres|Mathematiques|Economie / Gestion,Redaction / communication|Electronique / bricolage technique|Vente / negociation,Communication / medias|Finance / comptabilite,Atelier / usine,Entrepreneur / independant|Technique / ingenierie,FIC
syn-01820,Technique industrielle,3,3,4,3,Mathematiques|Histoire-Geographie,Organisation / gestion de projet|Analyse de donnees / logique,Entrepreneuriat / business|Sciences,Bureau,Gestion / management|Technique / ingenierie,ISAIA
syn-01821,A2,2,3,3,3,Langues etrangeres|Informatique / Technologie,Redaction / communication|Analyse de donnees / logique|Programmation,Tourisme / hotellerie|Entrepreneuriat / business|Agriculture / environnement,Laboratoire,Gestion / management|Recherche / enseignement,TEE
syn-01822,L,2,2,5,5,Francais / Litterature|Informatique / Technologie,Redaction / communication|Travail en equipe,Communication / medias|Sciences|Technologie / informatique|Sante / social,Mixte,Creation / design,DTJA
syn-01823,S,4,4,3,5,Economie / Gestion|Arts|Informatique / Technologie,Organisation / gestion de projet|Programmation|Vente / negociation,Communication / medias|Finance / comptabilite,Mixte,Creation / design,EMP
syn-01824,D,3,4,3,2,Physique-Chimie|Sport|Mathematiques,Analyse de donnees / logique|Redaction / communication,Droit / justice|Sciences|Agriculture / environnement|BTP / construction,Atelier / usine,Commerce / relation client|Technique / ingenierie,ESIIA
syn-01825,C,4,4,3,3,Francais / Litterature|Histoire-Geographie|SVT,Electronique / bricolage technique|Programmation,Tourisme / hotellerie|Art / design / audiovisuel|Agriculture / environnement,Mixte,Gestion / management|Recherche / enseignement,ESIIA
syn-01826,S,5,5,5,4,Francais / Litterature|Mathematiques,Creativite / design|Analyse de donnees / logique|Programmation,Droit / justice|Art / design / audiovisuel|Sciences,Mixte,Creation / design,ISAIA
syn-01827,D,4,3,3,3,Physique-Chimie|Langues etrangeres,Organisation / gestion de projet|Analyse de donnees / logique,Sciences|Tourisme / hotellerie,Bureau,Recherche / enseignement|Technique / ingenierie,ISAIA
syn-01828,D,4,3,3,2,Informatique / Technologie|Francais / Litterature|Economie / Gestion,Programmation|Electronique / bricolage technique,Communication / medias|Technologie / informatique,Laboratoire,Entrepreneur / independant,ESIIA
syn-01829,D,2,4,4,2,Arts|Physique-Chimie,Electronique / bricolage technique|Organisation / gestion de projet|Analyse de donnees / logique|Creativite / design,Art / design / audiovisuel|BTP / construction,Terrain / exterieur,Commerce / relation client|Recherche / enseignement,EMII
syn-01830,A1,4,3,2,3,SVT|Informatique / Technologie|Arts,Redaction / communication|Creativite / design|Electronique / bricolage technique,Communication / medias|Sante / social|Droit / justice|Art / design / audiovisuel,Atelier / usine,Creation / design,CAA
syn-01831,C,4,3,1,2,Langues etrangeres|SVT,Programmation|Organisation / gestion de projet|Redaction / communication,Tourisme / hotellerie|Agriculture / environnement|Sciences|Technologie / informatique,Mixte,Creation / design|Technique / ingenierie,GCA
syn-01832,D,4,4,4,4,Sport|Histoire-Geographie,Electronique / bricolage technique|Travail en equipe|Programmation|Redaction / communication,Entrepreneuriat / business|Tourisme / hotellerie,Mixte,Recherche / enseignement|Commerce / relation client,TEH
syn-01833,C,4,4,3,3,Physique-Chimie|Informatique / Technologie,Electronique / bricolage technique|Programmation|Organisation / gestion de projet,BTP / construction|Technologie / informatique|Sciences,Bureau,Creation / design|Commerce / relation client,ESIIA
syn-01834,C,5,3,3,3,Mathematiques|Informatique / Technologie|Physique-Chimie,Programmation|Vente / negociation,Droit / justice|Sante / social|BTP / construction,Bureau,Gestion / management|Technique / ingenierie,IGGLIA
syn-01835,L,4,3,3,4,Informatique / Technologie|Physique-Chimie,Programmation|Redaction / communication,Technologie / informatique|Tourisme / hotellerie|Finance / comptabilite|Sciences,Laboratoire,Recherche / enseignement,FIC
syn-01836,Technique agricole,5,4,1,4,Mathematiques|Sport,Analyse de donnees / logique|Organisation / gestion de projet|Programmation,Tourisme / hotellerie|Sciences|BTP / construction|Communication / medias,Atelier / usine,Entrepreneur / independant|Commerce / relation client,PIP
syn-01837,S,3,3,4,3,Langues etrangeres|Economie / Gestion,Redaction / communication|Programmation|Organisation / gestion de projet|Electronique / bricolage technique,Sante / social|Entrepreneuriat / business,Terrain / exterieur,Recherche / enseignement|Creation / design,CAA
syn-01838,D,2,5,4,2,Physique-Chimie|Langues etrangeres|Informatique / Technologie,Programmation|Electronique / bricolage technique|Analyse de donnees / logique,Sciences|Art / design / audiovisuel,Atelier / usine,Gestion / management|Technique / ingenierie,ESIIA
syn-01839,D,3,4,4,3,Economie / Gestion|SVT|Informatique / Technologie,Organisation / gestion de projet|Electronique / bricolage technique|Vente / negociation,Finance / comptabilite|Art / design / audiovisuel|BTP / construction,Terrain / exterieur,Entrepreneur / independant,FIC
syn-01840,D,3,3,4,2,Francais / Litterature|Langues etrangeres|Arts,Travail en equipe|Organisation / gestion de projet|Programmation|Redaction / communication,Communication / medias|Tourisme / hotellerie,Bureau,Creation / design|Entrepreneur / independant,TEH
syn-01841,C,5,4,3,2,Sport|Francais / Litterature|Langues etrangeres,Travail en equipe|Redaction / communication|Creativite / design|Analyse de donnees / logique,Technologie / informatique|Communication / medias,Terrain / exterieur,Commerce / relation client,CAA
syn-01842,D,4,3,3,3,Economie / Gestion|Langues etrangeres|Mathematiques,Organisation / gestion de projet|Redaction / communication|Analyse de donnees / logique,Sante / social|Finance / comptabilite,Mixte,Commerce / relation client|Technique / ingenierie,CAA
syn-01843,A1,1,4,4,3,Economie / Gestion|Langues etrangeres,Programmation|Organisation / gestion de projet|Analyse de donnees / logique,Communication / medias|Tourisme / hotellerie|Entrepreneuriat / business,Atelier / usine,Creation / design,TEE
syn-01844,D,4,5,3,3,SVT|Langues etrangeres,Travail en equipe|Vente / negociation|Organisation / gestion de projet,Agriculture / environnement|Sciences|BTP / construction|Tourisme / hotellerie,Mixte,Entrepreneur / independant|Commerce / relation client,AEE
syn-01845,A2,2,3,4,3,Informatique / Technologie|Physique-Chimie,Organisation / gestion de projet|Electronique / bricolage technique|Creativite / design,Finance / comptabilite|Droit / justice|Technologie / informatique,Mixte,Creation / design|Recherche / enseignement,TEH
syn-01846,Technique industrielle,2,3,3,2,Arts|SVT,Creativite / design|Programmation|Redaction / communication|Vente / negociation,Sciences|Agriculture / environnement,Atelier / usine,Entrepreneur / independant,ICMP
syn-01847,C,5,4,2,2,Physique-Chimie|Francais / Litterature|Langues etrangeres,Electronique / bricolage technique|Redaction / communication|Programmation,Droit / justice|Finance / comptabilite|BTP / construction,Terrain / exterieur,Entrepreneur / independant|Recherche / enseignement,GCA
syn-01848,S,4,3,4,2,Arts|Histoire-Geographie,Redaction / communication|Travail en equipe|Creativite / design,BTP / construction|Art / design / audiovisuel|Tourisme / hotellerie|Entrepreneuriat / business,Mixte,Creation / design|Commerce / relation client,TEH
syn-01849,D,4,3,3,3,Economie / Gestion|Arts|Mathematiques,Creativite / design|Travail en equipe|Vente / negociation,Tourisme / hotellerie|Sciences|Entrepreneuriat / business,Bureau,Entrepreneur / independant,CAA
syn-01850,L,2,3,5,3,SVT|Langues etrangeres|Arts,Redaction / communication|Creativite / design,Sante / social|Tourisme / hotellerie|Agriculture / environnement|Technologie / informatique,Terrain / exterieur,Technique / ingenierie|Commerce / relation client,TEH
syn-01851,Technique genie civil,2,3,3,2,SVT|Mathematiques|Economie / Gestion,Programmation|Organisation / gestion de projet|Vente / negociation,Entrepreneuriat / business|Sciences|Finance / comptabilite,Bureau,Gestion / management,FIC
syn-01852,S,3,3,4,2,Informatique / Technologie|Physique-Chimie|Francais / Litterature,Programmation|Organisation / gestion de projet|Travail en equipe|Analyse de donnees / logique,Droit / justice|Technologie / informatique|Art / design / audiovisuel,Atelier / usine,Entrepreneur / independant|Technique / ingenierie,IMTICIA
syn-01853,A1,3,2,2,3,Physique-Chimie|Mathematiques,Vente / negociation|Redaction / communication|Travail en equipe,BTP / construction|Finance / comptabilite|Entrepreneuriat / business,Mixte,Creation / design,CAA
syn-01854,D,2,2,2,3,Economie / Gestion|Informatique / Technologie,Electronique / bricolage technique|Vente / negociation|Organisation / gestion de projet|Programmation,Sciences|Entrepreneuriat / business|Art / design / audiovisuel|Agriculture / environnement,Terrain / exterieur,Gestion / management,EMP
syn-01855,A1,2,1,5,2,Informatique / Technologie|Sport,Electronique / bricolage technique|Programmation,Technologie / informatique|Droit / justice|Sante / social,Laboratoire,Technique / ingenierie|Recherche / enseignement,DTJA
syn-01856,A2,2,4,3,1,Langues etrangeres|SVT,Redaction / communication|Creativite / design|Travail en equipe|Electronique / bricolage technique,Sante / social|Tourisme / hotellerie|Sciences|Art / design / audiovisuel,Mixte,Technique / ingenierie,TEH
syn-01857,D,3,3,3,3,Sport|Francais / Litterature,Programmation|Travail en equipe,Communication / medias|Droit / justice|Sante / social|Tourisme / hotellerie,Bureau,Gestion / management,DTJA
syn-01858,L,2,4,5,4,Economie / Gestion|Informatique / Technologie|Langues etrangeres,Electronique / bricolage technique|Programmation|Vente / negociation|Redaction / communication,Technologie / informatique|Entrepreneuriat / business|Agriculture / environnement|Tourisme / hotellerie,Atelier / usine,Gestion / management,CAA
syn-01859,A1,2,3,5,4,Arts|Physique-Chimie|Informatique / Technologie,Electronique / bricolage technique|Creativite / design,Art / design / audiovisuel|BTP / construction|Entrepreneuriat / business,Laboratoire,Commerce / relation client|Gestion / management,CAA
syn-01860,S,4,3,2,2,Economie / Gestion|Physique-Chimie,Vente / negociation|Analyse de donnees / logique,Sciences|Finance / comptabilite,Bureau,Technique / ingenierie|Entrepreneur / independant,ISAIA
syn-01861,L,3,3,3,4,Histoire-Geographie|Arts,Creativite / design|Electronique / bricolage technique,Droit / justice|Tourisme / hotellerie|Agriculture / environnement,Bureau,Recherche / enseignement,TEE
syn-01862,D,3,4,3,3,Physique-Chimie|SVT|Langues etrangeres,Redaction / communication|Programmation|Vente / negociation,BTP / construction|Communication / medias,Atelier / usine,Commerce / relation client|Gestion / management,PIP
syn-01863,L,2,1,2,4,Economie / Gestion|Informatique / Technologie|Histoire-Geographie,Creativite / design|Vente / negociation|Electronique / bricolage technique|Analyse de donnees / logique,Droit / justice|Communication / medias|Sciences,Bureau,Creation / design,FIC
syn-01864,D,3,4,4,3,SVT|Arts|Histoire-Geographie,Vente / negociation|Creativite / design|Electronique / bricolage technique|Analyse de donnees / logique,Sante / social|Droit / justice|Art / design / audiovisuel,Mixte,Recherche / enseignement,PIP
syn-01865,D,3,4,3,3,Economie / Gestion|SVT|Langues etrangeres,Analyse de donnees / logique|Organisation / gestion de projet,Agriculture / environnement|Sante / social,Mixte,Recherche / enseignement|Technique / ingenierie,PIP
syn-01866,A2,2,2,2,2,Physique-Chimie|Economie / Gestion,Travail en equipe|Electronique / bricolage technique|Analyse de donnees / logique|Vente / negociation,Entrepreneuriat / business|Finance / comptabilite,Mixte,Technique / ingenierie|Creation / design,CAA
syn-01867,Technique industrielle,3,3,5,3,Arts|Sport|Mathematiques,Analyse de donnees / logique|Travail en equipe,Communication / medias|Finance / comptabilite|Sciences,Bureau,Gestion / management,ISAIA
syn-01868,D,4,4,1,2,Mathematiques|Arts|Histoire-Geographie,Creativite / design|Analyse de donnees / logique|Redaction / communication|Organisation / gestion de projet,Finance / comptabilite|Tourisme / hotellerie|Droit / justice|Art / design / audiovisuel,Bureau,Entrepreneur / independant,ISAIA
syn-01869,Technique industrielle,2,4,2,1,Mathematiques|Langues etrangeres,Redaction / communication|Analyse de donnees / logique|Creativite / design|Vente / negociation,Tourisme / hotellerie|Sante / social,Bureau,Recherche / enseignement,TEH
syn-01870,S,3,5,3,3,Histoire-Geographie|Sport|Langues etrangeres,Redaction / communication|Electronique / bricolage technique|Travail en equipe|Analyse de donnees / logique,Tourisme / hotellerie|Art / design / audiovisuel,Bureau,Entrepreneur / independant|Gestion / management,CAA
syn-01871,L,1,3,2,2,Sport|Economie / Gestion,Organisation / gestion de projet|Travail en equipe,Agriculture / environnement|Finance / comptabilite|Communication / medias|Sciences,Mixte,Entrepreneur / independant,CAA
syn-01872,D,3,4,3,3,Informatique / Technologie|SVT|Sport,Electronique / bricolage technique|Creativite / design,Sante / social|Droit / justice|Sciences|Communication / medias,Terrain / exterieur,Gestion / management|Recherche / enseignement,PIP
syn-01873,L,2,4,3,3,Arts|Physique-Chimie|SVT,Analyse de donnees / logique|Creativite / design|Electronique / bricolage technique|Programmation,Sante / social|Communication / medias,Mixte,Commerce / relation client,CAA
syn-01874,A1,4,3,4,4,Histoire-Geographie|Economie / Gestion,Vente / negociation|Organisation / gestion de projet,Agriculture / environnement|Sciences|Entrepreneuriat / business,Mixte,Creation / design|Gestion / management,EMP
syn-01875,A2,2,1,3,5,SVT|Francais / Litterature|Economie / Gestion,Analyse de donnees / logique|Redaction / communication|Vente / negociation,Agriculture / environnement|Droit / justice|Sciences,Terrain / exterieur,Creation / design|Technique / ingenierie,CAA
syn-01876,D,3,4,4,1,Histoire-Geographie|SVT,Organisation / gestion de projet|Travail en equipe,Agriculture / environnement|Art / design / audiovisuel,Terrain / exterieur,Commerce / relation client,TEE
syn-01877,A2,4,3,2,4,Langues etrangeres|Economie / Gestion|Francais / Litterature,Analyse de donnees / logique|Vente / negociation|Travail en equipe,Entrepreneuriat / business|Agriculture / environnement,Terrain / exterieur,Creation / design|Recherche / enseignement,CAA
syn-01878,A1,2,3,1,3,Physique-Chimie|Informatique / Technologie|Sport,Creativite / design|Programmation,Communication / medias|Technologie / informatique,Bureau,Entrepreneur / independant,CAA
syn-01879,D,3,4,4,2,SVT|Francais / Litterature|Economie / Gestion,Redaction / communication|Organisation / gestion de projet,Communication / medias|Technologie / informatique,Terrain / exterieur,Commerce / relation client|Gestion / management,DTJA
syn-01880,S,5,3,4,5,Langues etrangeres|Sport|Mathematiques,Travail en equipe|Analyse de donnees / logique,Droit / justice|Sciences|Art / design / audiovisuel,Bureau,Recherche / enseignement|Technique / ingenierie,ISAIA
syn-01881,Technique industrielle,3,3,2,2,Informatique / Technologie|Francais / Litterature|Physique-Chimie,Vente / negociation|Analyse de donnees / logique|Electronique / bricolage technique,Droit / justice|BTP / construction|Technologie / informatique,Laboratoire,Creation / design|Technique / ingenierie,EMII
syn-01882,D,5,3,2,3,Economie / Gestion|Francais / Litterature,Vente / negociation|Travail en equipe,Communication / medias|Finance / comptabilite,Mixte,Entrepreneur / independant,FIC
syn-01883,S,4,2,3,2,Sport|Economie / Gestion|Arts,Creativite / design|Vente / negociation|Redaction / communication,Sciences|Entrepreneuriat / business|Finance / comptabilite|Art / design / audiovisuel,Mixte,Entrepreneur / independant,CAA
syn-01884,D,3,5,3,5,Physique-Chimie|Sport,Electronique / bricolage technique|Analyse de donnees / logique,Tourisme / hotellerie|Sciences|Technologie / informatique,Bureau,Technique / ingenierie,IGGLIA
syn-01885,Technique industrielle,2,3,1,2,Arts|Sport|Economie / Gestion,Creativite / design|Organisation / gestion de projet,Entrepreneuriat / business|Finance / comptabilite|Communication / medias,Terrain / exterieur,Recherche / enseignement,CAA
syn-01886,S,5,4,5,4,SVT|Francais / Litterature|Langues etrangeres,Redaction / communication|Organisation / gestion de projet|Electronique / bricolage technique|Travail en equipe,Communication / medias|Entrepreneuriat / business,Bureau,Creation / design|Gestion / management,TEE
syn-01887,D,4,3,3,4,Francais / Litterature|Arts|Informatique / Technologie,Travail en equipe|Programmation|Vente / negociation,Droit / justice|Art / design / audiovisuel|Communication / medias,Bureau,Technique / ingenierie,IMTICIA
syn-01888,D,4,4,3,1,Physique-Chimie|Francais / Litterature,Analyse de donnees / logique|Creativite / design|Travail en equipe,BTP / construction|Communication / medias|Sante / social|Art / design / audiovisuel,Atelier / usine,Creation / design,IMTICIA
syn-01889,D,3,3,3,3,Arts|Francais / Litterature,Redaction / communication|Analyse de donnees / logique|Organisation / gestion de projet|Creativite / design,Communication / medias|Art / design / audiovisuel,Terrain / exterieur,Gestion / management,FIC
syn-01890,Technique genie civil,3,4,3,2,Sport|Francais / Litterature,Redaction / communication|Travail en equipe,Droit / justice|Communication / medias|Sciences,Terrain / exterieur,Creation / design|Commerce / relation client,DTJA
syn-01891,A2,4,4,4,4,Mathematiques|Arts,Travail en equipe|Creativite / design,Finance / comptabilite|Technologie / informatique,Terrain / exterieur,Commerce / relation client,FIC
syn-01892,C,5,3,2,3,Informatique / Technologie|Economie / Gestion,Electronique / bricolage technique|Organisation / gestion de projet|Analyse de donnees / logique,Technologie / informatique|BTP / construction|Tourisme / hotellerie|Sciences,Terrain / exterieur,Creation / design|Recherche / enseignement,ISAIA
syn-01893,D,3,3,4,4,Informatique / Technologie|Sport|Langues etrangeres,Travail en equipe|Programmation|Redaction / communication|Organisation / gestion de projet,Communication / medias|Technologie / informatique,Terrain / exterieur,Technique / ingenierie,IGGLIA
syn-01894,C,3,2,2,2,Informatique / Technologie|Histoire-Geographie|Mathematiques,Programmation|Electronique / bricolage technique,Droit / justice|Communication / medias,Laboratoire,Creation / design,IMTICIA
syn-01895,S,4,3,3,3,Mathematiques|Sport,Analyse de donnees / logique|Vente / negociation|Organisation / gestion de projet,Agriculture / environnement|Technologie / informatique|Sante / social,Mixte,Entrepreneur / independant|Technique / ingenierie,ESIIA
syn-01896,A1,1,2,3,4,SVT|Francais / Litterature|Arts,Creativite / design|Redaction / communication|Programmation,Tourisme / hotellerie|Art / design / audiovisuel|Sciences,Bureau,Recherche / enseignement,DTJA
syn-01897,A2,2,3,3,2,Informatique / Technologie|Histoire-Geographie|Physique-Chimie,Electronique / bricolage technique|Travail en equipe|Programmation,BTP / construction|Sante / social|Communication / medias|Tourisme / hotellerie,Bureau,Commerce / relation client,TEH
syn-01898,S,2,5,3,4,Physique-Chimie|Francais / Litterature|SVT,Electronique / bricolage technique|Redaction / communication,Sciences|Sante / social|Finance / comptabilite,Mixte,Creation / design,PIP
syn-01899,Technique agricole,4,3,2,4,Mathematiques|Langues etrangeres,Redaction / communication|Creativite / design,Sante / social|Sciences|Droit / justice,Atelier / usine,Technique / ingenierie|Creation / design,DTJA
syn-01900,S,5,4,5,4,Sport|Francais / Litterature,Travail en equipe|Vente / negociation|Programmation|Redaction / communication,Communication / medias|Droit / justice|Entrepreneuriat / business,Bureau,Recherche / enseignement|Entrepreneur / independant,CAA
syn-01901,A2,3,2,2,3,Physique-Chimie|Mathematiques|Histoire-Geographie,Analyse de donnees / logique|Electronique / bricolage technique,Droit / justice|Sciences,Mixte,Technique / ingenierie,EMP
syn-01902,C,2,3,3,3,Langues etrangeres|Sport|Physique-Chimie,Redaction / communication|Electronique / bricolage technique|Travail en equipe,Communication / medias|Tourisme / hotellerie|Agriculture / environnement,Bureau,Gestion / management,TEE
syn-01903,Technique agricole,3,5,4,3,Sport|Arts|SVT,Travail en equipe|Redaction / communication,Sciences|Communication / medias,Bureau,Technique / ingenierie,PIP
syn-01904,S,5,3,4,4,Langues etrangeres|Francais / Litterature|Economie / Gestion,Programmation|Redaction / communication,Sciences|Technologie / informatique|Tourisme / hotellerie,Bureau,Gestion / management,ISAIA
syn-01905,Technique industrielle,3,5,4,1,Arts|Langues etrangeres,Creativite / design|Redaction / communication,Technologie / informatique|Sante / social|Art / design / audiovisuel,Terrain / exterieur,Gestion / management,IMTICIA
syn-01906,C,3,4,2,2,Arts|Sport,Creativite / design|Redaction / communication|Analyse de donnees / logique|Travail en equipe,Technologie / informatique|Communication / medias|Finance / comptabilite,Laboratoire,Creation / design,IMTICIA
syn-01907,C,4,4,4,3,SVT|Langues etrangeres,Creativite / design|Electronique / bricolage technique|Redaction / communication|Analyse de donnees / logique,Art / design / audiovisuel|Sante / social|Tourisme / hotellerie|Agriculture / environnement,Terrain / exterieur,Entrepreneur / independant|Gestion / management,TEE
syn-01908,L,3,3,3,3,Francais / Litterature|Informatique / Technologie|Langues etrangeres,Redaction / communication|Creativite / design|Programmation,Tourisme / hotellerie|Sciences|Agriculture / environnement|Technologie / informatique,Mixte,Entrepreneur / independant|Gestion / management,TEE
syn-01909,A2,5,4,3,4,SVT|Histoire-Geographie,Redaction / communication|Organisation / gestion de projet,Droit / justice|Sciences|Tourisme / hotellerie|Sante / social,Terrain / exterieur,Gestion / management,AEE
syn-01910,D,3,4,3,4,Mathematiques|Sport|SVT,Analyse de donnees / logique|Travail en equipe|Programmation,Droit / justice|Technologie / informatique|Agriculture / environnement,Laboratoire,Gestion / management|Recherche / enseignement,PIP
syn-01911,A1,2,2,2,5,Sport|Mathematiques,Creativite / design|Redaction / communication|Analyse de donnees / logique|Travail en equipe,Finance / comptabilite|Technologie / informatique,Laboratoire,Commerce / relation client,FIC
syn-01912,C,2,3,3,4,Physique-Chimie|Arts|Sport,Travail en equipe|Analyse de donnees / logique,BTP / construction|Art / design / audiovisuel|Communication / medias,Bureau,Technique / ingenierie,IMTICIA
syn-01913,A1,3,3,4,2,Sport|Economie / Gestion,Organisation / gestion de projet|Creativite / design,Finance / comptabilite|Agriculture / environnement|Sciences|Communication / medias,Mixte,Entrepreneur / independant|Technique / ingenierie,FIC
syn-01914,C,4,3,3,3,Langues etrangeres|Informatique / Technologie,Programmation|Redaction / communication,Sante / social|Agriculture / environnement,Bureau,Gestion / management,ESIIA
syn-01915,Technique genie civil,4,3,4,2,Mathematiques|SVT|Sport,Travail en equipe|Redaction / communication|Programmation,Technologie / informatique|Sante / social|Sciences,Atelier / usine,Creation / design,DTJA
syn-01916,C,3,2,2,4,Informatique / Technologie|Histoire-Geographie|Mathematiques,Programmation|Analyse de donnees / logique,Finance / comptabilite|Sante / social|Agriculture / environnement|Droit / justice,Bureau,Technique / ingenierie|Commerce / relation client,IGGLIA
syn-01917,L,3,1,2,3,Sport|Informatique / Technologie|Langues etrangeres,Analyse de donnees / logique|Organisation / gestion de projet,Tourisme / hotellerie|Communication / medias,Bureau,Entrepreneur / independant|Gestion / management,FIC
syn-01918,A1,2,2,3,3,Langues etrangeres|Histoire-Geographie,Travail en equipe|Organisation / gestion de projet|Creativite / design,Communication / medias|Sante / social|Droit / justice,Terrain / exterieur,Entrepreneur / independant,TEH
syn-01919,S,4,3,1,3,Langues etrangeres|Sport|Mathematiques,Analyse de donnees / logique|Travail en equipe|Redaction / communication,Sante / social|Sciences,Mixte,Technique / ingenierie|Recherche / enseignement,ISAIA
syn-01920,C,3,4,4,4,Physique-Chimie|Histoire-Geographie|Informatique / Technologie,Programmation|Electronique / bricolage technique|Analyse de donnees / logique|Creativite / design,Sciences|Tourisme / hotellerie|Technologie / informatique|Droit / justice,Mixte,Creation / design|Recherche / enseignement,IGGLIA
syn-01921,A2,1,2,3,3,Francais / Litterature|Physique-Chimie,Analyse de donnees / logique|Electronique / bricolage technique|Programmation|Redaction / communication,Sciences|Droit / justice|BTP / construction|Communication / medias,Bureau,Creation / design,DTJA
syn-01922,A2,3,3,5,2,Langues etrangeres|Histoire-Geographie|Informatique / Technologie,Programmation|Redaction / communication|Electronique / bricolage technique,Entrepreneuriat / business|BTP / construction,Laboratoire,Recherche / enseignement|Gestion / management,TEE
syn-01923,S,3,3,4,3,Sport|Economie / Gestion|Histoire-Geographie,Analyse de donnees / logique|Vente / negociation|Electronique / bricolage technique|Travail en equipe,Finance / comptabilite|Entrepreneuriat / business|BTP / construction|Sante / social,Atelier / usine,Technique / ingenierie|Recherche / enseignement,EMII
syn-01924,A2,4,3,2,4,Mathematiques|Arts|Histoire-Geographie,Electronique / bricolage technique|Creativite / design|Vente / negociation|Organisation / gestion de projet,Communication / medias|Sante / social,Bureau,Gestion / management,FIC
syn-01925,Technique genie civil,2,3,4,3,Informatique / Technologie|Francais / Litterature|Physique-Chimie,Vente / negociation|Redaction / communication|Programmation|Analyse de donnees / logique,Droit / justice|Technologie / informatique|Entrepreneuriat / business,Bureau,Recherche / enseignement,DTJA
syn-01926,Technique genie civil,2,3,1,3,Mathematiques|Informatique / Technologie|Economie / Gestion,Programmation|Travail en equipe|Organisation / gestion de projet,Finance / comptabilite|Communication / medias,Bureau,Entrepreneur / independant|Technique / ingenierie,FIC
syn-01927,L,2,2,4,2,Langues etrangeres|Physique-Chimie,Electronique / bricolage technique|Redaction / communication,Tourisme / hotellerie|BTP / construction|Sciences,Mixte,Entrepreneur / independant,TEH
syn-01928,C,3,5,4,2,Langues etrangeres|Francais / Litterature,Redaction / communication|Programmation,Droit / justice|Tourisme / hotellerie,Bureau,Gestion / management|Creation / design,DTJA
syn-01929,C,3,3,4,2,Francais / Litterature|Economie / Gestion,Organisation / gestion de projet|Redaction / communication|Vente / negociation,Entrepreneuriat / business|Agriculture / environnement,Bureau,Entrepreneur / independant,CAA
syn-01930,L,3,2,2,4,Arts|Langues etrangeres|Informatique / Technologie,Electronique / bricolage technique|Travail en equipe|Vente / negociation|Programmation,Communication / medias|BTP / construction|Art / design / audiovisuel,Mixte,Entrepreneur / independant,CAA
syn-01931,D,3,3,2,3,Informatique / Technologie|Arts|Langues etrangeres,Creativite / design|Electronique / bricolage technique|Organisation / gestion de projet,Tourisme / hotellerie|Entrepreneuriat / business,Terrain / exterieur,Technique / ingenierie|Entrepreneur / independant,IMTICIA
syn-01932,D,2,5,2,2,Histoire-Geographie|Economie / Gestion,Organisation / gestion de projet|Analyse de donnees / logique|Programmation,Technologie / informatique|Tourisme / hotellerie|Entrepreneuriat / business,Atelier / usine,Gestion / management|Entrepreneur / independant,EMP
syn-01933,Technique agricole,3,3,3,3,Informatique / Technologie|Sport,Electronique / bricolage technique|Programmation|Organisation / gestion de projet|Creativite / design,BTP / construction|Technologie / informatique|Sante / social,Bureau,Technique / ingenierie,TEH
syn-01934,D,1,3,2,3,Physique-Chimie|Arts,Analyse de donnees / logique|Creativite / design|Electronique / bricolage technique|Vente / negociation,Sante / social|Sciences|Communication / medias|BTP / construction,Mixte,Commerce / relation client,ICMP
syn-01935,S,4,5,3,3,Physique-Chimie|Sport|Histoire-Geographie,Redaction / communication|Analyse de donnees / logique|Electronique / bricolage technique|Vente / negociation,Droit / justice|Communication / medias|Sciences,Terrain / exterieur,Technique / ingenierie,ICMP
syn-01936,A2,3,1,4,4,Informatique / Technologie|Francais / Litterature,Redaction / communication|Organisation / gestion de projet|Electronique / bricolage technique|Travail en equipe,BTP / construction|Technologie / informatique|Communication / medias,Bureau,Creation / design|Entrepreneur / independant,EMP
syn-01937,S,4,5,3,4,Physique-Chimie|Francais / Litterature|Sport,Electronique / bricolage technique|Organisation / gestion de projet|Redaction / communication|Analyse de donnees / logique,Tourisme / hotellerie|Sciences|Droit / justice|Finance / comptabilite,Laboratoire,Gestion / management|Entrepreneur / independant,PIP
syn-01938,S,4,3,2,3,Sport|SVT,Vente / negociation|Creativite / design,Finance / comptabilite|BTP / construction,Mixte,Gestion / management|Creation / design,IMTICIA
syn-01939,C,4,4,3,2,Arts|Informatique / Technologie|Mathematiques,Analyse de donnees / logique|Organisation / gestion de projet,Droit / justice|Agriculture / environnement|Sciences,Bureau,Recherche / enseignement,ISAIA
syn-01940,L,2,2,4,2,Francais / Litterature|Physique-Chimie,Travail en equipe|Redaction / communication,Technologie / informatique|BTP / construction,Mixte,Entrepreneur / independant|Technique / ingenierie,DTJA
syn-01941,D,3,2,4,3,Economie / Gestion|Langues etrangeres|Histoire-Geographie,Creativite / design|Programmation|Electronique / bricolage technique|Vente / negociation,Entrepreneuriat / business|Finance / comptabilite|Tourisme / hotellerie|Sante / social,Mixte,Technique / ingenierie|Gestion / management,DTJA
syn-01942,D,4,4,1,3,Physique-Chimie|Economie / Gestion,Analyse de donnees / logique|Vente / negociation|Organisation / gestion de projet|Redaction / communication,Entrepreneuriat / business|BTP / construction,Terrain / exterieur,Entrepreneur / independant,GCA
syn-01943,Technique agricole,3,3,4,3,Mathematiques|Sport|Francais / Litterature,Travail en equipe|Programmation,Droit / justice|Communication / medias|Finance / comptabilite|Agriculture / environnement,Mixte,Technique / ingenierie|Recherche / enseignement,DTJA
syn-01944,D,2,3,5,3,Francais / Litterature|Mathematiques,Programmation|Analyse de donnees / logique|Vente / negociation,Finance / comptabilite|Sciences|Droit / justice|Communication / medias,Laboratoire,Technique / ingenierie,IGGLIA
syn-01945,L,3,3,4,2,Langues etrangeres|Sport|SVT,Redaction / communication|Travail en equipe|Creativite / design,Sante / social|Agriculture / environnement|BTP / construction,Mixte,Technique / ingenierie,TEE
syn-01946,C,4,4,4,3,Histoire-Geographie|SVT|Economie / Gestion,Vente / negociation|Creativite / design,Agriculture / environnement|Sante / social|Sciences|Finance / comptabilite,Mixte,Gestion / management,AEE
syn-01947,S,4,3,4,2,Mathematiques|Histoire-Geographie,Redaction / communication|Travail en equipe,Droit / justice|Agriculture / environnement|Finance / comptabilite|Tourisme / hotellerie,Bureau,Recherche / enseignement,ISAIA
syn-01948,C,5,2,4,5,SVT|Histoire-Geographie,Analyse de donnees / logique|Electronique / bricolage technique,Sciences|BTP / construction|Agriculture / environnement|Droit / justice,Terrain / exterieur,Technique / ingenierie,GCA
syn-01949,L,1,3,2,4,Arts|Informatique / Technologie,Creativite / design|Analyse de donnees / logique|Vente / negociation|Travail en equipe,Art / design / audiovisuel|Droit / justice|Communication / medias,Laboratoire,Creation / design|Commerce / relation client,CAA
syn-01950,C,3,4,4,2,Mathematiques|SVT|Physique-Chimie,Electronique / bricolage technique|Analyse de donnees / logique|Programmation,Sante / social|Tourisme / hotellerie,Laboratoire,Technique / ingenierie,PIP
syn-01951,D,1,3,3,4,Economie / Gestion|Arts,Vente / negociation|Electronique / bricolage technique|Travail en equipe|Creativite / design,Art / design / audiovisuel|Agriculture / environnement|BTP / construction,Atelier / usine,Entrepreneur / independant,CAA
syn-01952,C,3,3,3,3,Sport|Mathematiques|Histoire-Geographie,Redaction / communication|Analyse de donnees / logique|Electronique / bricolage technique|Organisation / gestion de projet,Entrepreneuriat / business|Technologie / informatique,Bureau,Recherche / enseignement,ISAIA
syn-01953,L,2,3,4,3,Langues etrangeres|Economie / Gestion|SVT,Vente / negociation|Organisation / gestion de projet|Creativite / design|Programmation,Communication / medias|Finance / comptabilite,Mixte,Creation / design|Entrepreneur / independant,CAA
syn-01954,C,2,4,3,3,Francais / Litterature|Informatique / Technologie|Arts,Analyse de donnees / logique|Redaction / communication|Programmation,Tourisme / hotellerie|Technologie / informatique|Art / design / audiovisuel|Droit / justice,Bureau,Gestion / management,DTJA
syn-01955,Technique genie civil,3,5,3,3,Mathematiques|Physique-Chimie|Arts,Programmation|Analyse de donnees / logique|Vente / negociation|Creativite / design,Finance / comptabilite|BTP / construction,Bureau,Technique / ingenierie,GCA
syn-01956,S,4,2,2,4,Langues etrangeres|Francais / Litterature,Redaction / communication|Programmation|Vente / negociation|Analyse de donnees / logique,Communication / medias|Sante / social|BTP / construction|Sciences,Mixte,Creation / design,CAA
syn-01957,Technique genie civil,4,2,3,1,Informatique / Technologie|Mathematiques|Arts,Redaction / communication|Creativite / design|Programmation|Travail en equipe,Droit / justice|Tourisme / hotellerie|Sciences,Terrain / exterieur,Entrepreneur / independant|Recherche / enseignement,TEE
syn-01958,D,4,3,3,3,Informatique / Technologie|Sport|Economie / Gestion,Organisation / gestion de projet|Electronique / bricolage technique,Finance / comptabilite|Communication / medias|Droit / justice|Sciences,Bureau,Entrepreneur / independant|Creation / design,FIC
syn-01959,A2,2,3,3,4,Arts|SVT,Vente / negociation|Travail en equipe,Tourisme / hotellerie|Communication / medias|Agriculture / environnement|Art / design / audiovisuel,Terrain / exterieur,Technique / ingenierie,TEE
syn-01960,S,5,2,3,2,Langues etrangeres|Histoire-Geographie|Economie / Gestion,Organisation / gestion de projet|Vente / negociation|Redaction / communication|Creativite / design,BTP / construction|Communication / medias,Mixte,Entrepreneur / independant,GCA
syn-01961,D,3,3,3,2,Arts|Sport|Informatique / Technologie,Electronique / bricolage technique|Travail en equipe,Sante / social|BTP / construction,Terrain / exterieur,Gestion / management|Creation / design,GCA
syn-01962,L,3,2,5,2,Informatique / Technologie|Sport,Organisation / gestion de projet|Travail en equipe|Electronique / bricolage technique|Creativite / design,Sciences|Tourisme / hotellerie|Agriculture / environnement|Technologie / informatique,Bureau,Entrepreneur / independant|Technique / ingenierie,TEH
syn-01963,A2,2,2,5,4,Mathematiques|SVT,Vente / negociation|Creativite / design|Redaction / communication,Entrepreneuriat / business|Technologie / informatique,Mixte,Gestion / management,CAA
syn-01964,C,2,1,4,4,Histoire-Geographie|Arts,Creativite / design|Organisation / gestion de projet|Vente / negociation,BTP / construction|Droit / justice,Bureau,Commerce / relation client,GCA
syn-01965,C,3,2,3,3,Informatique / Technologie|Mathematiques|Sport,Organisation / gestion de projet|Programmation,Technologie / informatique|Tourisme / hotellerie|Sante / social,Mixte,Technique / ingenierie|Gestion / management,IGGLIA
syn-01966,A2,2,1,3,3,Mathematiques|Informatique / Technologie|Arts,Programmation|Electronique / bricolage technique|Analyse de donnees / logique|Vente / negociation,Tourisme / hotellerie|Art / design / audiovisuel|Sciences|Technologie / informatique,Bureau,Commerce / relation client|Creation / design,CAA
syn-01967,S,4,5,4,2,Sport|Histoire-Geographie|Economie / Gestion,Organisation / gestion de projet|Programmation|Redaction / communication,BTP / construction|Droit / justice|Sciences|Finance / comptabilite,Mixte,Recherche / enseignement,PIP
syn-01968,S,4,3,2,5,Histoire-Geographie|Mathematiques,Creativite / design|Analyse de donnees / logique,Agriculture / environnement|Sciences,Mixte,Commerce / relation client,ISAIA
syn-01969,Technique agricole,3,3,4,3,Arts|Physique-Chimie,Redaction / communication|Analyse de donnees / logique|Programmation|Creativite / design,Droit / justice|Art / design / audiovisuel|Entrepreneuriat / business,Bureau,Gestion / management,DTJA
syn-01970,D,4,4,4,3,Arts|Physique-Chimie,Redaction / communication|Programmation|Analyse de donnees / logique|Organisation / gestion de projet,Art / design / audiovisuel|Communication / medias,Mixte,Gestion / management|Technique / ingenierie,IMTICIA
syn-01971,D,3,3,3,2,Sport|Informatique / Technologie|Histoire-Geographie,Electronique / bricolage technique|Creativite / design|Programmation,Technologie / informatique|Entrepreneuriat / business|Tourisme / hotellerie,Laboratoire,Recherche / enseignement|Gestion / management,EMII
syn-01972,D,3,4,3,4,Mathematiques|Francais / Litterature,Analyse de donnees / logique|Creativite / design|Travail en equipe,Entrepreneuriat / business|Finance / comptabilite|Droit / justice,Terrain / exterieur,Technique / ingenierie|Entrepreneur / independant,GCA
syn-01973,S,4,2,4,3,Langues etrangeres|SVT,Redaction / communication|Vente / negociation|Analyse de donnees / logique,Entrepreneuriat / business|Sante / social|Agriculture / environnement|BTP / construction,Laboratoire,Entrepreneur / independant|Creation / design,TEE
syn-01974,Technique industrielle,4,4,4,4,Mathematiques|Informatique / Technologie,Electronique / bricolage technique|Analyse de donnees / logique|Creativite / design,Droit / justice|Finance / comptabilite|Communication / medias,Atelier / usine,Entrepreneur / independant,ISAIA
syn-01975,D,4,5,5,4,SVT|Mathematiques,Redaction / communication|Electronique / bricolage technique,Sante / social|Agriculture / environnement|Sciences,Mixte,Entrepreneur / independant|Technique / ingenierie,ICMP
syn-01976,C,3,3,2,4,SVT|Langues etrangeres,Travail en equipe|Electronique / bricolage technique|Redaction / communication|Vente / negociation,Agriculture / environnement|Sciences,Atelier / usine,Recherche / enseignement|Gestion / management,IAA
syn-01977,D,3,2,4,4,Physique-Chimie|SVT|Mathematiques,Electronique / bricolage technique|Analyse de donnees / logique|Creativite / design|Redaction / communication,Sciences|Agriculture / environnement,Terrain / exterieur,Gestion / management,FIC
syn-01978,D,4,3,3,4,Economie / Gestion|Mathematiques|Physique-Chimie,Electronique / bricolage technique|Travail en equipe|Redaction / communication,Sciences|Entrepreneuriat / business|BTP / construction|Finance / comptabilite,Bureau,Creation / design,FIC
syn-01979,S,3,4,3,2,Arts|Sport|SVT,Redaction / communication|Creativite / design,Agriculture / environnement|Sante / social,Bureau,Creation / design|Technique / ingenierie,IMTICIA
syn-01980,S,3,3,3,4,Economie / Gestion|Histoire-Geographie|Sport,Creativite / design|Organisation / gestion de projet|Vente / negociation|Programmation,Art / design / audiovisuel|Finance / comptabilite|Communication / medias,Mixte,Commerce / relation client|Creation / design,IMTICIA
syn-01981,A2,1,4,2,1,Informatique / Technologie|Langues etrangeres|Sport,Programmation|Travail en equipe|Vente / negociation,Communication / medias|Sante / social,Terrain / exterieur,Commerce / relation client|Technique / ingenierie,CAA
syn-01982,C,3,3,4,3,Physique-Chimie|Langues etrangeres|Histoire-Geographie,Programmation|Organisation / gestion de projet|Electronique / bricolage technique,Droit / justice|Tourisme / hotellerie|Communication / medias,Terrain / exterieur,Technique / ingenierie,TEH
syn-01983,A1,1,2,3,4,SVT|Mathematiques,Analyse de donnees / logique|Organisation / gestion de projet,Communication / medias|Finance / comptabilite,Atelier / usine,Gestion / management,FIC
syn-01984,A1,2,3,4,2,Francais / Litterature|Mathematiques,Redaction / communication|Organisation / gestion de projet,Art / design / audiovisuel|Agriculture / environnement,Terrain / exterieur,Recherche / enseignement|Entrepreneur / independant,TEE
syn-01985,C,5,3,4,2,Economie / Gestion|Informatique / Technologie|Francais / Litterature,Redaction / communication|Vente / negociation|Organisation / gestion de projet,Entrepreneuriat / business|Finance / comptabilite|Technologie / informatique,Mixte,Gestion / management|Commerce / relation client,CAA
syn-01986,C,4,4,4,5,Economie / Gestion|SVT,Vente / negociation|Redaction / communication,Sciences|Sante / social,Bureau,Gestion / management,FIC
syn-01987,A2,3,2,4,4,Langues etrangeres|Francais / Litterature|Informatique / Technologie,Electronique / bricolage technique|Redaction / communication,Technologie / informatique|Droit / justice|Communication / medias,Terrain / exterieur,Entrepreneur / independant|Gestion / management,DTJA
syn-01988,L,1,3,3,2,SVT|Sport,Travail en equipe|Redaction / communication|Vente / negociation,Sante / social|Agriculture / environnement|Entrepreneuriat / business,Bureau,Creation / design,TEE
syn-01989,A1,2,2,3,4,SVT|Mathematiques,Vente / negociation|Travail en equipe|Programmation|Analyse de donnees / logique,Tourisme / hotellerie|Agriculture / environnement|BTP / construction|Sciences,Bureau,Recherche / enseignement|Entrepreneur / independant,TEE
syn-01990,S,2,3,3,3,Informatique / Technologie|Sport|Arts,Travail en equipe|Creativite / design|Programmation,Technologie / informatique|Sciences,Terrain / exterieur,Technique / ingenierie|Entrepreneur / independant,AEE
syn-01991,S,3,4,4,3,Langues etrangeres|Informatique / Technologie,Creativite / design|Redaction / communication|Programmation|Analyse de donnees / logique,Entrepreneuriat / business|BTP / construction|Technologie / informatique|Agriculture / environnement,Atelier / usine,Entrepreneur / independant|Creation / design,IMTICIA
syn-01992,S,3,3,4,2,Economie / Gestion|Francais / Litterature|Arts,Vente / negociation|Travail en equipe|Organisation / gestion de projet,Finance / comptabilite|Communication / medias|Tourisme / hotellerie|Entrepreneuriat / business,Mixte,Gestion / management|Entrepreneur / independant,CAA
syn-01993,S,4,3,3,4,Francais / Litterature|Mathematiques|Arts,Creativite / design|Vente / negociation|Redaction / communication,Communication / medias|Sante / social|Finance / comptabilite,Terrain / exterieur,Commerce / relation client,CAA
syn-01994,A2,2,3,2,3,Arts|Economie / Gestion|Histoire-Geographie,Organisation / gestion de projet|Creativite / design,Art / design / audiovisuel|Agriculture / environnement,Bureau,Commerce / relation client,EMP
syn-01995,S,4,1,3,1,Sport|Histoire-Geographie|Langues etrangeres,Organisation / gestion de projet|Redaction / communication|Travail en equipe,Tourisme / hotellerie|Communication / medias|Art / design / audiovisuel,Mixte,Entrepreneur / independant|Technique / ingenierie,TEH
syn-01996,L,4,3,4,4,Mathematiques|Histoire-Geographie|Langues etrangeres,Analyse de donnees / logique|Vente / negociation|Travail en equipe|Organisation / gestion de projet,Tourisme / hotellerie|Sciences|Finance / comptabilite|Art / design / audiovisuel,Bureau,Commerce / relation client|Technique / ingenierie,FIC
syn-01997,C,3,3,1,4,Physique-Chimie|SVT,Redaction / communication|Electronique / bricolage technique|Vente / negociation|Organisation / gestion de projet,Sante / social|Communication / medias|Sciences,Bureau,Creation / design|Entrepreneur / independant,IAA
syn-01998,A2,2,5,2,3,Histoire-Geographie|SVT,Vente / negociation|Programmation|Analyse de donnees / logique|Electronique / bricolage technique,BTP / construction|Droit / justice,Bureau,Gestion / management|Recherche / enseignement,DTJA
syn-01999,C,5,2,2,3,Francais / Litterature|SVT|Arts,Redaction / communication|Creativite / design|Analyse de donnees / logique,Droit / justice|Entrepreneuriat / business|Communication / medias,Bureau,Recherche / enseignement|Entrepreneur / independant,GCA
syn-02000,A2,3,2,4,4,Physique-Chimie|Langues etrangeres|Francais / Litterature,Analyse de donnees / logique|Travail en equipe|Redaction / communication|Vente / negociation,Communication / medias|Sante / social|Entrepreneuriat / business|Finance / comptabilite,Laboratoire,Commerce / relation client,CAA
syn-02001,L,5,3,5,5,Arts|Informatique / Technologie,Analyse de donnees / logique|Programmation,Agriculture / environnement|BTP / construction|Droit / justice,Atelier / usine,Creation / design,TEE
syn-02002,C,5,3,4,2,Francais / Litterature|Sport|Physique-Chimie,Travail en equipe|Electronique / bricolage technique|Analyse de donnees / logique|Redaction / communication,Communication / medias|Sciences|Finance / comptabilite|Entrepreneuriat / business,Bureau,Entrepreneur / independant,ISAIA
syn-02003,Technique genie civil,2,5,2,2,Francais / Litterature|Arts,Redaction / communication|Analyse de donnees / logique,Art / design / audiovisuel|Communication / medias|Agriculture / environnement|Sante / social,Terrain / exterieur,Entrepreneur / independant|Recherche / enseignement,TEE
syn-02004,S,4,4,5,3,Sport|Arts,Travail en equipe|Electronique / bricolage technique|Organisation / gestion de projet|Vente / negociation,Art / design / audiovisuel|Entrepreneuriat / business|Technologie / informatique,Bureau,Commerce / relation client|Technique / ingenierie,CAA
syn-02005,Technique genie civil,4,5,1,4,Sport|Physique-Chimie,Electronique / bricolage technique|Travail en equipe|Analyse de donnees / logique,Droit / justice|Sante / social,Bureau,Entrepreneur / independant,FIC
syn-02006,D,2,4,4,4,SVT|Francais / Litterature,Analyse de donnees / logique|Redaction / communication|Organisation / gestion de projet|Travail en equipe,Communication / medias|Droit / justice|Sante / social,Laboratoire,Gestion / management,PIP
syn-02007,Technique industrielle,2,3,3,3,Informatique / Technologie|Arts|Sport,Programmation|Travail en equipe|Creativite / design,Technologie / informatique|Sante / social|Communication / medias,Terrain / exterieur,Gestion / management|Creation / design,IMTICIA
syn-02008,C,5,3,3,3,Francais / Litterature|Informatique / Technologie|Economie / Gestion,Analyse de donnees / logique|Creativite / design|Programmation|Organisation / gestion de projet,Agriculture / environnement|Entrepreneuriat / business|Communication / medias,Bureau,Entrepreneur / independant|Gestion / management,IGGLIA
syn-02009,C,5,2,2,1,SVT|Sport,Organisation / gestion de projet|Analyse de donnees / logique,Sciences|Entrepreneuriat / business,Bureau,Recherche / enseignement|Creation / design,ISAIA
syn-02010,C,4,3,3,3,SVT|Langues etrangeres|Arts,Vente / negociation|Redaction / communication|Analyse de donnees / logique|Creativite / design,Sciences|Communication / medias|Technologie / informatique|BTP / construction,Laboratoire,Technique / ingenierie,GCA
syn-02011,C,3,4,3,3,Francais / Litterature|Mathematiques,Programmation|Creativite / design|Analyse de donnees / logique,Sciences|Droit / justice|Sante / social|Communication / medias,Terrain / exterieur,Technique / ingenierie|Entrepreneur / independant,ISAIA
syn-02012,Technique agricole,3,5,2,3,Physique-Chimie|SVT|Economie / Gestion,Analyse de donnees / logique|Vente / negociation|Organisation / gestion de projet|Electronique / bricolage technique,Droit / justice|Sciences|Communication / medias,Mixte,Commerce / relation client|Technique / ingenierie,PIP
syn-02013,Technique industrielle,4,3,2,5,Arts|Informatique / Technologie|Histoire-Geographie,Redaction / communication|Organisation / gestion de projet|Programmation,Sante / social|Technologie / informatique,Mixte,Entrepreneur / independant,IGGLIA
syn-02014,D,3,4,2,2,Langues etrangeres|Physique-Chimie,Vente / negociation|Analyse de donnees / logique|Redaction / communication|Electronique / bricolage technique,Agriculture / environnement|BTP / construction|Tourisme / hotellerie|Technologie / informatique,Bureau,Commerce / relation client,ESIIA
syn-02015,S,3,5,4,4,Histoire-Geographie|Physique-Chimie|Informatique / Technologie,Programmation|Analyse de donnees / logique|Redaction / communication,Technologie / informatique|Entrepreneuriat / business|Droit / justice|BTP / construction,Terrain / exterieur,Entrepreneur / independant,IGGLIA
syn-02016,A2,3,3,4,5,Economie / Gestion|Histoire-Geographie,Vente / negociation|Organisation / gestion de projet,Tourisme / hotellerie|BTP / construction,Bureau,Commerce / relation client,FIC
syn-02017,A2,3,3,5,2,Arts|Sport|Mathematiques,Analyse de donnees / logique|Organisation / gestion de projet|Programmation|Electronique / bricolage technique,Art / design / audiovisuel|Communication / medias|Finance / comptabilite|Tourisme / hotellerie,Bureau,Creation / design,TEH
syn-02018,A2,3,3,4,4,Langues etrangeres|SVT|Sport,Travail en equipe|Redaction / communication,Droit / justice|Agriculture / environnement,Terrain / exterieur,Commerce / relation client|Recherche / enseignement,DTJA
syn-02019,A2,3,3,3,2,Sport|SVT|Mathematiques,Travail en equipe|Creativite / design|Analyse de donnees / logique|Redaction / communication,Sciences|Agriculture / environnement|Finance / comptabilite|Tourisme / hotellerie,Terrain / exterieur,Creation / design,TEE
syn-02020,D,4,3,4,4,SVT|Francais / Litterature|Physique-Chimie,Analyse de donnees / logique|Vente / negociation|Travail en equipe|Creativite / design,BTP / construction|Droit / justice,Atelier / usine,Entrepreneur / independant|Recherche / enseignement,PIP
syn-02021,A1,3,2,3,4,Francais / Litterature|Physique-Chimie,Organisation / gestion de projet|Redaction / communication,Droit / justice|Communication / medias|BTP / construction|Sciences,Mixte,Gestion / management,EMP
syn-02022,L,1,1,3,4,SVT|Arts|Mathematiques,Analyse de donnees / logique|Redaction / communication,Communication / medias|Art / design / audiovisuel|Sciences|Droit / justice,Terrain / exterieur,Commerce / relation client|Creation / design,TEE
syn-02023,A2,3,2,5,4,Histoire-Geographie|Economie / Gestion,Vente / negociation|Organisation / gestion de projet|Programmation,Finance / comptabilite|Tourisme / hotellerie,Mixte,Recherche / enseignement,TEH
syn-02024,S,4,3,3,2,Francais / Litterature|Sport,Travail en equipe|Redaction / communication,Sante / social|Technologie / informatique|Droit / justice,Terrain / exterieur,Recherche / enseignement,DTJA
syn-02025,A1,2,2,5,5,Economie / Gestion|Arts|Physique-Chimie,Electronique / bricolage technique|Creativite / design|Analyse de donnees / logique,Sciences|Droit / justice|Tourisme / hotellerie,Bureau,Gestion / management|Commerce / relation client,TEH
syn-02026,A2,1,2,4,3,Histoire-Geographie|Economie / Gestion|Francais / Litterature,Organisation / gestion de projet|Vente / negociation|Redaction / communication|Travail en equipe,Entrepreneuriat / business|Technologie / informatique|Sciences,Mixte,Gestion / management|Creation / design,EMP
syn-02027,D,3,2,3,4,Sport|Informatique / Technologie,Programmation|Electronique / bricolage technique|Travail en equipe,Tourisme / hotellerie|Entrepreneuriat / business,Atelier / usine,Entrepreneur / independant|Gestion / management,TEH
syn-02028,A2,3,1,4,2,Langues etrangeres|Histoire-Geographie|Arts,Travail en equipe|Analyse de donnees / logique|Vente / negociation,Art / design / audiovisuel|Sciences|Tourisme / hotellerie,Bureau,Gestion / management|Creation / design,TEH
syn-02029,D,2,5,3,4,Langues etrangeres|Economie / Gestion,Redaction / communication|Programmation,Entrepreneuriat / business|Tourisme / hotellerie|Finance / comptabilite|Sante / social,Bureau,Technique / ingenierie,CAA
syn-02030,D,3,3,2,2,Physique-Chimie|Mathematiques,Organisation / gestion de projet|Electronique / bricolage technique|Analyse de donnees / logique|Redaction / communication,Sante / social|BTP / construction,Mixte,Commerce / relation client,PIP
syn-02031,D,4,5,3,3,Langues etrangeres|Physique-Chimie,Analyse de donnees / logique|Travail en equipe|Redaction / communication,Communication / medias|Tourisme / hotellerie|Sciences,Mixte,Gestion / management,ICMP
syn-02032,L,1,3,4,4,Langues etrangeres|SVT|Histoire-Geographie,Electronique / bricolage technique|Analyse de donnees / logique|Vente / negociation|Redaction / communication,Tourisme / hotellerie|Sante / social|Sciences,Bureau,Recherche / enseignement,TEE
syn-02033,C,3,5,3,2,Physique-Chimie|Informatique / Technologie,Programmation|Electronique / bricolage technique|Travail en equipe,Sciences|BTP / construction|Finance / comptabilite,Bureau,Entrepreneur / independant,EMII
syn-02034,A1,4,3,4,3,SVT|Arts|Informatique / Technologie,Electronique / bricolage technique|Analyse de donnees / logique,Agriculture / environnement|Sante / social|Droit / justice|Tourisme / hotellerie,Atelier / usine,Entrepreneur / independant|Creation / design,DTJA
syn-02035,A1,1,4,4,4,Physique-Chimie|Histoire-Geographie,Organisation / gestion de projet|Vente / negociation|Creativite / design|Electronique / bricolage technique,Agriculture / environnement|Sciences|Tourisme / hotellerie,Terrain / exterieur,Commerce / relation client,TEH
syn-02036,S,3,3,4,2,Langues etrangeres|Francais / Litterature|Physique-Chimie,Redaction / communication|Programmation,Communication / medias|Tourisme / hotellerie|Technologie / informatique|BTP / construction,Bureau,Technique / ingenierie|Gestion / management,IMTICIA
syn-02037,D,3,4,2,4,Informatique / Technologie|SVT|Economie / Gestion,Organisation / gestion de projet|Programmation|Redaction / communication,Sante / social|Technologie / informatique|Agriculture / environnement,Atelier / usine,Gestion / management,AEE
syn-02038,D,4,3,3,4,Mathematiques|Langues etrangeres,Organisation / gestion de projet|Redaction / communication,BTP / construction|Communication / medias|Sciences|Droit / justice,Atelier / usine,Technique / ingenierie|Recherche / enseignement,GCA
syn-02039,C,3,4,3,5,Physique-Chimie|Francais / Litterature,Vente / negociation|Analyse de donnees / logique|Redaction / communication|Electronique / bricolage technique,Sciences|BTP / construction|Droit / justice,Mixte,Gestion / management,DTJA
syn-02040,Technique industrielle,3,3,2,2,SVT|Arts,Creativite / design|Travail en equipe,Sante / social|Art / design / audiovisuel|Sciences,Laboratoire,Technique / ingenierie,ICMP
syn-02041,C,3,4,1,2,SVT|Economie / Gestion|Mathematiques,Electronique / bricolage technique|Organisation / gestion de projet|Analyse de donnees / logique|Redaction / communication,Sciences|BTP / construction|Entrepreneuriat / business|Sante / social,Laboratoire,Creation / design,PIP
syn-02042,Technique agricole,2,4,3,2,SVT|Sport|Histoire-Geographie,Creativite / design|Travail en equipe|Electronique / bricolage technique|Programmation,Sciences|Droit / justice|Entrepreneuriat / business,Atelier / usine,Commerce / relation client,IAA
syn-02043,C,4,3,2,4,Mathematiques|Informatique / Technologie,Electronique / bricolage technique|Programmation,Art / design / audiovisuel|Technologie / informatique|Sciences|Droit / justice,Terrain / exterieur,Entrepreneur / independant,ESIIA
syn-02044,S,5,4,2,3,Economie / Gestion|Sport|Langues etrangeres,Travail en equipe|Redaction / communication|Organisation / gestion de projet|Electronique / bricolage technique,Entrepreneuriat / business|Communication / medias|Finance / comptabilite|BTP / construction,Bureau,Technique / ingenierie,GCA
syn-02045,C,3,3,3,3,Mathematiques|Sport,Electronique / bricolage technique|Travail en equipe,BTP / construction|Tourisme / hotellerie|Sciences,Bureau,Entrepreneur / independant|Recherche / enseignement,ESIIA
syn-02046,A2,2,2,5,2,SVT|Francais / Litterature,Travail en equipe|Creativite / design|Redaction / communication,Agriculture / environnement|Sciences|Technologie / informatique,Bureau,Gestion / management,DTJA
syn-02047,A1,4,3,4,2,Physique-Chimie|Francais / Litterature|Histoire-Geographie,Analyse de donnees / logique|Electronique / bricolage technique|Creativite / design|Programmation,Art / design / audiovisuel|Tourisme / hotellerie|Droit / justice|Sciences,Atelier / usine,Creation / design,TEH
syn-02048,A1,4,2,5,5,Mathematiques|Langues etrangeres,Electronique / bricolage technique|Redaction / communication,Finance / comptabilite|Communication / medias|Technologie / informatique|Droit / justice,Atelier / usine,Commerce / relation client,DTJA
syn-02049,Technique genie civil,4,3,4,2,Sport|Informatique / Technologie,Travail en equipe|Programmation|Analyse de donnees / logique|Electronique / bricolage technique,Agriculture / environnement|Technologie / informatique|BTP / construction,Bureau,Recherche / enseignement|Technique / ingenierie,GCA
syn-02050,Technique agricole,1,4,4,3,Sport|Mathematiques,Redaction / communication|Creativite / design,Finance / comptabilite|Agriculture / environnement|BTP / construction|Sciences,Atelier / usine,Gestion / management|Technique / ingenierie,AEE
syn-02051,S,2,4,2,3,Physique-Chimie|Economie / Gestion,Vente / negociation|Electronique / bricolage technique,Finance / comptabilite|Sciences|Entrepreneuriat / business,Mixte,Gestion / management,CAA
syn-02052,S,4,4,4,3,Physique-Chimie|Histoire-Geographie|Francais / Litterature,Redaction / communication|Analyse de donnees / logique,Sciences|BTP / construction,Bureau,Recherche / enseignement,PIP
syn-02053,C,5,4,3,4,Francais / Litterature|Arts,Travail en equipe|Creativite / design|Redaction / communication|Programmation,Droit / justice|Tourisme / hotellerie|Art / design / audiovisuel,Atelier / usine,Recherche / enseignement|Creation / design,IMTICIA
syn-02054,C,3,4,2,3,SVT|Informatique / Technologie,Creativite / design|Programmation|Organisation / gestion de projet,Agriculture / environnement|Droit / justice|Technologie / informatique,Bureau,Commerce / relation client|Creation / design,ESIIA
syn-02055,Technique industrielle,4,5,3,3,Langues etrangeres|Sport|Economie / Gestion,Redaction / communication|Travail en equipe|Organisation / gestion de projet,Entrepreneuriat / business|Technologie / informatique|BTP / construction|Finance / comptabilite,Mixte,Technique / ingenierie,CAA
syn-02056,A1,3,2,4,2,Mathematiques|Arts|Economie / Gestion,Analyse de donnees / logique|Redaction / communication|Organisation / gestion de projet,Art / design / audiovisuel|Finance / comptabilite,Bureau,Creation / design,FIC
syn-02057,S,3,5,4,4,Sport|Economie / Gestion|Informatique / Technologie,Programmation|Electronique / bricolage technique|Travail en equipe,Entrepreneuriat / business|Sciences,Terrain / exterieur,Recherche / enseignement|Commerce / relation client,IGGLIA
syn-02058,D,3,4,2,4,Sport|Histoire-Geographie,Programmation|Organisation / gestion de projet|Analyse de donnees / logique,Droit / justice|Technologie / informatique|Tourisme / hotellerie,Bureau,Technique / ingenierie|Creation / design,IGGLIA
syn-02059,D,3,3,4,4,Langues etrangeres|SVT,Travail en equipe|Redaction / communication,Tourisme / hotellerie|Agriculture / environnement|Finance / comptabilite|Art / design / audiovisuel,Bureau,Commerce / relation client|Creation / design,TEE
syn-02060,S,4,4,4,2,Mathematiques|Francais / Litterature|SVT,Creativite / design|Organisation / gestion de projet|Analyse de donnees / logique|Travail en equipe,Tourisme / hotellerie|Sciences|Droit / justice,Mixte,Creation / design,ISAIA
syn-02061,S,4,4,3,2,Arts|Francais / Litterature|SVT,Redaction / communication|Travail en equipe,Communication / medias|Tourisme / hotellerie,Atelier / usine,Commerce / relation client,TEE
syn-02062,D,2,3,3,2,Sport|SVT,Electronique / bricolage technique|Travail en equipe|Programmation|Creativite / design,Tourisme / hotellerie|Agriculture / environnement|Sante / social,Bureau,Recherche / enseignement,AEE
syn-02063,A2,3,3,2,4,Physique-Chimie|Langues etrangeres,Redaction / communication|Travail en equipe,Sciences|BTP / construction|Technologie / informatique,Mixte,Commerce / relation client,CAA
syn-02064,A2,4,2,4,3,Langues etrangeres|Sport,Programmation|Redaction / communication|Travail en equipe|Creativite / design,Tourisme / hotellerie|Droit / justice|Agriculture / environnement,Mixte,Entrepreneur / independant,TEH
syn-02065,L,2,2,3,4,Francais / Litterature|Arts,Redaction / communication|Vente / negociation|Travail en equipe|Creativite / design,Communication / medias|Art / design / audiovisuel|Technologie / informatique,Laboratoire,Entrepreneur / independant|Recherche / enseignement,CAA
syn-02066,D,3,5,3,3,Histoire-Geographie|Arts|Mathematiques,Organisation / gestion de projet|Creativite / design|Electronique / bricolage technique|Redaction / communication,Droit / justice|Sciences|Agriculture / environnement|BTP / construction,Bureau,Gestion / management,DTJA
syn-02067,C,4,3,2,1,Mathematiques|Francais / Litterature,Electronique / bricolage technique|Analyse de donnees / logique|Travail en equipe|Redaction / communication,Sciences|Finance / comptabilite|Droit / justice,Laboratoire,Recherche / enseignement,ISAIA
syn-02068,D,1,4,2,4,Langues etrangeres|Mathematiques|Arts,Travail en equipe|Vente / negociation,Tourisme / hotellerie|Art / design / audiovisuel,Terrain / exterieur,Creation / design,CAA
syn-02069,D,4,2,4,3,Mathematiques|Physique-Chimie|Informatique / Technologie,Analyse de donnees / logique|Programmation|Electronique / bricolage technique,Sante / social|Sciences|Technologie / informatique|Finance / comptabilite,Atelier / usine,Technique / ingenierie|Gestion / management,ESIIA
syn-02070,D,4,2,4,2,Francais / Litterature|Arts|Langues etrangeres,Creativite / design|Redaction / communication|Organisation / gestion de projet,Finance / comptabilite|Communication / medias,Bureau,Technique / ingenierie,IMTICIA
syn-02071,D,5,4,2,3,Physique-Chimie|Mathematiques,Creativite / design|Electronique / bricolage technique,Finance / comptabilite|Droit / justice,Mixte,Commerce / relation client,ISAIA
syn-02072,D,2,4,3,2,Physique-Chimie|Sport,Analyse de donnees / logique|Travail en equipe|Creativite / design|Electronique / bricolage technique,Sciences|BTP / construction|Technologie / informatique,Bureau,Entrepreneur / independant|Technique / ingenierie,EMII
syn-02073,S,5,4,4,5,Informatique / Technologie|SVT,Organisation / gestion de projet|Programmation|Vente / negociation,Sante / social|BTP / construction,Atelier / usine,Technique / ingenierie,EMII
syn-02074,C,4,5,2,1,Physique-Chimie|Informatique / Technologie,Redaction / communication|Analyse de donnees / logique,Sciences|Entrepreneuriat / business|BTP / construction|Finance / comptabilite,Terrain / exterieur,Entrepreneur / independant|Technique / ingenierie,ICMP
syn-02075,Technique industrielle,5,3,4,3,Histoire-Geographie|SVT,Electronique / bricolage technique|Creativite / design|Analyse de donnees / logique|Redaction / communication,BTP / construction|Sante / social,Terrain / exterieur,Recherche / enseignement|Creation / design,TEE
syn-02076,C,3,3,3,2,Physique-Chimie|Arts,Creativite / design|Analyse de donnees / logique|Vente / negociation|Travail en equipe,Droit / justice|Sciences|Finance / comptabilite,Mixte,Commerce / relation client,ISAIA
syn-02077,S,3,2,4,3,Economie / Gestion|Physique-Chimie|Langues etrangeres,Electronique / bricolage technique|Vente / negociation|Redaction / communication,BTP / construction|Agriculture / environnement|Communication / medias|Sciences,Terrain / exterieur,Recherche / enseignement,TEE
syn-02078,S,4,3,4,5,Mathematiques|Histoire-Geographie,Travail en equipe|Redaction / communication|Vente / negociation|Creativite / design,Finance / comptabilite|Tourisme / hotellerie,Bureau,Gestion / management|Commerce / relation client,TEH
syn-02079,C,2,2,4,5,Francais / Litterature|Sport|Informatique / Technologie,Programmation|Redaction / communication,Technologie / informatique|Sante / social|Droit / justice|Sciences,Terrain / exterieur,Gestion / management,DTJA
syn-02080,S,4,5,2,1,Economie / Gestion|Physique-Chimie,Vente / negociation|Organisation / gestion de projet|Analyse de donnees / logique,Sante / social|BTP / construction|Finance / comptabilite,Bureau,Gestion / management,PIP
syn-02081,A2,2,3,2,5,Economie / Gestion|Arts,Vente / negociation|Electronique / bricolage technique,Finance / comptabilite|Communication / medias,Mixte,Commerce / relation client|Entrepreneur / independant,CAA
syn-02082,A2,3,3,4,4,Francais / Litterature|Langues etrangeres,Analyse de donnees / logique|Redaction / communication|Organisation / gestion de projet,Finance / comptabilite|Tourisme / hotellerie|Communication / medias|BTP / construction,Bureau,Entrepreneur / independant,TEH
syn-02083,Technique industrielle,4,3,4,4,Economie / Gestion|Francais / Litterature,Travail en equipe|Organisation / gestion de projet|Creativite / design,Entrepreneuriat / business|Communication / medias|Art / design / audiovisuel,Bureau,Commerce / relation client|Gestion / management,CAA
syn-02084,D,4,3,4,4,Physique-Chimie|Economie / Gestion|Informatique / Technologie,Electronique / bricolage technique|Organisation / gestion de projet|Vente / negociation|Redaction / communication,Finance / comptabilite|Technologie / informatique|BTP / construction,Atelier / usine,Gestion / management,EMII
syn-02085,S,5,4,3,2,Economie / Gestion|Francais / Litterature,Organisation / gestion de projet|Redaction / communication,Droit / justice|Entrepreneuriat / business|Communication / medias|Art / design / audiovisuel,Bureau,Creation / design|Recherche / enseignement,ISAIA
syn-02086,Technique industrielle,4,5,4,1,Physique-Chimie|Mathematiques|Sport,Electronique / bricolage technique|Travail en equipe,Sciences|BTP / construction|Finance / comptabilite,Bureau,Commerce / relation client|Technique / ingenierie,EMII
syn-02087,C,4,3,3,2,Mathematiques|Langues etrangeres|Physique-Chimie,Electronique / bricolage technique|Programmation|Redaction / communication,BTP / construction|Communication / medias,Mixte,Recherche / enseignement|Entrepreneur / independant,GCA
syn-02088,L,2,2,4,4,Sport|Arts|Informatique / Technologie,Creativite / design|Electronique / bricolage technique,Droit / justice|Tourisme / hotellerie,Laboratoire,Recherche / enseignement|Creation / design,TEH
syn-02089,A1,3,4,2,4,SVT|Mathematiques,Redaction / communication|Analyse de donnees / logique|Programmation|Electronique / bricolage technique,Droit / justice|Tourisme / hotellerie|Sante / social|Technologie / informatique,Terrain / exterieur,Gestion / management|Commerce / relation client,TEE
syn-02090,L,2,2,3,3,Economie / Gestion|Arts,Programmation|Creativite / design,Entrepreneuriat / business|Communication / medias,Mixte,Creation / design|Commerce / relation client,CAA
syn-02091,D,3,5,4,2,Physique-Chimie|Francais / Litterature|SVT,Vente / negociation|Electronique / bricolage technique,Sante / social|Art / design / audiovisuel,Terrain / exterieur,Creation / design|Entrepreneur / independant,PIP
syn-02092,A2,2,3,4,3,Physique-Chimie|Economie / Gestion|Histoire-Geographie,Analyse de donnees / logique|Electronique / bricolage technique|Organisation / gestion de projet|Vente / negociation,Entrepreneuriat / business|Technologie / informatique|Finance / comptabilite,Bureau,Recherche / enseignement,EMP
syn-02093,A1,2,4,4,3,Informatique / Technologie|Economie / Gestion|Sport,Travail en equipe|Vente / negociation,Communication / medias|Finance / comptabilite,Terrain / exterieur,Technique / ingenierie|Entrepreneur / independant,CAA
syn-02094,S,4,4,3,4,Arts|SVT,Analyse de donnees / logique|Creativite / design|Organisation / gestion de projet,Agriculture / environnement|Communication / medias|Art / design / audiovisuel,Mixte,Recherche / enseignement,IMTICIA
syn-02095,S,3,4,2,4,Physique-Chimie|SVT,Analyse de donnees / logique|Electronique / bricolage technique,Sante / social|Finance / comptabilite|Communication / medias,Bureau,Creation / design|Entrepreneur / independant,PIP
syn-02096,Technique agricole,1,3,4,3,Informatique / Technologie|Sport|Economie / Gestion,Vente / negociation|Programmation,Technologie / informatique|Entrepreneuriat / business|Sciences|Sante / social,Mixte,Commerce / relation client,CAA
syn-02097,S,3,2,3,3,Sport|Histoire-Geographie,Travail en equipe|Vente / negociation|Programmation|Organisation / gestion de projet,Tourisme / hotellerie|Sante / social|Communication / medias,Bureau,Recherche / enseignement|Gestion / management,CAA
syn-02098,S,3,3,1,4,Histoire-Geographie|Mathematiques,Creativite / design|Electronique / bricolage technique|Redaction / communication|Analyse de donnees / logique,Finance / comptabilite|Technologie / informatique,Bureau,Creation / design,FIC
syn-02099,D,4,2,3,3,Francais / Litterature|Economie / Gestion|Informatique / Technologie,Organisation / gestion de projet|Electronique / bricolage technique|Vente / negociation|Analyse de donnees / logique,Technologie / informatique|Communication / medias|Droit / justice,Atelier / usine,Technique / ingenierie,IMTICIA
syn-02100,Technique industrielle,2,3,3,4,Histoire-Geographie|Mathematiques,Organisation / gestion de projet|Analyse de donnees / logique|Creativite / design|Electronique / bricolage technique,Droit / justice|Sciences|Finance / comptabilite,Mixte,Entrepreneur / independant|Recherche / enseignement,FIC
syn-02101,D,3,4,4,5,SVT|Histoire-Geographie,Electronique / bricolage technique|Programmation,Finance / comptabilite|Sciences|Agriculture / environnement,Mixte,Entrepreneur / independant|Gestion / management,PIP
syn-02102,L,3,3,3,2,Mathematiques|Histoire-Geographie,Analyse de donnees / logique|Vente / negociation|Redaction / communication|Electronique / bricolage technique,Art / design / audiovisuel|Sciences,Terrain / exterieur,Creation / design,TEE
syn-02103,A2,2,3,4,4,Mathematiques|SVT|Histoire-Geographie,Analyse de donnees / logique|Redaction / communication|Programmation,Agriculture / environnement|Tourisme / hotellerie,Terrain / exterieur,Gestion / management|Commerce / relation client,TEE
syn-02104,C,3,3,2,4,Francais / Litterature|Sport,Redaction / communication|Travail en equipe,Art / design / audiovisuel|Sciences,Bureau,Gestion / management,EMP
syn-02105,A1,3,4,4,4,Histoire-Geographie|SVT,Creativite / design|Vente / negociation|Electronique / bricolage technique|Redaction / communication,Droit / justice|Agriculture / environnement,Mixte,Gestion / management|Technique / ingenierie,DTJA
syn-02106,D,4,4,3,3,Mathematiques|Langues etrangeres|Physique-Chimie,Organisation / gestion de projet|Redaction / communication|Analyse de donnees / logique,Droit / justice|Entrepreneuriat / business|Agriculture / environnement,Bureau,Gestion / management|Entrepreneur / independant,DTJA
syn-02107,Technique agricole,3,3,3,2,Informatique / Technologie|Francais / Litterature,Travail en equipe|Creativite / design|Programmation,Technologie / informatique|Communication / medias,Atelier / usine,Commerce / relation client|Recherche / enseignement,CAA
syn-02108,D,2,4,2,3,Langues etrangeres|SVT|Histoire-Geographie,Vente / negociation|Electronique / bricolage technique,Tourisme / hotellerie|Droit / justice|Sciences|Communication / medias,Terrain / exterieur,Gestion / management|Recherche / enseignement,PIP
syn-02109,L,2,2,2,2,Physique-Chimie|Arts,Analyse de donnees / logique|Travail en equipe|Electronique / bricolage technique,BTP / construction|Art / design / audiovisuel|Entrepreneuriat / business|Sciences,Mixte,Gestion / management|Recherche / enseignement,EMP
syn-02110,A2,2,2,3,3,Mathematiques|Physique-Chimie|Francais / Litterature,Programmation|Electronique / bricolage technique|Vente / negociation,Droit / justice|Sciences|BTP / construction|Finance / comptabilite,Terrain / exterieur,Gestion / management,FIC
syn-02111,C,4,3,3,2,Mathematiques|Informatique / Technologie,Creativite / design|Programmation|Electronique / bricolage technique|Analyse de donnees / logique,Finance / comptabilite|Sciences|Agriculture / environnement,Laboratoire,Entrepreneur / independant,ISAIA
syn-02112,A2,2,2,4,4,Arts|Informatique / Technologie,Creativite / design|Electronique / bricolage technique|Analyse de donnees / logique,Technologie / informatique|Entrepreneuriat / business,Terrain / exterieur,Commerce / relation client|Gestion / management,CAA
syn-02113,D,3,4,4,1,Arts|Histoire-Geographie|Informatique / Technologie,Travail en equipe|Electronique / bricolage technique|Creativite / design,Entrepreneuriat / business|Communication / medias,Bureau,Recherche / enseignement|Commerce / relation client,CAA
syn-02114,A2,3,3,1,3,Histoire-Geographie|SVT|Informatique / Technologie,Organisation / gestion de projet|Creativite / design|Redaction / communication,Entrepreneuriat / business|Agriculture / environnement|Tourisme / hotellerie|Technologie / informatique,Laboratoire,Commerce / relation client|Recherche / enseignement,AEE
syn-02115,L,3,2,3,3,Arts|Economie / Gestion,Organisation / gestion de projet|Programmation,Tourisme / hotellerie|Sante / social,Terrain / exterieur,Technique / ingenierie|Gestion / management,EMP
syn-02116,A1,1,2,5,2,Arts|Francais / Litterature|SVT,Redaction / communication|Analyse de donnees / logique|Electronique / bricolage technique,Communication / medias|Art / design / audiovisuel,Atelier / usine,Creation / design|Gestion / management,TEE
syn-02117,D,3,5,2,3,Economie / Gestion|Informatique / Technologie|Sport,Electronique / bricolage technique|Organisation / gestion de projet|Vente / negociation|Analyse de donnees / logique,Art / design / audiovisuel|Entrepreneuriat / business|BTP / construction|Technologie / informatique,Laboratoire,Technique / ingenierie|Commerce / relation client,ICMP
syn-02118,S,3,4,4,2,Arts|SVT|Mathematiques,Analyse de donnees / logique|Electronique / bricolage technique|Travail en equipe,Communication / medias|Sciences|Sante / social|Entrepreneuriat / business,Atelier / usine,Technique / ingenierie|Recherche / enseignement,PIP
syn-02119,S,2,3,2,4,Histoire-Geographie|Arts|Langues etrangeres,Creativite / design|Analyse de donnees / logique|Organisation / gestion de projet|Redaction / communication,Art / design / audiovisuel|Tourisme / hotellerie,Terrain / exterieur,Entrepreneur / independant,IMTICIA
syn-02120,A1,1,4,2,2,Mathematiques|Francais / Litterature,Creativite / design|Programmation,Finance / comptabilite|Entrepreneuriat / business|Sante / social|Sciences,Atelier / usine,Technique / ingenierie,EMP
syn-02121,S,2,4,3,3,Informatique / Technologie|Arts|Mathematiques,Analyse de donnees / logique|Programmation,Communication / medias|Sciences,Mixte,Recherche / enseignement,IGGLIA
syn-02122,D,2,4,1,3,Economie / Gestion|Histoire-Geographie,Analyse de donnees / logique|Organisation / gestion de projet|Electronique / bricolage technique|Vente / negociation,Art / design / audiovisuel|Finance / comptabilite,Terrain / exterieur,Recherche / enseignement|Creation / design,FIC
syn-02123,S,4,3,3,3,Informatique / Technologie|Sport|Physique-Chimie,Electronique / bricolage technique|Analyse de donnees / logique,Agriculture / environnement|BTP / construction,Bureau,Creation / design,ICMP
syn-02124,C,3,4,2,3,Sport|Informatique / Technologie|Mathematiques,Vente / negociation|Analyse de donnees / logique|Travail en equipe|Electronique / bricolage technique,Communication / medias|Technologie / informatique|Sciences,Bureau,Commerce / relation client|Entrepreneur / independant,ISAIA
syn-02125,A2,1,4,3,4,SVT|Sport,Analyse de donnees / logique|Travail en equipe,Agriculture / environnement|Finance / comptabilite,Bureau,Creation / design,FIC
syn-02126,S,4,4,4,2,Histoire-Geographie|SVT,Redaction / communication|Organisation / gestion de projet,Technologie / informatique|Tourisme / hotellerie|Art / design / audiovisuel|Droit / justice,Bureau,Technique / ingenierie|Creation / design,DTJA
syn-02127,D,3,4,3,3,Informatique / Technologie|SVT,Vente / negociation|Redaction / communication,Sante / social|Finance / comptabilite,Bureau,Recherche / enseignement,PIP
syn-02128,A1,3,1,5,4,Economie / Gestion|Arts|SVT,Redaction / communication|Vente / negociation,Art / design / audiovisuel|Sciences|Communication / medias|Droit / justice,Mixte,Commerce / relation client|Creation / design,CAA
syn-02129,C,4,3,1,2,SVT|Histoire-Geographie|Economie / Gestion,Analyse de donnees / logique|Organisation / gestion de projet,BTP / construction|Droit / justice|Sante / social|Sciences,Atelier / usine,Technique / ingenierie|Entrepreneur / independant,PIP
syn-02130,D,1,4,3,2,SVT|Sport|Histoire-Geographie,Travail en equipe|Analyse de donnees / logique,Agriculture / environnement|Tourisme / hotellerie,Terrain / exterieur,Technique / ingenierie,TEE
syn-02131,C,3,3,3,3,Histoire-Geographie|Economie / Gestion|Physique-Chimie,Redaction / communication|Electronique / bricolage technique,Droit / justice|BTP / construction|Finance / comptabilite,Mixte,Creation / design|Gestion / management,DTJA
syn-02132,D,3,4,3,3,Mathematiques|Informatique / Technologie,Vente / negociation|Analyse de donnees / logique|Programmation,Art / design / audiovisuel|Technologie / informatique|BTP / construction|Entrepreneuriat / business,Atelier / usine,Commerce / relation client,IGGLIA
syn-02133,S,4,3,4,2,Mathematiques|Langues etrangeres,Redaction / communication|Creativite / design,Tourisme / hotellerie|Droit / justice,Laboratoire,Commerce / relation client,TEH
syn-02134,S,4,3,3,4,Langues etrangeres|Francais / Litterature|Economie / Gestion,Vente / negociation|Organisation / gestion de projet|Electronique / bricolage technique,Entrepreneuriat / business|Finance / comptabilite|Tourisme / hotellerie|Communication / medias,Bureau,Gestion / management,FIC
syn-02135,C,2,2,3,4,Informatique / Technologie|SVT,Electronique / bricolage technique|Redaction / communication|Organisation / gestion de projet,Sciences|Agriculture / environnement,Terrain / exterieur,Commerce / relation client,TEE
syn-02136,D,2,3,2,2,Francais / Litterature|Mathematiques,Analyse de donnees / logique|Redaction / communication|Programmation,Communication / medias|Entrepreneuriat / business|Sciences|Droit / justice,Bureau,Entrepreneur / independant|Creation / design,PIP
syn-02137,A2,3,3,3,3,Arts|Physique-Chimie,Creativite / design|Programmation|Analyse de donnees / logique,Communication / medias|Sciences,Terrain / exterieur,Technique / ingenierie|Creation / design,PIP
syn-02138,L,2,3,2,3,SVT|Physique-Chimie,Analyse de donnees / logique|Electronique / bricolage technique,Tourisme / hotellerie|Agriculture / environnement|Sante / social|Sciences,Terrain / exterieur,Entrepreneur / independant,CAA
syn-02139,S,5,4,2,5,Histoire-Geographie|Sport,Redaction / communication|Travail en equipe|Programmation,Art / design / audiovisuel|Droit / justice,Laboratoire,Technique / ingenierie,ESIIA
syn-02140,S,2,4,4,2,Arts|Histoire-Geographie|Francais / Litterature,Redaction / communication|Creativite / design,Entrepreneuriat / business|Droit / justice|Agriculture / environnement|Communication / medias,Mixte,Technique / ingenierie|Gestion / management,DTJA
syn-02141,C,4,2,3,1,Informatique / Technologie|Mathematiques,Redaction / communication|Programmation|Creativite / design,Art / design / audiovisuel|Sciences|Technologie / informatique,Terrain / exterieur,Creation / design,IGGLIA
syn-02142,S,5,3,4,2,Physique-Chimie|Arts|Mathematiques,Vente / negociation|Creativite / design|Analyse de donnees / logique,Art / design / audiovisuel|Finance / comptabilite|Sciences|Technologie / informatique,Terrain / exterieur,Technique / ingenierie,ISAIA
syn-02143,L,4,3,3,4,Langues etrangeres|Informatique / Technologie|Sport,Redaction / communication|Programmation,Technologie / informatique|Tourisme / hotellerie|Entrepreneuriat / business,Bureau,Commerce / relation client,TEH
syn-02144,S,3,2,3,3,Histoire-Geographie|Francais / Litterature,Travail en equipe|Redaction / communication|Creativite / design,BTP / construction|Droit / justice,Mixte,Technique / ingenierie|Commerce / relation client,DTJA
syn-02145,D,2,3,3,4,Arts|Mathematiques|Histoire-Geographie,Electronique / bricolage technique|Organisation / gestion de projet|Vente / negociation,Sciences|Communication / medias|Art / design / audiovisuel|Finance / comptabilite,Bureau,Commerce / relation client|Technique / ingenierie,ESIIA
syn-02146,C,5,4,3,3,Arts|Physique-Chimie|Francais / Litterature,Electronique / bricolage technique|Creativite / design,Art / design / audiovisuel|Sciences,Mixte,Commerce / relation client|Creation / design,IMTICIA
syn-02147,S,3,4,3,2,Informatique / Technologie|Langues etrangeres|Histoire-Geographie,Electronique / bricolage technique|Redaction / communication,BTP / construction|Communication / medias|Droit / justice,Atelier / usine,Entrepreneur / independant|Recherche / enseignement,DTJA
syn-02148,C,4,3,5,3,Langues etrangeres|Histoire-Geographie|Mathematiques,Travail en equipe|Analyse de donnees / logique,Finance / comptabilite|Agriculture / environnement,Mixte,Commerce / relation client,ISAIA
syn-02149,L,2,2,5,3,Physique-Chimie|Mathematiques|Arts,Electronique / bricolage technique|Creativite / design|Analyse de donnees / logique|Vente / negociation,Sciences|Finance / comptabilite|Tourisme / hotellerie,Bureau,Creation / design|Entrepreneur / independant,TEH
syn-02150,A2,2,3,5,3,Sport|Physique-Chimie|Informatique / Technologie,Electronique / bricolage technique|Organisation / gestion de projet,Tourisme / hotellerie|Technologie / informatique|Droit / justice,Laboratoire,Entrepreneur / independant,TEE
syn-02151,C,4,4,3,3,Mathematiques|Arts,Creativite / design|Organisation / gestion de projet,Sante / social|Art / design / audiovisuel,Atelier / usine,Recherche / enseignement,GCA
syn-02152,S,5,3,2,2,Francais / Litterature|Sport,Programmation|Travail en equipe|Organisation / gestion de projet,Communication / medias|Droit / justice|BTP / construction,Mixte,Recherche / enseignement,GCA
syn-02153,D,3,4,3,3,Informatique / Technologie|Sport|Economie / Gestion,Electronique / bricolage technique|Organisation / gestion de projet,Sante / social|Tourisme / hotellerie|Finance / comptabilite,Bureau,Recherche / enseignement|Commerce / relation client,FIC
syn-02154,S,4,4,3,3,Economie / Gestion|Physique-Chimie,Electronique / bricolage technique|Creativite / design|Vente / negociation|Analyse de donnees / logique,Art / design / audiovisuel|Technologie / informatique|Sciences,Bureau,Entrepreneur / independant|Gestion / management,EMII
syn-02155,Technique industrielle,3,3,2,2,SVT|Histoire-Geographie|Sport,Programmation|Analyse de donnees / logique,Technologie / informatique|Droit / justice|Art / design / audiovisuel|Sciences,Terrain / exterieur,Technique / ingenierie|Creation / design,IGGLIA
syn-02156,D,3,4,4,5,Francais / Litterature|Arts|Economie / Gestion,Vente / negociation|Redaction / communication|Organisation / gestion de projet,Art / design / audiovisuel|Tourisme / hotellerie|Communication / medias|Droit / justice,Terrain / exterieur,Entrepreneur / independant,IMTICIA
syn-02157,C,3,4,2,3,Arts|Histoire-Geographie|Francais / Litterature,Travail en equipe|Analyse de donnees / logique|Creativite / design|Redaction / communication,Tourisme / hotellerie|Finance / comptabilite,Atelier / usine,Commerce / relation client,TEE
syn-02158,C,2,3,3,4,Economie / Gestion|Informatique / Technologie,Electronique / bricolage technique|Analyse de donnees / logique|Programmation|Organisation / gestion de projet,Sciences|BTP / construction,Terrain / exterieur,Technique / ingenierie|Entrepreneur / independant,IGGLIA
syn-02159,L,4,3,4,3,Informatique / Technologie|Langues etrangeres,Organisation / gestion de projet|Vente / negociation|Redaction / communication,Communication / medias|Entrepreneuriat / business,Bureau,Technique / ingenierie,CAA
syn-02160,L,3,3,3,2,SVT|Mathematiques|Arts,Vente / negociation|Redaction / communication|Programmation|Analyse de donnees / logique,Art / design / audiovisuel|Finance / comptabilite,Atelier / usine,Gestion / management,FIC
syn-02161,A1,3,2,2,3,Mathematiques|Physique-Chimie|Economie / Gestion,Travail en equipe|Analyse de donnees / logique|Organisation / gestion de projet,Entrepreneuriat / business|BTP / construction|Sciences|Finance / comptabilite,Terrain / exterieur,Technique / ingenierie|Entrepreneur / independant,EMP
syn-02162,S,1,3,2,3,Arts|Informatique / Technologie,Programmation|Electronique / bricolage technique|Creativite / design|Travail en equipe,Art / design / audiovisuel|Technologie / informatique|Communication / medias|BTP / construction,Bureau,Technique / ingenierie|Commerce / relation client,IMTICIA
syn-02163,L,2,4,3,3,SVT|Histoire-Geographie|Physique-Chimie,Analyse de donnees / logique|Creativite / design|Electronique / bricolage technique,Tourisme / hotellerie|Sante / social,Terrain / exterieur,Commerce / relation client,TEE
syn-02164,A2,1,2,3,3,Economie / Gestion|Francais / Litterature,Vente / negociation|Organisation / gestion de projet|Redaction / communication|Analyse de donnees / logique,Droit / justice|Agriculture / environnement,Bureau,Commerce / relation client|Creation / design,DTJA
syn-02165,S,5,3,3,3,Economie / Gestion|Mathematiques,Analyse de donnees / logique|Vente / negociation|Travail en equipe|Organisation / gestion de projet,Finance / comptabilite|Tourisme / hotellerie|Sciences|Entrepreneuriat / business,Mixte,Gestion / management|Entrepreneur / independant,FIC
syn-02166,A2,1,4,2,4,Histoire-Geographie|Economie / Gestion,Travail en equipe|Organisation / gestion de projet|Redaction / communication|Vente / negociation,Sante / social|Tourisme / hotellerie,Laboratoire,Gestion / management,EMP
syn-02167,D,3,3,3,2,Physique-Chimie|Mathematiques|Informatique / Technologie,Redaction / communication|Electronique / bricolage technique,Technologie / informatique|Communication / medias|Sciences|Agriculture / environnement,Bureau,Gestion / management|Entrepreneur / independant,EMII
syn-02168,A1,2,2,3,4,Arts|Histoire-Geographie|Sport,Creativite / design|Travail en equipe|Redaction / communication,Communication / medias|Tourisme / hotellerie,Bureau,Commerce / relation client,TEH
syn-02169,A1,3,1,5,4,Francais / Litterature|Physique-Chimie,Analyse de donnees / logique|Vente / negociation|Organisation / gestion de projet|Redaction / communication,Finance / comptabilite|BTP / construction|Communication / medias|Art / design / audiovisuel,Mixte,Technique / ingenierie|Recherche / enseignement,DTJA
syn-02170,D,2,4,5,3,Physique-Chimie|Francais / Litterature,Redaction / communication|Electronique / bricolage technique|Creativite / design,Sciences|BTP / construction|Art / design / audiovisuel|Agriculture / environnement,Terrain / exterieur,Entrepreneur / independant,TEE
syn-02171,S,4,3,4,3,Arts|Langues etrangeres,Redaction / communication|Travail en equipe,Communication / medias|Tourisme / hotellerie|Sante / social|Entrepreneuriat / business,Laboratoire,Creation / design,TEH
syn-02172,D,3,4,3,2,Arts|SVT|Sport,Organisation / gestion de projet|Creativite / design,Agriculture / environnement|Tourisme / hotellerie|Droit / justice|Sciences,Atelier / usine,Technique / ingenierie,AEE
syn-02173,A1,3,1,4,3,Physique-Chimie|Histoire-Geographie|Mathematiques,Analyse de donnees / logique|Programmation|Vente / negociation,BTP / construction|Sciences|Communication / medias,Mixte,Entrepreneur / independant|Commerce / relation client,TEH
syn-02174,S,3,2,2,4,Mathematiques|Physique-Chimie,Electronique / bricolage technique|Analyse de donnees / logique|Programmation|Travail en equipe,BTP / construction|Sciences|Finance / comptabilite|Communication / medias,Terrain / exterieur,Entrepreneur / independant|Gestion / management,ISAIA
syn-02175,A1,1,2,5,3,Langues etrangeres|Physique-Chimie|Arts,Redaction / communication|Electronique / bricolage technique|Creativite / design|Analyse de donnees / logique,Sciences|Communication / medias|Tourisme / hotellerie,Mixte,Gestion / management|Recherche / enseignement,TEH
syn-02176,A1,3,4,3,2,Histoire-Geographie|SVT,Organisation / gestion de projet|Travail en equipe|Creativite / design|Vente / negociation,Sciences|Communication / medias|Tourisme / hotellerie|Droit / justice,Mixte,Commerce / relation client,TEE
syn-02177,A2,3,3,5,3,Francais / Litterature|Mathematiques|Histoire-Geographie,Electronique / bricolage technique|Redaction / communication|Analyse de donnees / logique,Sante / social|Sciences,Bureau,Commerce / relation client,TEE
syn-02178,D,2,3,4,2,Arts|Economie / Gestion,Electronique / bricolage technique|Travail en equipe|Creativite / design|Organisation / gestion de projet,Sciences|Art / design / audiovisuel,Mixte,Gestion / management|Recherche / enseignement,TEH
syn-02179,D,5,4,4,4,Mathematiques|Arts,Analyse de donnees / logique|Vente / negociation,Communication / medias|Agriculture / environnement,Mixte,Recherche / enseignement|Technique / ingenierie,ISAIA
syn-02180,L,3,3,2,3,Mathematiques|Sport|Informatique / Technologie,Travail en equipe|Analyse de donnees / logique|Programmation|Redaction / communication,Finance / comptabilite|Technologie / informatique,Terrain / exterieur,Commerce / relation client,FIC
syn-02181,Technique industrielle,3,3,4,1,SVT|Langues etrangeres|Histoire-Geographie,Redaction / communication|Organisation / gestion de projet,Tourisme / hotellerie|Sciences|Communication / medias|Droit / justice,Bureau,Commerce / relation client,DTJA
syn-02182,D,3,4,3,1,Physique-Chimie|Francais / Litterature|Langues etrangeres,Electronique / bricolage technique|Analyse de donnees / logique|Redaction / communication,Art / design / audiovisuel|Entrepreneuriat / business|Tourisme / hotellerie|Communication / medias,Bureau,Recherche / enseignement,TEE
syn-02183,D,2,2,1,2,Mathematiques|Economie / Gestion|Langues etrangeres,Organisation / gestion de projet|Vente / negociation,Tourisme / hotellerie|BTP / construction|Finance / comptabilite,Mixte,Entrepreneur / independant|Recherche / enseignement,CAA
syn-02184,C,5,5,3,2,Informatique / Technologie|Physique-Chimie|Sport,Programmation|Travail en equipe|Electronique / bricolage technique,BTP / construction|Sciences|Sante / social,Mixte,Entrepreneur / independant,ESIIA
syn-02185,A2,3,3,3,3,Histoire-Geographie|Francais / Litterature|Arts,Creativite / design|Organisation / gestion de projet|Redaction / communication|Analyse de donnees / logique,Art / design / audiovisuel|Sante / social,Laboratoire,Commerce / relation client,CAA
syn-02186,C,4,5,5,4,Histoire-Geographie|Langues etrangeres|Physique-Chimie,Electronique / bricolage technique|Programmation|Redaction / communication,Sciences|Tourisme / hotellerie|Finance / comptabilite,Bureau,Recherche / enseignement,TEE
syn-02187,A2,3,1,3,3,Sport|Economie / Gestion,Travail en equipe|Analyse de donnees / logique|Programmation,Entrepreneuriat / business|Art / design / audiovisuel,Bureau,Creation / design|Technique / ingenierie,CAA
syn-02188,D,2,2,4,2,Mathematiques|Francais / Litterature|Arts,Redaction / communication|Programmation|Organisation / gestion de projet|Creativite / design,Finance / comptabilite|Communication / medias|Entrepreneuriat / business,Bureau,Commerce / relation client|Creation / design,IMTICIA
syn-02189,C,4,3,2,2,Mathematiques|Sport|Physique-Chimie,Analyse de donnees / logique|Travail en equipe,Sciences|Finance / comptabilite|Art / design / audiovisuel|Communication / medias,Atelier / usine,Creation / design|Recherche / enseignement,ISAIA
syn-02190,Technique industrielle,3,4,2,3,Economie / Gestion|Histoire-Geographie,Electronique / bricolage technique|Vente / negociation,Finance / comptabilite|BTP / construction|Sante / social|Art / design / audiovisuel,Bureau,Commerce / relation client|Recherche / enseignement,ICMP
syn-02191,Technique industrielle,3,4,2,3,SVT|Histoire-Geographie|Informatique / Technologie,Vente / negociation|Creativite / design,Tourisme / hotellerie|Art / design / audiovisuel,Atelier / usine,Creation / design,IMTICIA
syn-02192,A1,2,1,4,2,Economie / Gestion|Langues etrangeres,Travail en equipe|Organisation / gestion de projet|Vente / negociation|Analyse de donnees / logique,Communication / medias|Tourisme / hotellerie|BTP / construction|Finance / comptabilite,Mixte,Commerce / relation client,TEH
syn-02193,S,3,3,2,5,Histoire-Geographie|Informatique / Technologie,Analyse de donnees / logique|Vente / negociation,Droit / justice|Communication / medias,Mixte,Recherche / enseignement|Gestion / management,EMP
syn-02194,D,3,5,2,3,SVT|Mathematiques|Francais / Litterature,Programmation|Redaction / communication|Creativite / design,Entrepreneuriat / business|Technologie / informatique|Agriculture / environnement,Mixte,Recherche / enseignement|Technique / ingenierie,AEE
syn-02195,A2,3,2,4,3,Mathematiques|Langues etrangeres,Creativite / design|Redaction / communication|Analyse de donnees / logique|Travail en equipe,Communication / medias|Sante / social|Sciences,Laboratoire,Creation / design|Recherche / enseignement,TEE
syn-02196,Technique industrielle,2,3,2,4,Arts|Economie / Gestion,Creativite / design|Redaction / communication|Organisation / gestion de projet,Entrepreneuriat / business|Sciences|Droit / justice,Mixte,Recherche / enseignement,EMP
syn-02197,S,4,4,4,2,SVT|Arts|Physique-Chimie,Creativite / design|Programmation,Communication / medias|Sante / social|BTP / construction,Bureau,Technique / ingenierie,GCA
syn-02198,D,2,1,3,2,Informatique / Technologie|Sport,Organisation / gestion de projet|Vente / negociation|Creativite / design|Electronique / bricolage technique,Technologie / informatique|BTP / construction|Sante / social|Finance / comptabilite,Bureau,Entrepreneur / independant|Gestion / management,FIC
syn-02199,S,3,3,3,2,SVT|Francais / Litterature,Electronique / bricolage technique|Creativite / design|Redaction / communication,Agriculture / environnement|Droit / justice,Terrain / exterieur,Recherche / enseignement,DTJA
syn-02200,A1,2,2,2,4,Francais / Litterature|Informatique / Technologie|Economie / Gestion,Analyse de donnees / logique|Electronique / bricolage technique|Travail en equipe,Entrepreneuriat / business|Communication / medias,Atelier / usine,Creation / design,CAA
syn-02201,D,2,5,3,5,SVT|Sport,Travail en equipe|Redaction / communication|Programmation,Agriculture / environnement|Communication / medias|Tourisme / hotellerie|Sante / social,Mixte,Gestion / management,AEE
syn-02202,A2,2,1,3,4,Histoire-Geographie|Physique-Chimie,Travail en equipe|Electronique / bricolage technique|Analyse de donnees / logique,Droit / justice|Tourisme / hotellerie|Entrepreneuriat / business|Sciences,Mixte,Entrepreneur / independant,EMP
syn-02203,Technique industrielle,5,4,4,4,Mathematiques|Langues etrangeres|Sport,Travail en equipe|Redaction / communication|Programmation,Art / design / audiovisuel|Sciences,Atelier / usine,Creation / design|Gestion / management,IMTICIA
syn-02204,A2,3,2,4,3,Economie / Gestion|Arts|Histoire-Geographie,Organisation / gestion de projet|Vente / negociation|Creativite / design|Programmation,Entrepreneuriat / business|Droit / justice,Laboratoire,Gestion / management,EMP
syn-02205,Technique agricole,3,3,1,2,SVT|Mathematiques|Sport,Analyse de donnees / logique|Organisation / gestion de projet,Sciences|Sante / social|Agriculture / environnement|Communication / medias,Atelier / usine,Creation / design,PIP
syn-02206,D,5,1,2,3,Sport|Histoire-Geographie|Francais / Litterature,Creativite / design|Analyse de donnees / logique,Tourisme / hotellerie|Droit / justice,Bureau,Commerce / relation client|Creation / design,FIC
syn-02207,A1,3,3,3,2,Mathematiques|SVT,Redaction / communication|Programmation|Travail en equipe|Electronique / bricolage technique,Sciences|BTP / construction,Mixte,Technique / ingenierie|Entrepreneur / independant,TEE
syn-02208,D,3,3,4,3,Histoire-Geographie|Physique-Chimie,Electronique / bricolage technique|Travail en equipe|Creativite / design|Analyse de donnees / logique,Sciences|Agriculture / environnement,Atelier / usine,Gestion / management,ESIIA
syn-02209,D,4,4,5,3,Physique-Chimie|Mathematiques,Analyse de donnees / logique|Electronique / bricolage technique|Organisation / gestion de projet|Travail en equipe,Finance / comptabilite|BTP / construction|Sciences|Art / design / audiovisuel,Bureau,Gestion / management,FIC
syn-02210,S,3,5,2,3,Histoire-Geographie|SVT|Informatique / Technologie,Programmation|Creativite / design|Electronique / bricolage technique,Technologie / informatique|Droit / justice|BTP / construction,Terrain / exterieur,Commerce / relation client|Entrepreneur / independant,ESIIA
syn-02211,L,2,2,4,3,SVT|Physique-Chimie,Vente / negociation|Travail en equipe|Redaction / communication|Organisation / gestion de projet,Technologie / informatique|Sciences|Tourisme / hotellerie,Bureau,Gestion / management|Entrepreneur / independant,CAA
syn-02212,S,2,3,3,2,Langues etrangeres|Economie / Gestion|Francais / Litterature,Vente / negociation|Redaction / communication,Droit / justice|Technologie / informatique,Bureau,Recherche / enseignement,DTJA
syn-02213,A2,3,3,3,4,Physique-Chimie|Economie / Gestion,Analyse de donnees / logique|Programmation|Organisation / gestion de projet|Vente / negociation,Sciences|Entrepreneuriat / business|BTP / construction|Finance / comptabilite,Bureau,Gestion / management,FIC
syn-02214,C,3,3,3,3,Physique-Chimie|Langues etrangeres|SVT,Electronique / bricolage technique|Travail en equipe,Communication / medias|Sciences|Sante / social,Bureau,Creation / design,PIP
syn-02215,D,1,5,3,4,Physique-Chimie|Informatique / Technologie,Analyse de donnees / logique|Electronique / bricolage technique,Agriculture / environnement|Sciences|Droit / justice,Terrain / exterieur,Recherche / enseignement,ICMP
syn-02216,D,1,3,3,2,Physique-Chimie|SVT|Mathematiques,Organisation / gestion de projet|Analyse de donnees / logique|Travail en equipe,Entrepreneuriat / business|Sciences|Sante / social|Art / design / audiovisuel,Mixte,Commerce / relation client|Creation / design,IAA
syn-02217,L,3,3,3,3,Physique-Chimie|Arts,Creativite / design|Electronique / bricolage technique|Travail en equipe,Sciences|Art / design / audiovisuel|Communication / medias|BTP / construction,Mixte,Technique / ingenierie,TEH
syn-02218,D,3,4,3,3,Francais / Litterature|Histoire-Geographie|Physique-Chimie,Electronique / bricolage technique|Redaction / communication,Droit / justice|BTP / construction|Finance / comptabilite,Terrain / exterieur,Gestion / management|Technique / ingenierie,EMII
syn-02219,C,3,5,4,3,Economie / Gestion|Physique-Chimie|Francais / Litterature,Organisation / gestion de projet|Electronique / bricolage technique|Analyse de donnees / logique,Sciences|Art / design / audiovisuel,Mixte,Commerce / relation client|Entrepreneur / independant,ICMP
syn-02220,Technique industrielle,4,4,5,2,Sport|Francais / Litterature,Creativite / design|Vente / negociation,Droit / justice|Entrepreneuriat / business,Atelier / usine,Recherche / enseignement|Commerce / relation client,DTJA
syn-02221,L,2,2,2,4,SVT|Histoire-Geographie|Arts,Creativite / design|Redaction / communication|Electronique / bricolage technique|Travail en equipe,Sante / social|Tourisme / hotellerie,Terrain / exterieur,Gestion / management,TEE
syn-02222,A2,2,2,3,4,Informatique / Technologie|Mathematiques,Electronique / bricolage technique|Programmation|Analyse de donnees / logique|Organisation / gestion de projet,Technologie / informatique|Tourisme / hotellerie|Art / design / audiovisuel,Bureau,Entrepreneur / independant,FIC
syn-02223,D,2,3,4,2,Informatique / Technologie|Histoire-Geographie,Programmation|Electronique / bricolage technique|Organisation / gestion de projet,Droit / justice|Sciences|Tourisme / hotellerie,Atelier / usine,Gestion / management,ESIIA
syn-02224,D,3,4,2,3,Economie / Gestion|Informatique / Technologie,Vente / negociation|Programmation|Creativite / design,Finance / comptabilite|Entrepreneuriat / business,Terrain / exterieur,Gestion / management,EMP
syn-02225,D,4,4,2,2,Economie / Gestion|Histoire-Geographie,Analyse de donnees / logique|Programmation|Organisation / gestion de projet|Vente / negociation,Finance / comptabilite|Tourisme / hotellerie|Sciences|Droit / justice,Mixte,Gestion / management|Technique / ingenierie,FIC
syn-02226,C,5,4,5,3,Histoire-Geographie|SVT|Langues etrangeres,Organisation / gestion de projet|Programmation|Redaction / communication,Tourisme / hotellerie|Droit / justice|Entrepreneuriat / business,Atelier / usine,Commerce / relation client|Gestion / management,TEE
syn-02227,D,5,4,3,3,Sport|Economie / Gestion|Mathematiques,Analyse de donnees / logique|Electronique / bricolage technique|Organisation / gestion de projet|Travail en equipe,Droit / justice|Entrepreneuriat / business,Mixte,Recherche / enseignement,ISAIA
syn-02228,D,4,4,3,4,Mathematiques|Physique-Chimie,Analyse de donnees / logique|Vente / negociation,Sciences|Entrepreneuriat / business|Tourisme / hotellerie|BTP / construction,Bureau,Creation / design|Technique / ingenierie,GCA
syn-02229,C,4,4,4,3,Physique-Chimie|Sport|SVT,Vente / negociation|Electronique / bricolage technique|Analyse de donnees / logique|Creativite / design,Sciences|Entrepreneuriat / business|Droit / justice,Laboratoire,Gestion / management,PIP
syn-02230,S,4,3,3,3,Langues etrangeres|Mathematiques,Programmation|Analyse de donnees / logique,Finance / comptabilite|Tourisme / hotellerie,Atelier / usine,Technique / ingenierie|Recherche / enseignement,ISAIA
syn-02231,A1,2,4,2,4,Physique-Chimie|Histoire-Geographie,Vente / negociation|Analyse de donnees / logique|Organisation / gestion de projet|Creativite / design,Agriculture / environnement|Droit / justice,Mixte,Creation / design|Technique / ingenierie,EMP
syn-02232,S,3,2,3,4,Histoire-Geographie|Economie / Gestion,Creativite / design|Redaction / communication,Finance / comptabilite|Tourisme / hotellerie|Sciences,Atelier / usine,Commerce / relation client|Recherche / enseignement,FIC
syn-02233,S,5,3,2,2,Mathematiques|Arts|Francais / Litterature,Vente / negociation|Redaction / communication|Creativite / design,Technologie / informatique|Sciences,Atelier / usine,Technique / ingenierie,ISAIA
syn-02234,D,2,3,2,3,Mathematiques|SVT|Physique-Chimie,Electronique / bricolage technique|Redaction / communication|Analyse de donnees / logique|Travail en equipe,Technologie / informatique|Finance / comptabilite|Sciences|Agriculture / environnement,Mixte,Recherche / enseignement,PIP
syn-02235,C,3,3,2,3,Informatique / Technologie|Mathematiques|Histoire-Geographie,Programmation|Redaction / communication,Communication / medias|Droit / justice|Sante / social|Sciences,Terrain / exterieur,Commerce / relation client,IGGLIA
syn-02236,C,3,2,2,2,Sport|Economie / Gestion,Travail en equipe|Organisation / gestion de projet|Programmation|Vente / negociation,Entrepreneuriat / business|Agriculture / environnement|Finance / comptabilite|Droit / justice,Mixte,Creation / design|Gestion / management,CAA
syn-02237,S,3,4,5,4,Francais / Litterature|Langues etrangeres,Vente / negociation|Analyse de donnees / logique|Creativite / design|Programmation,Art / design / audiovisuel|Tourisme / hotellerie|Sciences,Bureau,Entrepreneur / independant|Creation / design,TEH
syn-02238,C,4,3,3,3,SVT|Arts|Langues etrangeres,Redaction / communication|Travail en equipe|Programmation,Communication / medias|Sciences|Agriculture / environnement,Bureau,Recherche / enseignement|Creation / design,IMTICIA
syn-02239,S,5,3,3,2,Langues etrangeres|Francais / Litterature|Arts,Creativite / design|Redaction / communication|Analyse de donnees / logique|Organisation / gestion de projet,Entrepreneuriat / business|Droit / justice,Bureau,Entrepreneur / independant|Creation / design,DTJA
syn-02240,S,5,4,3,4,Sport|Francais / Litterature|Mathematiques,Analyse de donnees / logique|Redaction / communication|Creativite / design,Sciences|Droit / justice,Mixte,Recherche / enseignement|Gestion / management,ISAIA
syn-02241,C,4,3,3,4,Sport|Histoire-Geographie|Langues etrangeres,Creativite / design|Vente / negociation,Communication / medias|Droit / justice|Technologie / informatique,Bureau,Recherche / enseignement,IMTICIA
syn-02242,C,3,3,3,2,Francais / Litterature|Langues etrangeres,Organisation / gestion de projet|Redaction / communication|Programmation|Travail en equipe,Tourisme / hotellerie|Technologie / informatique|Droit / justice,Terrain / exterieur,Gestion / management,TEE
syn-02243,A1,4,2,3,4,Histoire-Geographie|Francais / Litterature|Informatique / Technologie,Electronique / bricolage technique|Programmation|Redaction / communication|Vente / negociation,Tourisme / hotellerie|Droit / justice|Technologie / informatique,Bureau,Entrepreneur / independant,DTJA
syn-02244,A2,3,2,4,3,Langues etrangeres|Informatique / Technologie|Physique-Chimie,Analyse de donnees / logique|Programmation,Tourisme / hotellerie|Communication / medias|Finance / comptabilite|Technologie / informatique,Terrain / exterieur,Recherche / enseignement,TEE
syn-02245,Technique genie civil,2,4,1,2,Economie / Gestion|Histoire-Geographie|Informatique / Technologie,Organisation / gestion de projet|Vente / negociation|Analyse de donnees / logique,Sciences|Technologie / informatique|Droit / justice,Laboratoire,Commerce / relation client,CAA
syn-02246,C,4,3,4,1,Arts|Informatique / Technologie|SVT,Electronique / bricolage technique|Vente / negociation,Art / design / audiovisuel|Technologie / informatique,Bureau,Technique / ingenierie,ESIIA
syn-02247,A2,3,1,4,3,Informatique / Technologie|Histoire-Geographie|Arts,Creativite / design|Programmation,Art / design / audiovisuel|Technologie / informatique|Communication / medias,Bureau,Technique / ingenierie|Entrepreneur / independant,DTJA
syn-02248,Technique industrielle,2,3,1,3,Histoire-Geographie|SVT,Organisation / gestion de projet|Creativite / design|Electronique / bricolage technique|Redaction / communication,Sciences|Agriculture / environnement|Droit / justice|Sante / social,Mixte,Gestion / management|Recherche / enseignement,EMP
syn-02249,L,3,3,5,4,Histoire-Geographie|Economie / Gestion,Travail en equipe|Organisation / gestion de projet|Electronique / bricolage technique,Art / design / audiovisuel|Finance / comptabilite|Tourisme / hotellerie,Mixte,Recherche / enseignement,TEH
syn-02250,S,3,3,2,3,Economie / Gestion|Sport,Electronique / bricolage technique|Travail en equipe|Programmation,Entrepreneuriat / business|Finance / comptabilite,Bureau,Technique / ingenierie,FIC
syn-02251,S,5,5,3,3,Physique-Chimie|Informatique / Technologie,Analyse de donnees / logique|Programmation|Organisation / gestion de projet|Travail en equipe,Sciences|Technologie / informatique,Terrain / exterieur,Entrepreneur / independant,IGGLIA
syn-02252,D,3,3,3,3,SVT|Mathematiques|Physique-Chimie,Electronique / bricolage technique|Analyse de donnees / logique|Redaction / communication,Sciences|Agriculture / environnement|BTP / construction|Sante / social,Bureau,Recherche / enseignement,PIP
syn-02253,S,3,5,2,3,Langues etrangeres|Mathematiques,Travail en equipe|Redaction / communication|Organisation / gestion de projet|Programmation,Communication / medias|BTP / construction|Finance / comptabilite|Droit / justice,Bureau,Creation / design|Commerce / relation client,ICMP
syn-02254,D,3,3,4,4,Sport|Informatique / Technologie|Arts,Organisation / gestion de projet|Redaction / communication|Vente / negociation|Programmation,Agriculture / environnement|Technologie / informatique|Droit / justice|Tourisme / hotellerie,Mixte,Creation / design|Gestion / management,IMTICIA
syn-02255,D,3,4,3,5,Mathematiques|Economie / Gestion|Informatique / Technologie,Analyse de donnees / logique|Electronique / bricolage technique|Programmation,Finance / comptabilite|Sciences,Mixte,Gestion / management|Technique / ingenierie,FIC
syn-02256,D,3,3,3,2,Arts|Physique-Chimie,Travail en equipe|Creativite / design|Analyse de donnees / logique|Redaction / communication,Art / design / audiovisuel|Sciences,Mixte,Recherche / enseignement|Entrepreneur / independant,IMTICIA
syn-02257,A2,2,3,5,4,Informatique / Technologie|Histoire-Geographie,Programmation|Organisation / gestion de projet|Electronique / bricolage technique,Droit / justice|Sciences|Agriculture / environnement,Atelier / usine,Gestion / management|Commerce / relation client,EMP
syn-02258,S,4,4,3,5,Arts|Physique-Chimie|Histoire-Geographie,Analyse de donnees / logique|Vente / negociation|Electronique / bricolage technique,Finance / comptabilite|Sante / social,Terrain / exterieur,Technique / ingenierie,ESIIA
syn-02259,Technique industrielle,4,3,3,4,Mathematiques|Langues etrangeres,Redaction / communication|Creativite / design,Communication / medias|Finance / comptabilite,Bureau,Creation / design,ISAIA
syn-02260,D,3,4,4,2,Arts|Sport|Langues etrangeres,Creativite / design|Redaction / communication|Travail en equipe|Analyse de donnees / logique,Entrepreneuriat / business|Communication / medias|Sante / social|Tourisme / hotellerie,Mixte,Gestion / management|Creation / design,TEH
syn-02261,D,4,3,4,3,Histoire-Geographie|Arts,Travail en equipe|Programmation,Communication / medias|Tourisme / hotellerie,Bureau,Commerce / relation client|Technique / ingenierie,TEH
syn-02262,C,3,5,3,2,SVT|Arts,Redaction / communication|Organisation / gestion de projet,Sante / social|Communication / medias|Technologie / informatique|Sciences,Bureau,Recherche / enseignement,PIP
syn-02263,D,4,3,1,3,Histoire-Geographie|SVT|Mathematiques,Programmation|Vente / negociation,Communication / medias|Tourisme / hotellerie,Bureau,Entrepreneur / independant,IGGLIA
syn-02264,A2,3,2,4,2,Histoire-Geographie|Informatique / Technologie,Analyse de donnees / logique|Organisation / gestion de projet,Agriculture / environnement|Tourisme / hotellerie|Technologie / informatique,Laboratoire,Creation / design|Commerce / relation client,TEE
syn-02265,A1,2,1,4,3,Francais / Litterature|Informatique / Technologie,Redaction / communication|Vente / negociation,Art / design / audiovisuel|Droit / justice|Communication / medias,Bureau,Creation / design|Commerce / relation client,DTJA
syn-02266,S,3,4,4,2,Francais / Litterature|Informatique / Technologie,Redaction / communication|Travail en equipe,Entrepreneuriat / business|Communication / medias|Sciences|Agriculture / environnement,Laboratoire,Entrepreneur / independant,CAA
syn-02267,A2,4,2,3,4,Economie / Gestion|Arts,Creativite / design|Vente / negociation|Travail en equipe|Redaction / communication,Communication / medias|Sante / social,Atelier / usine,Entrepreneur / independant,CAA
syn-02268,D,3,4,3,4,Arts|Langues etrangeres,Creativite / design|Redaction / communication,Sante / social|Communication / medias,Atelier / usine,Creation / design,IMTICIA
syn-02269,S,2,3,2,3,SVT|Histoire-Geographie|Arts,Creativite / design|Programmation,Tourisme / hotellerie|Sante / social|Finance / comptabilite,Bureau,Creation / design|Technique / ingenierie,TEE
syn-02270,C,4,3,3,4,SVT|Economie / Gestion|Histoire-Geographie,Vente / negociation|Travail en equipe|Analyse de donnees / logique,Tourisme / hotellerie|Communication / medias|Agriculture / environnement,Terrain / exterieur,Technique / ingenierie,AEE
syn-02271,A1,2,2,3,4,SVT|Sport,Travail en equipe|Analyse de donnees / logique,Sciences|Sante / social|Finance / comptabilite|BTP / construction,Bureau,Creation / design|Gestion / management,FIC
syn-02272,D,3,4,3,3,Langues etrangeres|SVT,Vente / negociation|Redaction / communication,Communication / medias|Sciences,Terrain / exterieur,Commerce / relation client|Entrepreneur / independant,CAA
syn-02273,A2,2,3,3,4,Mathematiques|Economie / Gestion|Langues etrangeres,Redaction / communication|Vente / negociation|Analyse de donnees / logique|Electronique / bricolage technique,Finance / comptabilite|BTP / construction,Terrain / exterieur,Entrepreneur / independant,CAA
syn-02274,D,4,4,2,3,Francais / Litterature|SVT,Electronique / bricolage technique|Travail en equipe|Creativite / design|Redaction / communication,Sciences|BTP / construction,Terrain / exterieur,Recherche / enseignement,GCA
syn-02275,C,4,3,1,2,Mathematiques|Sport|Arts,Travail en equipe|Programmation,Art / design / audiovisuel|Sciences|Finance / comptabilite,Bureau,Commerce / relation client,ISAIA
syn-02276,L,2,3,5,3,Langues etrangeres|SVT,Electronique / bricolage technique|Travail en equipe|Creativite / design,Communication / medias|Sciences|BTP / construction,Mixte,Entrepreneur / independant|Recherche / enseignement,TEH
syn-02277,S,3,4,5,2,Arts|Francais / Litterature|Economie / Gestion,Travail en equipe|Vente / negociation|Creativite / design|Redaction / communication,Entrepreneuriat / business|Communication / medias|Art / design / audiovisuel,Mixte,Commerce / relation client,CAA
syn-02278,D,3,4,3,2,Sport|Francais / Litterature|Mathematiques,Travail en equipe|Organisation / gestion de projet|Redaction / communication|Electronique / bricolage technique,Sciences|Communication / medias,Bureau,Commerce / relation client|Gestion / management,CAA
syn-02279,S,4,2,2,2,SVT|Mathematiques,Analyse de donnees / logique|Electronique / bricolage technique,Sciences|Finance / comptabilite|BTP / construction|Agriculture / environnement,Mixte,Technique / ingenierie|Gestion / management,GCA
syn-02280,A1,2,2,4,2,Physique-Chimie|Francais / Litterature|Mathematiques,Electronique / bricolage technique|Creativite / design|Redaction / communication|Travail en equipe,Finance / comptabilite|Droit / justice,Laboratoire,Entrepreneur / independant|Commerce / relation client,DTJA
syn-02281,D,3,3,3,4,Informatique / Technologie|Histoire-Geographie,Programmation|Electronique / bricolage technique|Creativite / design,Sante / social|Communication / medias,Atelier / usine,Technique / ingenierie|Commerce / relation client,IMTICIA
syn-02282,D,1,4,4,4,Mathematiques|Histoire-Geographie,Travail en equipe|Vente / negociation|Creativite / design|Programmation,Finance / comptabilite|Droit / justice|Sante / social|BTP / construction,Terrain / exterieur,Creation / design|Entrepreneur / independant,GCA
syn-02283,D,2,4,3,2,Langues etrangeres|SVT|Histoire-Geographie,Travail en equipe|Redaction / communication|Organisation / gestion de projet,Droit / justice|Tourisme / hotellerie,Mixte,Creation / design,TEH
syn-02284,D,3,4,3,1,SVT|Arts|Mathematiques,Analyse de donnees / logique|Organisation / gestion de projet|Redaction / communication,Droit / justice|Technologie / informatique,Bureau,Entrepreneur / independant,ESIIA
syn-02285,Technique agricole,4,4,3,2,Sport|Langues etrangeres|Physique-Chimie,Programmation|Analyse de donnees / logique,Communication / medias|Droit / justice|Tourisme / hotellerie,Terrain / exterieur,Gestion / management,TEH
syn-02286,D,3,5,2,3,Langues etrangeres|Informatique / Technologie|Arts,Electronique / bricolage technique|Redaction / communication,Communication / medias|Droit / justice|Technologie / informatique,Terrain / exterieur,Technique / ingenierie,EMII
syn-02287,A2,3,3,4,3,Francais / Litterature|Mathematiques|SVT,Redaction / communication|Creativite / design|Organisation / gestion de projet,Entrepreneuriat / business|Sante / social|Agriculture / environnement|Sciences,Bureau,Gestion / management,TEE
syn-02288,D,3,3,4,2,Economie / Gestion|Langues etrangeres,Organisation / gestion de projet|Analyse de donnees / logique|Travail en equipe,Entrepreneuriat / business|Finance / comptabilite,Mixte,Creation / design,FIC
syn-02289,A2,1,2,2,3,Economie / Gestion|Physique-Chimie,Redaction / communication|Organisation / gestion de projet|Electronique / bricolage technique|Creativite / design,Finance / comptabilite|Art / design / audiovisuel|Technologie / informatique,Atelier / usine,Commerce / relation client,FIC
syn-02290,C,3,5,4,3,Mathematiques|Sport|SVT,Creativite / design|Analyse de donnees / logique,Finance / comptabilite|Sciences|Communication / medias|Agriculture / environnement,Bureau,Entrepreneur / independant|Creation / design,IAA
syn-02291,S,5,2,4,3,Langues etrangeres|Mathematiques,Redaction / communication|Creativite / design|Analyse de donnees / logique|Programmation,BTP / construction|Sciences,Mixte,Creation / design,ISAIA
syn-02292,S,3,4,4,4,Arts|Langues etrangeres,Creativite / design|Redaction / communication,Communication / medias|Sante / social,Mixte,Creation / design,IMTICIA
syn-02293,Technique industrielle,3,3,3,5,Economie / Gestion|Informatique / Technologie|Mathematiques,Redaction / communication|Vente / negociation,Agriculture / environnement|Technologie / informatique,Terrain / exterieur,Gestion / management,FIC
syn-02294,D,4,5,3,4,Economie / Gestion|Francais / Litterature,Vente / negociation|Programmation|Travail en equipe|Redaction / communication,BTP / construction|Sciences,Mixte,Creation / design,EMII
syn-02295,D,3,3,3,2,Physique-Chimie|Informatique / Technologie|Histoire-Geographie,Electronique / bricolage technique|Analyse de donnees / logique,BTP / construction|Tourisme / hotellerie,Mixte,Recherche / enseignement,EMII
syn-02296,L,3,2,3,3,SVT|Langues etrangeres|Economie / Gestion,Creativite / design|Programmation|Redaction / communication|Organisation / gestion de projet,Agriculture / environnement|Entrepreneuriat / business|Sciences|Communication / medias,Terrain / exterieur,Entrepreneur / independant|Commerce / relation client,CAA
syn-02297,S,3,5,3,4,Arts|Physique-Chimie,Electronique / bricolage technique|Analyse de donnees / logique|Creativite / design,Technologie / informatique|Art / design / audiovisuel|Sciences|Droit / justice,Laboratoire,Technique / ingenierie,PIP
syn-02298,A1,2,2,5,4,Langues etrangeres|Histoire-Geographie|Francais / Litterature,Programmation|Redaction / communication|Analyse de donnees / logique,Sciences|Tourisme / hotellerie,Mixte,Recherche / enseignement|Creation / design,TEH
syn-02299,A2,2,1,3,5,Economie / Gestion|Histoire-Geographie,Vente / negociation|Electronique / bricolage technique,Sciences|Art / design / audiovisuel,Bureau,Entrepreneur / independant|Recherche / enseignement,CAA
syn-02300,A2,4,3,4,2,SVT|Economie / Gestion,Organisation / gestion de projet|Redaction / communication|Travail en equipe|Analyse de donnees / logique,Sante / social|Sciences,Bureau,Entrepreneur / independant|Recherche / enseignement,PIP
syn-02301,A2,3,3,4,3,Francais / Litterature|SVT|Physique-Chimie,Programmation|Creativite / design|Analyse de donnees / logique|Electronique / bricolage technique,Communication / medias|BTP / construction|Sante / social|Sciences,Terrain / exterieur,Technique / ingenierie|Commerce / relation client,PIP
syn-02302,A2,3,2,2,2,Sport|Economie / Gestion,Vente / negociation|Electronique / bricolage technique,Entrepreneuriat / business|Droit / justice|BTP / construction|Finance / comptabilite,Bureau,Entrepreneur / independant|Gestion / management,CAA
syn-02303,S,5,5,3,3,Economie / Gestion|Langues etrangeres|SVT,Redaction / communication|Vente / negociation|Organisation / gestion de projet|Electronique / bricolage technique,Sciences|Agriculture / environnement,Bureau,Technique / ingenierie,AEE
syn-02304,D,1,5,3,5,Economie / Gestion|Physique-Chimie,Vente / negociation|Organisation / gestion de projet,Droit / justice|Entrepreneuriat / business,Laboratoire,Gestion / management,EMP
syn-02305,A2,3,1,5,4,Francais / Litterature|Langues etrangeres|Economie / Gestion,Organisation / gestion de projet|Redaction / communication,Tourisme / hotellerie|Finance / comptabilite,Bureau,Creation / design|Commerce / relation client,TEH
syn-02306,D,3,4,3,4,Informatique / Technologie|Physique-Chimie,Analyse de donnees / logique|Programmation,Entrepreneuriat / business|Sciences,Laboratoire,Creation / design|Commerce / relation client,ICMP
syn-02307,D,4,4,2,3,Informatique / Technologie|Mathematiques|Langues etrangeres,Analyse de donnees / logique|Programmation|Travail en equipe,Droit / justice|Communication / medias,Bureau,Commerce / relation client,ISAIA
syn-02308,C,3,2,3,2,Arts|Francais / Litterature,Electronique / bricolage technique|Creativite / design,Communication / medias|Art / design / audiovisuel|Sante / social,Terrain / exterieur,Creation / design,IMTICIA
syn-02309,C,3,3,5,4,Francais / Litterature|Economie / Gestion,Organisation / gestion de projet|Programmation|Redaction / communication,Technologie / informatique|Communication / medias|Sciences|Droit / justice,Atelier / usine,Gestion / management,DTJA
syn-02310,A1,3,2,3,3,Histoire-Geographie|Informatique / Technologie,Electronique / bricolage technique|Creativite / design|Programmation|Redaction / communication,Technologie / informatique|BTP / construction|Droit / justice,Mixte,Creation / design,DTJA
syn-02311,C,3,5,2,4,Economie / Gestion|Histoire-Geographie|Mathematiques,Vente / negociation|Creativite / design|Organisation / gestion de projet,Finance / comptabilite|Art / design / audiovisuel|Entrepreneuriat / business|Sante / social,Bureau,Gestion / management|Technique / ingenierie,EMP
syn-02312,D,3,4,3,3,Economie / Gestion|Arts,Travail en equipe|Vente / negociation|Creativite / design|Analyse de donnees / logique,Entrepreneuriat / business|Droit / justice|Communication / medias,Bureau,Entrepreneur / independant,CAA
syn-02313,L,2,3,3,2,Arts|Histoire-Geographie,Creativite / design|Analyse de donnees / logique,Art / design / audiovisuel|Communication / medias|Entrepreneuriat / business,Terrain / exterieur,Entrepreneur / independant|Technique / ingenierie,CAA
syn-02314,Technique genie civil,4,4,4,4,Histoire-Geographie|Informatique / Technologie|Arts,Programmation|Travail en equipe,Tourisme / hotellerie|Technologie / informatique|Communication / medias|Art / design / audiovisuel,Mixte,Creation / design|Gestion / management,TEH
syn-02315,S,4,3,3,4,Mathematiques|Economie / Gestion|SVT,Organisation / gestion de projet|Vente / negociation|Analyse de donnees / logique|Redaction / communication,Agriculture / environnement|Entrepreneuriat / business,Mixte,Technique / ingenierie|Recherche / enseignement,ISAIA
syn-02316,A2,2,4,3,3,Mathematiques|Sport,Vente / negociation|Programmation,Sciences|Droit / justice|Art / design / audiovisuel|Communication / medias,Terrain / exterieur,Commerce / relation client,CAA
syn-02317,A1,2,1,5,2,Histoire-Geographie|SVT,Travail en equipe|Organisation / gestion de projet|Creativite / design,Sante / social|Sciences|Agriculture / environnement|Droit / justice,Terrain / exterieur,Technique / ingenierie,TEE
syn-02318,D,3,3,3,4,Arts|Histoire-Geographie|Economie / Gestion,Creativite / design|Travail en equipe,Finance / comptabilite|Entrepreneuriat / business,Laboratoire,Gestion / management|Technique / ingenierie,EMP
syn-02319,C,4,4,2,3,SVT|Langues etrangeres,Redaction / communication|Travail en equipe|Creativite / design,Tourisme / hotellerie|Communication / medias|Sciences,Mixte,Technique / ingenierie|Entrepreneur / independant,TEE
syn-02320,Technique agricole,3,4,1,4,SVT|Informatique / Technologie,Electronique / bricolage technique|Programmation|Creativite / design|Organisation / gestion de projet,Sciences|Sante / social|Tourisme / hotellerie|Art / design / audiovisuel,Laboratoire,Recherche / enseignement,PIP
syn-02321,A1,4,1,2,4,Mathematiques|Arts,Travail en equipe|Electronique / bricolage technique|Organisation / gestion de projet,Sante / social|Entrepreneuriat / business,Laboratoire,Gestion / management,EMP
syn-02322,D,4,4,3,1,Sport|Informatique / Technologie,Programmation|Travail en equipe|Electronique / bricolage technique,Technologie / informatique|Communication / medias|Tourisme / hotellerie,Bureau,Technique / ingenierie|Commerce / relation client,IGGLIA
syn-02323,A2,4,2,4,2,Economie / Gestion|Informatique / Technologie,Programmation|Organisation / gestion de projet,Finance / comptabilite|Technologie / informatique|Sciences,Laboratoire,Creation / design|Technique / ingenierie,FIC
syn-02324,C,4,3,3,3,Informatique / Technologie|Mathematiques,Travail en equipe|Programmation,Technologie / informatique|Communication / medias|Sante / social,Atelier / usine,Commerce / relation client|Technique / ingenierie,IGGLIA
syn-02325,Technique industrielle,3,4,4,3,Informatique / Technologie|Economie / Gestion,Electronique / bricolage technique|Vente / negociation|Organisation / gestion de projet,Entrepreneuriat / business|Tourisme / hotellerie,Atelier / usine,Gestion / management|Entrepreneur / independant,CAA
syn-02326,A2,2,2,4,5,Economie / Gestion|Histoire-Geographie|Informatique / Technologie,Redaction / communication|Analyse de donnees / logique|Vente / negociation|Programmation,Technologie / informatique|Entrepreneuriat / business|BTP / construction|Droit / justice,Atelier / usine,Commerce / relation client,CAA
syn-02327,C,4,3,2,1,Histoire-Geographie|Economie / Gestion|Physique-Chimie,Travail en equipe|Organisation / gestion de projet,Tourisme / hotellerie|Sante / social|Entrepreneuriat / business|Droit / justice,Mixte,Recherche / enseignement|Technique / ingenierie,GCA
syn-02328,S,1,5,4,5,Informatique / Technologie|Langues etrangeres,Analyse de donnees / logique|Redaction / communication|Electronique / bricolage technique|Programmation,Finance / comptabilite|Technologie / informatique|Communication / medias|Tourisme / hotellerie,Bureau,Commerce / relation client|Technique / ingenierie,ESIIA
syn-02329,Technique agricole,3,3,3,3,Economie / Gestion|Informatique / Technologie,Electronique / bricolage technique|Redaction / communication|Organisation / gestion de projet|Analyse de donnees / logique,Sante / social|Sciences|Finance / comptabilite,Laboratoire,Creation / design,FIC
syn-02330,A1,2,2,3,4,Economie / Gestion|Histoire-Geographie,Redaction / communication|Organisation / gestion de projet|Creativite / design|Programmation,Tourisme / hotellerie|Droit / justice|Sante / social,Bureau,Entrepreneur / independant,EMP
syn-02331,D,4,4,3,3,Arts|Mathematiques|Histoire-Geographie,Creativite / design|Analyse de donnees / logique|Vente / negociation,Art / design / audiovisuel|Communication / medias|Tourisme / hotellerie|Droit / justice,Terrain / exterieur,Gestion / management|Recherche / enseignement,TEH
syn-02332,C,3,3,4,4,Histoire-Geographie|SVT,Creativite / design|Electronique / bricolage technique|Programmation|Analyse de donnees / logique,Communication / medias|Sante / social|Tourisme / hotellerie|BTP / construction,Terrain / exterieur,Commerce / relation client,TEH
syn-02333,L,3,2,4,3,Informatique / Technologie|Physique-Chimie|Francais / Litterature,Analyse de donnees / logique|Programmation|Redaction / communication|Electronique / bricolage technique,Droit / justice|Technologie / informatique|Sciences|BTP / construction,Bureau,Creation / design,DTJA
syn-02334,S,3,3,4,3,Francais / Litterature|Informatique / Technologie|Sport,Programmation|Organisation / gestion de projet|Analyse de donnees / logique|Travail en equipe,Tourisme / hotellerie|Technologie / informatique|Sante / social,Terrain / exterieur,Recherche / enseignement|Technique / ingenierie,IGGLIA
syn-02335,Technique agricole,3,3,3,3,Mathematiques|Physique-Chimie,Redaction / communication|Electronique / bricolage technique|Analyse de donnees / logique,Finance / comptabilite|BTP / construction|Sciences,Laboratoire,Creation / design|Entrepreneur / independant,PIP
syn-02336,C,3,3,4,4,SVT|Histoire-Geographie|Francais / Litterature,Vente / negociation|Creativite / design|Redaction / communication,Droit / justice|Agriculture / environnement|Technologie / informatique|Art / design / audiovisuel,Mixte,Commerce / relation client,CAA
syn-02337,S,4,4,3,1,Arts|Sport,Travail en equipe|Creativite / design|Organisation / gestion de projet|Electronique / bricolage technique,Sante / social|Finance / comptabilite|Communication / medias|Art / design / audiovisuel,Atelier / usine,Gestion / management,IMTICIA
syn-02338,D,3,4,2,5,Informatique / Technologie|Francais / Litterature,Redaction / communication|Analyse de donnees / logique|Programmation,Droit / justice|Communication / medias|Finance / comptabilite,Bureau,Entrepreneur / independant,FIC
syn-02339,D,3,4,1,2,Arts|Langues etrangeres,Programmation|Creativite / design|Organisation / gestion de projet|Redaction / communication,Communication / medias|Sciences,Mixte,Commerce / relation client|Recherche / enseignement,IMTICIA
syn-02340,D,4,3,4,2,SVT|Francais / Litterature,Organisation / gestion de projet|Redaction / communication|Travail en equipe|Electronique / bricolage technique,Art / design / audiovisuel|Sciences|Droit / justice,Atelier / usine,Recherche / enseignement,DTJA
syn-02341,A2,5,2,3,2,SVT|Mathematiques,Analyse de donnees / logique|Creativite / design|Travail en equipe|Redaction / communication,Sciences|Finance / comptabilite|Droit / justice|Technologie / informatique,Laboratoire,Gestion / management,DTJA
syn-02342,L,3,2,4,4,Arts|Histoire-Geographie|Francais / Litterature,Electronique / bricolage technique|Organisation / gestion de projet|Vente / negociation,Communication / medias|BTP / construction,Laboratoire,Entrepreneur / independant,CAA
syn-02343,S,4,4,3,3,Physique-Chimie|SVT|Langues etrangeres,Electronique / bricolage technique|Analyse de donnees / logique|Redaction / communication|Organisation / gestion de projet,Sciences|Agriculture / environnement|Sante / social,Atelier / usine,Recherche / enseignement|Commerce / relation client,PIP
syn-02344,A2,3,3,4,5,Sport|Langues etrangeres,Electronique / bricolage technique|Creativite / design,Agriculture / environnement|Communication / medias,Mixte,Gestion / management|Recherche / enseignement,TEH
syn-02345,D,4,4,3,2,Francais / Litterature|SVT,Travail en equipe|Creativite / design|Redaction / communication|Organisation / gestion de projet,Droit / justice|Entrepreneuriat / business,Bureau,Gestion / management|Technique / ingenierie,DTJA
syn-02346,C,4,3,3,3,Economie / Gestion|Francais / Litterature,Organisation / gestion de projet|Redaction / communication,Sciences|Technologie / informatique,Terrain / exterieur,Recherche / enseignement|Gestion / management,ISAIA
syn-02347,S,3,4,2,4,Economie / Gestion|Langues etrangeres,Organisation / gestion de projet|Vente / negociation|Redaction / communication|Travail en equipe,Finance / comptabilite|Entrepreneuriat / business|BTP / construction|Agriculture / environnement,Atelier / usine,Gestion / management|Technique / ingenierie,CAA
syn-02348,S,3,4,3,2,Physique-Chimie|Langues etrangeres|Informatique / Technologie,Analyse de donnees / logique|Redaction / communication|Electronique / bricolage technique|Organisation / gestion de projet,Communication / medias|BTP / construction,Bureau,Commerce / relation client,GCA
syn-02349,A2,2,2,3,3,Langues etrangeres|Francais / Litterature,Travail en equipe|Electronique / bricolage technique|Redaction / communication|Vente / negociation,Tourisme / hotellerie|Sante / social|Technologie / informatique,Terrain / exterieur,Technique / ingenierie,TEE
syn-02350,L,1,2,4,5,Sport|Economie / Gestion|Langues etrangeres,Travail en equipe|Redaction / communication,Communication / medias|Art / design / audiovisuel|Finance / comptabilite,Mixte,Entrepreneur / independant|Creation / design,CAA
syn-02351,S,3,4,3,4,Histoire-Geographie|Arts|Informatique / Technologie,Creativite / design|Programmation,Entrepreneuriat / business|Art / design / audiovisuel|Communication / medias,Mixte,Entrepreneur / independant|Commerce / relation client,CAA
syn-02352,Technique industrielle,2,4,4,3,Francais / Litterature|Sport,Travail en equipe|Redaction / communication,Tourisme / hotellerie|Sciences,Laboratoire,Recherche / enseignement|Technique / ingenierie,ICMP
syn-02353,A2,2,2,3,4,Physique-Chimie|Francais / Litterature,Analyse de donnees / logique|Electronique / bricolage technique,Communication / medias|Sciences,Terrain / exterieur,Creation / design,EMP
syn-02354,D,1,3,3,2,Informatique / Technologie|Arts,Redaction / communication|Organisation / gestion de projet,Communication / medias|Droit / justice,Bureau,Gestion / management,DTJA
syn-02355,L,2,3,4,2,Francais / Litterature|Langues etrangeres,Electronique / bricolage technique|Redaction / communication,Communication / medias|Technologie / informatique|Entrepreneuriat / business|Droit / justice,Terrain / exterieur,Gestion / management,DTJA
syn-02356,S,4,5,2,2,Sport|Economie / Gestion,Organisation / gestion de projet|Programmation|Vente / negociation|Travail en equipe,Entrepreneuriat / business|Tourisme / hotellerie|BTP / construction,Mixte,Creation / design,CAA
syn-02357,Technique industrielle,2,4,3,3,SVT|Physique-Chimie,Electronique / bricolage technique|Analyse de donnees / logique,Finance / comptabilite|Tourisme / hotellerie,Mixte,Creation / design|Recherche / enseignement,EMII
syn-02358,S,3,4,3,3,Informatique / Technologie|Histoire-Geographie|SVT,Electronique / bricolage technique|Analyse de donnees / logique|Organisation / gestion de projet|Programmation,Tourisme / hotellerie|Droit / justice|Entrepreneuriat / business,Bureau,Creation / design,IMTICIA
syn-02359,Technique agricole,3,2,2,2,Histoire-Geographie|Physique-Chimie|SVT,Analyse de donnees / logique|Programmation|Electronique / bricolage technique,Tourisme / hotellerie|Sciences|Technologie / informatique,Mixte,Entrepreneur / independant|Recherche / enseignement,TEH
syn-02360,A2,1,2,1,4,Histoire-Geographie|Physique-Chimie|Langues etrangeres,Analyse de donnees / logique|Creativite / design,Sciences|Communication / medias|BTP / construction|Tourisme / hotellerie,Bureau,Technique / ingenierie|Recherche / enseignement,TEH
syn-02361,C,4,4,3,4,Mathematiques|Economie / Gestion,Creativite / design|Electronique / bricolage technique,Entrepreneuriat / business|Art / design / audiovisuel|Droit / justice,Mixte,Recherche / enseignement,GCA
syn-02362,C,3,4,2,2,Francais / Litterature|SVT|Langues etrangeres,Analyse de donnees / logique|Redaction / communication|Programmation,Communication / medias|Sciences,Laboratoire,Commerce / relation client|Technique / ingenierie,PIP
syn-02363,S,3,5,4,4,SVT|Economie / Gestion|Histoire-Geographie,Vente / negociation|Analyse de donnees / logique|Organisation / gestion de projet|Creativite / design,Art / design / audiovisuel|Droit / justice,Bureau,Recherche / enseignement,AEE
syn-02364,C,2,5,2,4,Physique-Chimie|Economie / Gestion|Langues etrangeres,Analyse de donnees / logique|Organisation / gestion de projet|Redaction / communication|Creativite / design,Sante / social|Tourisme / hotellerie|Technologie / informatique|Droit / justice,Terrain / exterieur,Creation / design,PIP
syn-02365,D,4,3,4,3,Langues etrangeres|Economie / Gestion|Physique-Chimie,Creativite / design|Vente / negociation,Entrepreneuriat / business|Art / design / audiovisuel|Agriculture / environnement,Bureau,Commerce / relation client,CAA
syn-02366,S,3,4,4,2,Langues etrangeres|Sport|Arts,Travail en equipe|Organisation / gestion de projet|Vente / negociation|Redaction / communication,BTP / construction|Art / design / audiovisuel,Laboratoire,Recherche / enseignement|Gestion / management,IAA
syn-02367,Technique industrielle,2,3,4,3,Langues etrangeres|Sport|Mathematiques,Redaction / communication|Programmation,Tourisme / hotellerie|Droit / justice|Sante / social|Sciences,Laboratoire,Commerce / relation client,TEH
syn-02368,C,4,3,2,2,Mathematiques|SVT,Electronique / bricolage technique|Programmation|Analyse de donnees / logique,Sciences|Finance / comptabilite|Agriculture / environnement,Bureau,Gestion / management|Commerce / relation client,ISAIA
syn-02369,S,4,4,3,2,Mathematiques|Langues etrangeres|Sport,Programmation|Analyse de donnees / logique,Finance / comptabilite|Entrepreneuriat / business|Sciences|Tourisme / hotellerie,Terrain / exterieur,Entrepreneur / independant|Creation / design,ISAIA
syn-02370,D,3,5,3,1,Histoire-Geographie|Physique-Chimie|Langues etrangeres,Travail en equipe|Programmation,BTP / construction|Droit / justice,Mixte,Recherche / enseignement|Technique / ingenierie,ICMP
syn-02371,C,4,4,3,3,Francais / Litterature|Histoire-Geographie|Mathematiques,Organisation / gestion de projet|Redaction / communication|Vente / negociation|Analyse de donnees / logique,Communication / medias|Sciences|Tourisme / hotellerie|Finance / comptabilite,Atelier / usine,Recherche / enseignement,ISAIA
syn-02372,Technique agricole,3,3,3,4,Sport|Mathematiques|SVT,Electronique / bricolage technique|Travail en equipe,Agriculture / environnement|Sciences,Mixte,Gestion / management|Entrepreneur / independant,FIC
syn-02373,D,4,5,3,2,SVT|Sport,Electronique / bricolage technique|Redaction / communication,Tourisme / hotellerie|Technologie / informatique|BTP / construction,Atelier / usine,Technique / ingenierie,EMII
syn-02374,C,3,5,1,3,Physique-Chimie|Mathematiques|Francais / Litterature,Redaction / communication|Analyse de donnees / logique|Organisation / gestion de projet,Communication / medias|Sciences|Sante / social|Finance / comptabilite,Terrain / exterieur,Entrepreneur / independant,ICMP
syn-02375,A1,4,4,3,3,Physique-Chimie|Economie / Gestion|Informatique / Technologie,Analyse de donnees / logique|Vente / negociation|Electronique / bricolage technique,Sciences|Finance / comptabilite|Entrepreneuriat / business|BTP / construction,Bureau,Technique / ingenierie|Creation / design,FIC
syn-02376,A1,3,3,3,2,Arts|Histoire-Geographie,Organisation / gestion de projet|Travail en equipe|Electronique / bricolage technique|Programmation,Tourisme / hotellerie|Droit / justice,Laboratoire,Recherche / enseignement|Entrepreneur / independant,TEE
syn-02377,Technique genie civil,3,4,2,2,Informatique / Technologie|Histoire-Geographie,Electronique / bricolage technique|Organisation / gestion de projet|Travail en equipe,Technologie / informatique|Tourisme / hotellerie|Sante / social|Communication / medias,Terrain / exterieur,Gestion / management,EMP
syn-02378,C,4,3,3,2,Physique-Chimie|Langues etrangeres|Economie / Gestion,Organisation / gestion de projet|Redaction / communication,BTP / construction|Communication / medias|Entrepreneuriat / business,Terrain / exterieur,Gestion / management,FIC
syn-02379,C,2,3,3,3,Physique-Chimie|Histoire-Geographie|Sport,Analyse de donnees / logique|Travail en equipe|Programmation|Electronique / bricolage technique,Entrepreneuriat / business|Art / design / audiovisuel,Mixte,Entrepreneur / independant,ESIIA
syn-02380,A1,3,3,2,4,Sport|SVT,Vente / negociation|Travail en equipe,Agriculture / environnement|Technologie / informatique,Mixte,Recherche / enseignement,CAA
syn-02381,S,4,4,4,3,SVT|Economie / Gestion,Programmation|Electronique / bricolage technique|Redaction / communication|Analyse de donnees / logique,Sciences|Art / design / audiovisuel|Agriculture / environnement|Tourisme / hotellerie,Mixte,Entrepreneur / independant|Technique / ingenierie,TEE
syn-02382,A2,4,1,4,2,Histoire-Geographie|Francais / Litterature,Redaction / communication|Analyse de donnees / logique|Programmation,Communication / medias|Art / design / audiovisuel,Laboratoire,Creation / design|Technique / ingenierie,DTJA
syn-02383,D,5,3,4,3,Informatique / Technologie|SVT|Histoire-Geographie,Analyse de donnees / logique|Programmation|Electronique / bricolage technique|Redaction / communication,Art / design / audiovisuel|Droit / justice|Finance / comptabilite,Mixte,Gestion / management,DTJA
syn-02384,S,3,3,3,2,Informatique / Technologie|Francais / Litterature,Programmation|Electronique / bricolage technique|Redaction / communication,Tourisme / hotellerie|Sante / social,Atelier / usine,Technique / ingenierie,ESIIA
syn-02385,S,3,3,3,1,Langues etrangeres|Mathematiques|Francais / Litterature,Vente / negociation|Redaction / communication,Sciences|Finance / comptabilite|Technologie / informatique|Agriculture / environnement,Bureau,Entrepreneur / independant,IGGLIA
syn-02386,A1,4,3,4,3,Francais / Litterature|SVT|Sport,Creativite / design|Vente / negociation,Communication / medias|Finance / comptabilite,Bureau,Entrepreneur / independant,TEE
syn-02387,A2,2,3,3,4,Informatique / Technologie|Economie / Gestion,Vente / negociation|Programmation,Communication / medias|Sante / social,Mixte,Gestion / management|Recherche / enseignement,CAA
syn-02388,A2,4,1,4,3,Sport|Arts,Vente / negociation|Organisation / gestion de projet|Travail en equipe,Art / design / audiovisuel|Tourisme / hotellerie|Entrepreneuriat / business|Finance / comptabilite,Bureau,Entrepreneur / independant,TEH
syn-02389,S,4,3,3,3,Sport|SVT,Travail en equipe|Organisation / gestion de projet,Art / design / audiovisuel|Agriculture / environnement,Terrain / exterieur,Commerce / relation client,AEE
syn-02390,A1,3,4,3,2,Informatique / Technologie|Economie / Gestion,Organisation / gestion de projet|Electronique / bricolage technique,BTP / construction|Technologie / informatique,Bureau,Commerce / relation client|Creation / design,FIC
syn-02391,Technique agricole,2,3,2,2,Langues etrangeres|Francais / Litterature,Electronique / bricolage technique|Vente / negociation,BTP / construction|Droit / justice|Tourisme / hotellerie,Mixte,Commerce / relation client|Creation / design,TEH
syn-02392,D,3,3,4,2,SVT|Informatique / Technologie|Economie / Gestion,Electronique / bricolage technique|Vente / negociation|Organisation / gestion de projet|Analyse de donnees / logique,BTP / construction|Agriculture / environnement|Sciences,Mixte,Gestion / management,IAA
syn-02393,S,3,4,3,1,Mathematiques|Economie / Gestion,Vente / negociation|Travail en equipe|Programmation,Entrepreneuriat / business|Agriculture / environnement|Sciences,Mixte,Technique / ingenierie|Entrepreneur / independant,ICMP
syn-02394,S,4,3,3,3,Sport|Arts|Mathematiques,Programmation|Analyse de donnees / logique|Redaction / communication,Communication / medias|Sante / social|Finance / comptabilite,Atelier / usine,Technique / ingenierie|Entrepreneur / independant,ISAIA
syn-02395,Technique genie civil,3,3,2,3,Sport|Informatique / Technologie,Travail en equipe|Programmation|Electronique / bricolage technique,Technologie / informatique|Entrepreneuriat / business,Mixte,Commerce / relation client|Entrepreneur / independant,CAA
syn-02396,D,4,4,4,1,Informatique / Technologie|Sport|Mathematiques,Electronique / bricolage technique|Analyse de donnees / logique|Redaction / communication|Travail en equipe,Finance / comptabilite|Technologie / informatique|Sciences|Droit / justice,Bureau,Commerce / relation client|Recherche / enseignement,ISAIA
syn-02397,L,3,3,2,2,Sport|Mathematiques,Analyse de donnees / logique|Programmation,Finance / comptabilite|Communication / medias|BTP / construction|Tourisme / hotellerie,Laboratoire,Technique / ingenierie,FIC
syn-02398,D,3,3,2,3,Francais / Litterature|Sport,Analyse de donnees / logique|Travail en equipe|Organisation / gestion de projet,Entrepreneuriat / business|Technologie / informatique,Atelier / usine,Commerce / relation client,IGGLIA
syn-02399,S,4,4,3,4,Histoire-Geographie|Economie / Gestion,Vente / negociation|Analyse de donnees / logique,Agriculture / environnement|Finance / comptabilite,Terrain / exterieur,Recherche / enseignement,FIC
syn-02400,D,4,5,5,4,Langues etrangeres|SVT|Mathematiques,Redaction / communication|Analyse de donnees / logique,Agriculture / environnement|Sciences|BTP / construction,Atelier / usine,Gestion / management,AEE
syn-02401,C,3,5,4,3,Physique-Chimie|SVT|Arts,Analyse de donnees / logique|Electronique / bricolage technique|Creativite / design,Finance / comptabilite|Sciences|Agriculture / environnement,Bureau,Entrepreneur / independant|Commerce / relation client,IAA
syn-02402,A2,2,3,4,3,Francais / Litterature|Langues etrangeres|Sport,Programmation|Redaction / communication|Travail en equipe|Electronique / bricolage technique,Tourisme / hotellerie|Finance / comptabilite|Technologie / informatique,Mixte,Creation / design|Gestion / management,DTJA
syn-02403,D,5,3,2,3,Arts|Mathematiques,Analyse de donnees / logique|Electronique / bricolage technique,Finance / comptabilite|Droit / justice|Communication / medias|Agriculture / environnement,Terrain / exterieur,Gestion / management|Technique / ingenierie,ISAIA
syn-02404,A1,3,3,3,4,Mathematiques|Sport,Travail en equipe|Analyse de donnees / logique,Entrepreneuriat / business|Sciences|BTP / construction|Agriculture / environnement,Bureau,Gestion / management|Creation / design,FIC
syn-02405,S,4,4,3,2,Francais / Litterature|Physique-Chimie,Electronique / bricolage technique|Organisation / gestion de projet|Travail en equipe,Droit / justice|Agriculture / environnement|Finance / comptabilite|Technologie / informatique,Bureau,Gestion / management|Creation / design,EMII
syn-02406,S,3,3,4,3,SVT|Sport,Creativite / design|Analyse de donnees / logique,Sante / social|Technologie / informatique,Mixte,Commerce / relation client,TEH
syn-02407,D,2,2,2,2,Mathematiques|SVT,Programmation|Creativite / design|Organisation / gestion de projet|Electronique / bricolage technique,Tourisme / hotellerie|BTP / construction|Entrepreneuriat / business|Sciences,Mixte,Recherche / enseignement|Gestion / management,GCA
syn-02408,D,1,4,2,3,Francais / Litterature|Economie / Gestion|Sport,Electronique / bricolage technique|Programmation,Entrepreneuriat / business|Sante / social|Communication / medias|Tourisme / hotellerie,Atelier / usine,Entrepreneur / independant|Creation / design,PIP
syn-02409,A2,2,2,4,3,Arts|Langues etrangeres,Creativite / design|Redaction / communication|Analyse de donnees / logique,Tourisme / hotellerie|Droit / justice,Laboratoire,Recherche / enseignement|Entrepreneur / independant,TEH
syn-02410,S,5,4,3,3,Mathematiques|Francais / Litterature|Sport,Analyse de donnees / logique|Redaction / communication|Electronique / bricolage technique|Programmation,Communication / medias|Droit / justice|Finance / comptabilite|Sciences,Bureau,Technique / ingenierie,IGGLIA
syn-02411,S,3,3,3,3,Economie / Gestion|Francais / Litterature,Creativite / design|Travail en equipe|Organisation / gestion de projet|Programmation,Entrepreneuriat / business|Technologie / informatique|Finance / comptabilite,Terrain / exterieur,Entrepreneur / independant,EMP
syn-02412,A1,1,3,4,3,Francais / Litterature|SVT,Redaction / communication|Electronique / bricolage technique|Travail en equipe|Analyse de donnees / logique,Sciences|Sante / social|Communication / medias,Mixte,Technique / ingenierie,DTJA
syn-02413,S,2,3,4,2,Informatique / Technologie|Langues etrangeres|SVT,Electronique / bricolage technique|Organisation / gestion de projet|Programmation,Art / design / audiovisuel|Technologie / informatique|Sante / social|Communication / medias,Atelier / usine,Entrepreneur / independant,IMTICIA
syn-02414,D,4,5,3,2,Physique-Chimie|Langues etrangeres|Sport,Electronique / bricolage technique|Travail en equipe,Communication / medias|Sciences|Tourisme / hotellerie,Terrain / exterieur,Creation / design,EMII
syn-02415,A2,3,2,3,2,Francais / Litterature|Arts,Vente / negociation|Redaction / communication,Droit / justice|Communication / medias,Atelier / usine,Recherche / enseignement,TEE
syn-02416,A2,5,2,5,3,Arts|Langues etrangeres,Electronique / bricolage technique|Vente / negociation|Redaction / communication,Art / design / audiovisuel|Communication / medias,Mixte,Technique / ingenierie|Creation / design,TEH
syn-02417,L,3,2,2,3,Francais / Litterature|Arts,Organisation / gestion de projet|Creativite / design,Droit / justice|Communication / medias|Sante / social|BTP / construction,Atelier / usine,Commerce / relation client,FIC
syn-02418,D,3,5,3,3,Arts|Mathematiques|Economie / Gestion,Programmation|Creativite / design|Analyse de donnees / logique,Agriculture / environnement|Communication / medias|Finance / comptabilite,Bureau,Commerce / relation client|Creation / design,FIC
syn-02419,A1,2,3,2,4,Langues etrangeres|Informatique / Technologie|Sport,Electronique / bricolage technique|Creativite / design,Agriculture / environnement|Technologie / informatique|Entrepreneuriat / business|Tourisme / hotellerie,Terrain / exterieur,Technique / ingenierie,TEE
syn-02420,A1,3,2,3,3,Physique-Chimie|Mathematiques|Langues etrangeres,Redaction / communication|Travail en equipe|Electronique / bricolage technique,Tourisme / hotellerie|Sciences,Atelier / usine,Commerce / relation client,TEH
syn-02421,L,2,2,4,3,Economie / Gestion|Histoire-Geographie,Vente / negociation|Electronique / bricolage technique|Creativite / design,Art / design / audiovisuel|Droit / justice,Terrain / exterieur,Recherche / enseignement|Entrepreneur / independant,CAA
syn-02422,A2,1,3,2,3,Economie / Gestion|SVT,Creativite / design|Programmation,Sciences|Finance / comptabilite|Sante / social|Agriculture / environnement,Bureau,Entrepreneur / independant|Recherche / enseignement,FIC
syn-02423,A2,4,3,2,4,Mathematiques|Francais / Litterature,Analyse de donnees / logique|Travail en equipe,Droit / justice|Sante / social|Sciences|Entrepreneuriat / business,Terrain / exterieur,Entrepreneur / independant|Gestion / management,EMP
syn-02424,S,5,3,3,3,Physique-Chimie|Mathematiques,Analyse de donnees / logique|Travail en equipe,BTP / construction|Finance / comptabilite|Sciences,Laboratoire,Commerce / relation client|Entrepreneur / independant,ISAIA
syn-02425,Technique industrielle,4,3,1,4,Histoire-Geographie|SVT,Redaction / communication|Programmation,Technologie / informatique|Agriculture / environnement|Sciences,Bureau,Creation / design|Technique / ingenierie,IGGLIA
syn-02426,D,3,4,4,3,Informatique / Technologie|Mathematiques,Electronique / bricolage technique|Programmation|Creativite / design,Tourisme / hotellerie|Art / design / audiovisuel|Entrepreneuriat / business|Sciences,Bureau,Gestion / management|Creation / design,IMTICIA
syn-02427,S,5,5,2,4,Histoire-Geographie|Economie / Gestion,Creativite / design|Organisation / gestion de projet,Art / design / audiovisuel|Finance / comptabilite|Droit / justice|Tourisme / hotellerie,Terrain / exterieur,Recherche / enseignement|Creation / design,FIC
syn-02428,D,3,5,4,1,Francais / Litterature|SVT,Redaction / communication|Travail en equipe|Analyse de donnees / logique|Programmation,Communication / medias|Sciences,Atelier / usine,Recherche / enseignement,PIP
syn-02429,Technique industrielle,4,2,3,3,Francais / Litterature|Langues etrangeres|Informatique / Technologie,Vente / negociation|Programmation|Redaction / communication,Droit / justice|Sante / social,Mixte,Gestion / management,DTJA
syn-02430,D,3,5,3,1,Economie / Gestion|SVT|Physique-Chimie,Vente / negociation|Programmation,Technologie / informatique|Agriculture / environnement|Sciences,Terrain / exterieur,Gestion / management,PIP
syn-02431,Technique industrielle,2,2,5,4,SVT|Francais / Litterature,Travail en equipe|Organisation / gestion de projet,Agriculture / environnement|Droit / justice|Communication / medias|Technologie / informatique,Atelier / usine,Commerce / relation client|Entrepreneur / independant,DTJA
syn-02432,D,2,5,3,4,Physique-Chimie|SVT,Programmation|Electronique / bricolage technique|Travail en equipe|Vente / negociation,Art / design / audiovisuel|BTP / construction|Agriculture / environnement|Droit / justice,Mixte,Recherche / enseignement,AEE
syn-02433,S,4,2,4,3,Histoire-Geographie|Arts,Creativite / design|Vente / negociation,Art / design / audiovisuel|Tourisme / hotellerie|Droit / justice|Technologie / informatique,Bureau,Technique / ingenierie|Gestion / management,DTJA
syn-02434,D,4,3,4,2,Physique-Chimie|Economie / Gestion,Analyse de donnees / logique|Redaction / communication|Electronique / bricolage technique|Organisation / gestion de projet,Droit / justice|Sciences,Laboratoire,Recherche / enseignement|Entrepreneur / independant,DTJA
syn-02435,S,5,4,3,2,Informatique / Technologie|SVT|Langues etrangeres,Organisation / gestion de projet|Travail en equipe|Analyse de donnees / logique,Entrepreneuriat / business|Sante / social|BTP / construction|Art / design / audiovisuel,Mixte,Commerce / relation client|Technique / ingenierie,GCA
syn-02436,C,5,4,3,3,Langues etrangeres|Francais / Litterature|Mathematiques,Redaction / communication|Creativite / design|Travail en equipe,BTP / construction|Technologie / informatique|Sciences,Bureau,Gestion / management|Technique / ingenierie,GCA
syn-02437,Technique genie civil,3,3,2,3,Langues etrangeres|Histoire-Geographie|Mathematiques,Organisation / gestion de projet|Travail en equipe,Technologie / informatique|Sante / social|Tourisme / hotellerie,Mixte,Technique / ingenierie,TEH
syn-02438,Technique agricole,4,5,4,3,Physique-Chimie|Francais / Litterature|Mathematiques,Creativite / design|Electronique / bricolage technique,BTP / construction|Droit / justice|Communication / medias|Finance / comptabilite,Bureau,Entrepreneur / independant|Gestion / management,IAA
syn-02439,Technique agricole,2,4,2,3,SVT|Langues etrangeres|Mathematiques,Vente / negociation|Redaction / communication|Electronique / bricolage technique,Finance / comptabilite|Tourisme / hotellerie,Bureau,Commerce / relation client|Creation / design,CAA
syn-02440,Technique industrielle,5,3,5,4,Physique-Chimie|Informatique / Technologie,Electronique / bricolage technique|Organisation / gestion de projet|Programmation|Analyse de donnees / logique,Technologie / informatique|BTP / construction,Bureau,Entrepreneur / independant,IGGLIA
syn-02441,A2,2,2,4,5,Francais / Litterature|Sport,Travail en equipe|Redaction / communication|Programmation|Creativite / design,Droit / justice|Communication / medias|Tourisme / hotellerie,Atelier / usine,Technique / ingenierie|Commerce / relation client,TEE
syn-02442,L,1,1,4,3,Francais / Litterature|Economie / Gestion|Arts,Travail en equipe|Creativite / design|Vente / negociation|Redaction / communication,Droit / justice|Sante / social,Terrain / exterieur,Technique / ingenierie,CAA
syn-02443,D,3,4,4,3,Physique-Chimie|Informatique / Technologie|SVT,Analyse de donnees / logique|Programmation,Sante / social|Communication / medias|Sciences|BTP / construction,Terrain / exterieur,Creation / design,ICMP
syn-02444,C,4,3,3,3,SVT|Arts|Francais / Litterature,Creativite / design|Travail en equipe,Tourisme / hotellerie|Sciences|Droit / justice,Mixte,Recherche / enseignement|Commerce / relation client,TEH
syn-02445,D,3,4,2,3,SVT|Sport|Langues etrangeres,Travail en equipe|Programmation|Redaction / communication,Agriculture / environnement|Technologie / informatique,Mixte,Entrepreneur / independant,AEE
syn-02446,D,3,3,3,3,SVT|Economie / Gestion,Organisation / gestion de projet|Vente / negociation,Entrepreneuriat / business|Finance / comptabilite|Communication / medias|BTP / construction,Atelier / usine,Technique / ingenierie|Entrepreneur / independant,CAA
syn-02447,C,3,4,4,4,Economie / Gestion|Sport|Informatique / Technologie,Vente / negociation|Travail en equipe,Entrepreneuriat / business|Finance / comptabilite,Laboratoire,Entrepreneur / independant|Technique / ingenierie,CAA
syn-02448,D,2,3,4,3,Histoire-Geographie|Langues etrangeres|Physique-Chimie,Electronique / bricolage technique|Organisation / gestion de projet,Sante / social|Droit / justice|Agriculture / environnement|Sciences,Atelier / usine,Commerce / relation client,TEE
syn-02449,Technique genie civil,5,3,4,4,Sport|Langues etrangeres,Travail en equipe|Analyse de donnees / logique|Vente / negociation,Communication / medias|Sante / social|Tourisme / hotellerie,Mixte,Creation / design|Technique / ingenierie,TEH
syn-02450,S,2,4,4,2,Informatique / Technologie|Sport,Programmation|Electronique / bricolage technique|Creativite / design|Travail en equipe,Art / design / audiovisuel|Sante / social|Droit / justice,Bureau,Gestion / management,ESIIA
syn-02451,S,3,3,2,2,Sport|Physique-Chimie|Economie / Gestion,Vente / negociation|Organisation / gestion de projet,BTP / construction|Sante / social,Bureau,Gestion / management|Technique / ingenierie,ISAIA
syn-02452,C,3,5,4,3,Francais / Litterature|SVT,Redaction / communication|Organisation / gestion de projet,BTP / construction|Finance / comptabilite,Mixte,Gestion / management|Entrepreneur / independant,IAA
syn-02453,D,4,2,3,2,Francais / Litterature|Sport|Langues etrangeres,Electronique / bricolage technique|Redaction / communication|Programmation|Creativite / design,Technologie / informatique|Sante / social,Atelier / usine,Technique / ingenierie|Commerce / relation client,IGGLIA
syn-02454,S,3,3,3,3,Histoire-Geographie|Sport|Informatique / Technologie,Programmation|Electronique / bricolage technique|Vente / negociation,Technologie / informatique|Droit / justice|Art / design / audiovisuel|Sante / social,Bureau,Commerce / relation client,IGGLIA
syn-02455,S,3,4,3,1,Francais / Litterature|SVT|Informatique / Technologie,Redaction / communication|Electronique / bricolage technique,Entrepreneuriat / business|Finance / comptabilite|Art / design / audiovisuel,Terrain / exterieur,Commerce / relation client|Gestion / management,ESIIA
syn-02456,A2,2,2,3,2,Informatique / Technologie|Mathematiques,Analyse de donnees / logique|Vente / negociation|Programmation|Organisation / gestion de projet,Finance / comptabilite|Droit / justice|Technologie / informatique,Atelier / usine,Entrepreneur / independant|Recherche / enseignement,CAA
syn-02457,S,4,3,4,2,Francais / Litterature|Physique-Chimie|Langues etrangeres,Redaction / communication|Programmation,Entrepreneuriat / business|Tourisme / hotellerie|Agriculture / environnement,Bureau,Technique / ingenierie|Recherche / enseignement,TEE
syn-02458,S,5,3,3,3,Economie / Gestion|Physique-Chimie|Langues etrangeres,Redaction / communication|Vente / negociation|Electronique / bricolage technique|Creativite / design,Art / design / audiovisuel|Droit / justice|Finance / comptabilite,Atelier / usine,Creation / design|Commerce / relation client,EMII
syn-02459,D,3,2,5,3,Economie / Gestion|Sport|Francais / Litterature,Vente / negociation|Organisation / gestion de projet,Finance / comptabilite|Technologie / informatique,Laboratoire,Technique / ingenierie,FIC
syn-02460,D,3,3,2,5,SVT|Economie / Gestion|Histoire-Geographie,Travail en equipe|Vente / negociation|Organisation / gestion de projet|Programmation,Sciences|Droit / justice,Terrain / exterieur,Gestion / management,EMP
syn-02461,S,3,5,3,2,Arts|Physique-Chimie,Travail en equipe|Creativite / design,Sante / social|Tourisme / hotellerie|Finance / comptabilite|Communication / medias,Bureau,Gestion / management,PIP
syn-02462,Technique genie civil,4,4,2,3,Histoire-Geographie|Sport|Arts,Programmation|Creativite / design|Electronique / bricolage technique,Droit / justice|Tourisme / hotellerie|Agriculture / environnement|Technologie / informatique,Laboratoire,Entrepreneur / independant|Recherche / enseignement,DTJA
syn-02463,Technique industrielle,3,4,3,2,Langues etrangeres|Informatique / Technologie|Histoire-Geographie,Organisation / gestion de projet|Redaction / communication|Electronique / bricolage technique,Tourisme / hotellerie|Technologie / informatique|Communication / medias|Droit / justice,Atelier / usine,Recherche / enseignement|Gestion / management,DTJA
syn-02464,S,4,4,3,4,Langues etrangeres|SVT|Francais / Litterature,Travail en equipe|Redaction / communication,Communication / medias|Art / design / audiovisuel|Sante / social,Mixte,Gestion / management|Technique / ingenierie,DTJA
syn-02465,C,5,5,3,3,SVT|Physique-Chimie|Mathematiques,Electronique / bricolage technique|Analyse de donnees / logique|Travail en equipe,Sciences|Finance / comptabilite,Bureau,Commerce / relation client|Recherche / enseignement,ISAIA
syn-02466,S,3,3,3,3,Arts|SVT,Creativite / design|Redaction / communication,Technologie / informatique|Agriculture / environnement|Sciences|Art / design / audiovisuel,Bureau,Recherche / enseignement,IMTICIA
syn-02467,D,2,5,3,2,Langues etrangeres|Arts,Redaction / communication|Electronique / bricolage technique,Communication / medias|Tourisme / hotellerie,Bureau,Gestion / management,IMTICIA
syn-02468,Technique industrielle,3,3,1,3,Mathematiques|Francais / Litterature,Electronique / bricolage technique|Analyse de donnees / logique,Communication / medias|Droit / justice|Sciences|Finance / comptabilite,Bureau,Entrepreneur / independant|Technique / ingenierie,ISAIA
syn-02469,A2,3,1,4,4,Histoire-Geographie|Arts|Langues etrangeres,Electronique / bricolage technique|Creativite / design|Organisation / gestion de projet,Tourisme / hotellerie|Droit / justice|Communication / medias,Mixte,Creation / design|Gestion / management,TEH
syn-02470,D,3,4,3,3,Histoire-Geographie|Langues etrangeres,Redaction / communication|Electronique / bricolage technique|Vente / negociation|Creativite / design,BTP / construction|Droit / justice|Art / design / audiovisuel|Communication / medias,Bureau,Creation / design,IMTICIA
syn-02471,A2,1,3,4,5,Economie / Gestion|Informatique / Technologie,Electronique / bricolage technique|Programmation,Technologie / informatique|Entrepreneuriat / business|Sante / social|Art / design / audiovisuel,Mixte,Creation / design,CAA
syn-02472,C,3,4,5,3,Sport|SVT,Travail en equipe|Organisation / gestion de projet|Electronique / bricolage technique|Analyse de donnees / logique,Agriculture / environnement|Droit / justice,Bureau,Entrepreneur / independant|Creation / design,AEE
syn-02473,A2,3,2,3,3,Economie / Gestion|SVT,Creativite / design|Programmation,Technologie / informatique|Entrepreneuriat / business|Finance / comptabilite,Mixte,Entrepreneur / independant,CAA
syn-02474,L,1,3,1,3,Informatique / Technologie|Economie / Gestion,Vente / negociation|Organisation / gestion de projet|Travail en equipe|Programmation,BTP / construction|Technologie / informatique|Finance / comptabilite,Laboratoire,Entrepreneur / independant,EMP
syn-02475,D,3,5,3,2,SVT|Mathematiques|Informatique / Technologie,Programmation|Analyse de donnees / logique|Travail en equipe,Sante / social|Finance / comptabilite|Agriculture / environnement|BTP / construction,Bureau,Technique / ingenierie,IGGLIA
syn-02476,Technique genie civil,4,5,4,3,Economie / Gestion|SVT|Informatique / Technologie,Redaction / communication|Organisation / gestion de projet,Entrepreneuriat / business|Art / design / audiovisuel|Sciences|Communication / medias,Atelier / usine,Gestion / management|Commerce / relation client,CAA
syn-02477,S,2,3,3,3,Francais / Litterature|Informatique / Technologie,Electronique / bricolage technique|Travail en equipe|Programmation|Organisation / gestion de projet,Technologie / informatique|Communication / medias|Droit / justice,Mixte,Entrepreneur / independant,IGGLIA
syn-02478,C,3,4,3,3,SVT|Sport,Redaction / communication|Travail en equipe,Agriculture / environnement|Sciences|Entrepreneuriat / business|Technologie / informatique,Laboratoire,Technique / ingenierie|Entrepreneur / independant,AEE
syn-02479,C,4,2,2,2,SVT|Sport|Histoire-Geographie,Programmation|Organisation / gestion de projet|Analyse de donnees / logique,Sante / social|Agriculture / environnement|Communication / medias|Droit / justice,Bureau,Creation / design,ISAIA
syn-02480,Technique industrielle,3,4,4,2,Histoire-Geographie|Arts|Sport,Creativite / design|Programmation|Travail en equipe,Art / design / audiovisuel|Agriculture / environnement|Droit / justice,Mixte,Technique / ingenierie|Creation / design,IMTICIA
syn-02481,A2,1,3,1,4,Informatique / Technologie|Arts,Programmation|Creativite / design|Electronique / bricolage technique,Communication / medias|Art / design / audiovisuel,Laboratoire,Entrepreneur / independant,CAA
syn-02482,Technique agricole,2,4,3,3,Langues etrangeres|Physique-Chimie,Analyse de donnees / logique|Vente / negociation|Programmation,Tourisme / hotellerie|Art / design / audiovisuel|Sciences,Bureau,Entrepreneur / independant|Recherche / enseignement,PIP
syn-02483,A2,3,4,3,2,Arts|Francais / Litterature,Redaction / communication|Creativite / design|Vente / negociation,Art / design / audiovisuel|Communication / medias|Sciences|BTP / construction,Mixte,Commerce / relation client,CAA
syn-02484,S,3,4,2,2,Sport|Informatique / Technologie,Organisation / gestion de projet|Creativite / design,Sante / social|Technologie / informatique,Bureau,Creation / design,IMTICIA
syn-02485,L,2,2,3,4,Histoire-Geographie|SVT|Economie / Gestion,Electronique / bricolage technique|Creativite / design,Art / design / audiovisuel|BTP / construction|Sante / social,Mixte,Recherche / enseignement|Technique / ingenierie,TEE
syn-02486,S,4,2,3,2,Economie / Gestion|Sport|SVT,Creativite / design|Organisation / gestion de projet|Vente / negociation|Programmation,Technologie / informatique|Entrepreneuriat / business|BTP / construction|Sante / social,Bureau,Entrepreneur / independant,IGGLIA
syn-02487,C,3,3,4,2,Francais / Litterature|Physique-Chimie|Mathematiques,Analyse de donnees / logique|Organisation / gestion de projet|Electronique / bricolage technique|Creativite / design,Finance / comptabilite|Sciences|Agriculture / environnement,Mixte,Creation / design|Recherche / enseignement,ISAIA
syn-02488,C,5,3,4,2,Histoire-Geographie|Arts|SVT,Travail en equipe|Vente / negociation|Creativite / design|Electronique / bricolage technique,Agriculture / environnement|Art / design / audiovisuel|Droit / justice,Mixte,Gestion / management,DTJA
syn-02489,D,3,2,2,2,Arts|Physique-Chimie|Langues etrangeres,Redaction / communication|Organisation / gestion de projet,Communication / medias|Sciences|Art / design / audiovisuel,Bureau,Recherche / enseignement|Gestion / management,PIP
syn-02490,D,5,3,3,3,Arts|Langues etrangeres|Informatique / Technologie,Redaction / communication|Analyse de donnees / logique|Vente / negociation,Art / design / audiovisuel|Finance / comptabilite|Technologie / informatique,Bureau,Creation / design|Recherche / enseignement,ISAIA
syn-02491,A1,1,3,2,2,Economie / Gestion|SVT,Analyse de donnees / logique|Vente / negociation|Organisation / gestion de projet|Travail en equipe,Finance / comptabilite|BTP / construction,Mixte,Creation / design,FIC
syn-02492,L,2,2,3,4,Arts|Economie / Gestion|Physique-Chimie,Creativite / design|Programmation,Agriculture / environnement|Art / design / audiovisuel,Atelier / usine,Creation / design,EMP
syn-02493,S,4,3,3,5,Physique-Chimie|Economie / Gestion|Histoire-Geographie,Analyse de donnees / logique|Electronique / bricolage technique|Vente / negociation|Programmation,Tourisme / hotellerie|Communication / medias|Finance / comptabilite|BTP / construction,Terrain / exterieur,Entrepreneur / independant,FIC
syn-02494,L,1,2,3,3,Francais / Litterature|SVT|Arts,Redaction / communication|Vente / negociation|Creativite / design,Tourisme / hotellerie|BTP / construction,Bureau,Commerce / relation client,TEH
syn-02495,C,4,2,2,3,Francais / Litterature|Informatique / Technologie,Programmation|Redaction / communication|Analyse de donnees / logique|Electronique / bricolage technique,Agriculture / environnement|Communication / medias,Laboratoire,Creation / design,IGGLIA
syn-02496,C,5,3,2,3,Physique-Chimie|Informatique / Technologie|Mathematiques,Electronique / bricolage technique|Analyse de donnees / logique,Droit / justice|Technologie / informatique|Sciences|Finance / comptabilite,Terrain / exterieur,Entrepreneur / independant|Creation / design,ISAIA
syn-02497,D,3,3,3,4,Economie / Gestion|Langues etrangeres,Vente / negociation|Organisation / gestion de projet|Redaction / communication|Electronique / bricolage technique,Sciences|Communication / medias|Entrepreneuriat / business|Finance / comptabilite,Laboratoire,Gestion / management|Commerce / relation client,CAA
syn-02498,A2,1,3,3,2,Langues etrangeres|Arts|Economie / Gestion,Analyse de donnees / logique|Redaction / communication|Vente / negociation|Travail en equipe,Droit / justice|Communication / medias,Mixte,Technique / ingenierie|Commerce / relation client,CAA
syn-02499,D,3,3,4,2,Francais / Litterature|Langues etrangeres|Informatique / Technologie,Redaction / communication|Electronique / bricolage technique,BTP / construction|Communication / medias,Terrain / exterieur,Commerce / relation client|Gestion / management,TEE
syn-02500,S,2,3,3,3,Langues etrangeres|Mathematiques|Histoire-Geographie,Creativite / design|Travail en equipe,Entrepreneuriat / business|Sciences,Atelier / usine,Technique / ingenierie,TEH
syn-02501,D,4,4,3,2,Mathematiques|Informatique / Technologie|Histoire-Geographie,Vente / negociation|Programmation|Analyse de donnees / logique,Technologie / informatique|Communication / medias|Droit / justice,Mixte,Technique / ingenierie|Creation / design,ISAIA
syn-02502,Technique industrielle,3,2,2,4,Histoire-Geographie|Economie / Gestion,Redaction / communication|Creativite / design,BTP / construction|Sante / social|Communication / medias,Mixte,Technique / ingenierie,IMTICIA
syn-02503,S,3,4,2,4,Economie / Gestion|SVT|Histoire-Geographie,Programmation|Organisation / gestion de projet|Analyse de donnees / logique|Vente / negociation,Sciences|Tourisme / hotellerie,Terrain / exterieur,Creation / design,FIC
syn-02504,D,3,3,3,2,Mathematiques|Langues etrangeres|Arts,Travail en equipe|Programmation|Analyse de donnees / logique|Redaction / communication,Art / design / audiovisuel|BTP / construction|Tourisme / hotellerie,Laboratoire,Creation / design|Entrepreneur / independant,IMTICIA
syn-02505,S,3,1,4,4,Langues etrangeres|SVT|Sport,Redaction / communication|Travail en equipe,Tourisme / hotellerie|Communication / medias|Sciences|Finance / comptabilite,Atelier / usine,Recherche / enseignement|Entrepreneur / independant,TEH
syn-02506,Technique genie civil,3,4,2,2,Mathematiques|Economie / Gestion,Organisation / gestion de projet|Creativite / design|Vente / negociation,Entrepreneuriat / business|Sciences|Droit / justice|Finance / comptabilite,Bureau,Technique / ingenierie,CAA
syn-02507,S,4,5,2,3,Physique-Chimie|Economie / Gestion|Informatique / Technologie,Programmation|Electronique / bricolage technique|Vente / negociation,Art / design / audiovisuel|Communication / medias|Entrepreneuriat / business|Technologie / informatique,Terrain / exterieur,Commerce / relation client|Technique / ingenierie,IGGLIA
syn-02508,A2,4,2,3,4,Physique-Chimie|Sport|SVT,Analyse de donnees / logique|Electronique / bricolage technique,Sciences|Sante / social|Technologie / informatique,Mixte,Commerce / relation client,PIP
syn-02509,S,5,4,3,3,Mathematiques|SVT|Histoire-Geographie,Organisation / gestion de projet|Electronique / bricolage technique,Art / design / audiovisuel|Entrepreneuriat / business,Bureau,Commerce / relation client|Creation / design,ISAIA
syn-02510,A2,2,2,4,4,Francais / Litterature|Sport|Histoire-Geographie,Organisation / gestion de projet|Travail en equipe|Programmation|Electronique / bricolage technique,Communication / medias|Art / design / audiovisuel|Finance / comptabilite,Terrain / exterieur,Commerce / relation client|Creation / design,TEE
syn-02511,C,3,5,2,3,Sport|Histoire-Geographie|Physique-Chimie,Travail en equipe|Electronique / bricolage technique|Analyse de donnees / logique|Creativite / design,Sciences|Art / design / audiovisuel|BTP / construction|Droit / justice,Terrain / exterieur,Technique / ingenierie,ICMP
syn-02512,A2,3,3,4,3,Physique-Chimie|Arts|Sport,Programmation|Creativite / design,Sciences|BTP / construction|Communication / medias|Sante / social,Bureau,Recherche / enseignement,PIP
syn-02513,Technique industrielle,4,5,2,3,Histoire-Geographie|Francais / Litterature,Vente / negociation|Redaction / communication|Travail en equipe|Organisation / gestion de projet,Droit / justice|Tourisme / hotellerie,Terrain / exterieur,Recherche / enseignement,EMII
syn-02514,S,4,4,3,2,Francais / Litterature|Arts|Informatique / Technologie,Redaction / communication|Programmation|Analyse de donnees / logique|Creativite / design,Technologie / informatique|Communication / medias,Mixte,Technique / ingenierie,IGGLIA
syn-02515,C,4,5,3,3,Mathematiques|Sport,Analyse de donnees / logique|Redaction / communication|Electronique / bricolage technique,Sciences|Agriculture / environnement,Terrain / exterieur,Creation / design,ISAIA
syn-02516,A1,4,2,5,5,Langues etrangeres|Informatique / Technologie,Organisation / gestion de projet|Programmation|Electronique / bricolage technique,Communication / medias|Entrepreneuriat / business,Atelier / usine,Gestion / management,CAA
syn-02517,A2,2,2,3,4,Informatique / Technologie|Economie / Gestion,Electronique / bricolage technique|Vente / negociation,Sciences|Entrepreneuriat / business,Terrain / exterieur,Creation / design|Commerce / relation client,CAA
syn-02518,L,2,3,3,3,Francais / Litterature|Sport,Electronique / bricolage technique|Organisation / gestion de projet|Travail en equipe,Communication / medias|Sciences|BTP / construction,Atelier / usine,Gestion / management,FIC
syn-02519,C,3,5,3,2,Informatique / Technologie|Physique-Chimie|Economie / Gestion,Creativite / design|Electronique / bricolage technique,Finance / comptabilite|Entrepreneuriat / business|BTP / construction|Technologie / informatique,Terrain / exterieur,Recherche / enseignement|Gestion / management,ICMP
syn-02520,A1,4,4,2,3,Physique-Chimie|Arts,Analyse de donnees / logique|Redaction / communication,Sciences|Art / design / audiovisuel,Atelier / usine,Commerce / relation client,CAA
syn-02521,D,3,4,3,3,SVT|Informatique / Technologie|Mathematiques,Programmation|Electronique / bricolage technique|Redaction / communication,Tourisme / hotellerie|Finance / comptabilite|Technologie / informatique,Terrain / exterieur,Technique / ingenierie,IGGLIA
syn-02522,A2,2,3,2,3,Informatique / Technologie|Sport,Vente / negociation|Travail en equipe,Technologie / informatique|BTP / construction,Bureau,Recherche / enseignement|Entrepreneur / independant,CAA
syn-02523,D,3,4,3,3,SVT|Physique-Chimie,Creativite / design|Electronique / bricolage technique,Technologie / informatique|Sante / social,Bureau,Commerce / relation client,IMTICIA
syn-02524,L,5,2,5,2,Francais / Litterature|Mathematiques|Sport,Electronique / bricolage technique|Analyse de donnees / logique,Droit / justice|Technologie / informatique|Sciences,Laboratoire,Recherche / enseignement,DTJA
syn-02525,L,3,4,5,2,Physique-Chimie|SVT|Arts,Creativite / design|Redaction / communication|Electronique / bricolage technique|Analyse de donnees / logique,Droit / justice|Entrepreneuriat / business,Laboratoire,Commerce / relation client,DTJA
syn-02526,S,4,1,5,1,Francais / Litterature|Langues etrangeres|Mathematiques,Electronique / bricolage technique|Organisation / gestion de projet,Communication / medias|Droit / justice|Tourisme / hotellerie|Art / design / audiovisuel,Bureau,Commerce / relation client|Entrepreneur / independant,TEE
syn-02527,D,4,4,1,4,Physique-Chimie|Sport,Organisation / gestion de projet|Redaction / communication|Electronique / bricolage technique,Tourisme / hotellerie|Sante / social|Sciences|Agriculture / environnement,Laboratoire,Recherche / enseignement|Entrepreneur / independant,PIP
syn-02528,S,4,5,4,2,Francais / Litterature|Arts|Physique-Chimie,Electronique / bricolage technique|Creativite / design|Analyse de donnees / logique|Travail en equipe,BTP / construction|Agriculture / environnement|Sciences,Bureau,Technique / ingenierie,ICMP
syn-02529,S,5,2,4,3,Histoire-Geographie|Physique-Chimie|SVT,Electronique / bricolage technique|Redaction / communication|Analyse de donnees / logique|Vente / negociation,Communication / medias|Entrepreneuriat / business|Droit / justice|Sciences,Mixte,Entrepreneur / independant,ISAIA
syn-02530,D,4,4,4,3,Economie / Gestion|Histoire-Geographie,Electronique / bricolage technique|Redaction / communication,Entrepreneuriat / business|Sciences|Finance / comptabilite|Communication / medias,Laboratoire,Creation / design,EMP
syn-02531,L,2,3,4,4,SVT|Arts,Programmation|Electronique / bricolage technique|Creativite / design|Analyse de donnees / logique,Tourisme / hotellerie|Agriculture / environnement|Sciences|BTP / construction,Bureau,Gestion / management|Creation / design,TEH
syn-02532,D,4,4,3,2,SVT|Physique-Chimie|Histoire-Geographie,Analyse de donnees / logique|Creativite / design|Electronique / bricolage technique,Tourisme / hotellerie|BTP / construction|Sciences,Bureau,Recherche / enseignement,PIP
syn-02533,Technique genie civil,5,4,4,4,Physique-Chimie|Economie / Gestion|Sport,Travail en equipe|Vente / negociation|Creativite / design,Technologie / informatique|BTP / construction|Finance / comptabilite|Sciences,Terrain / exterieur,Entrepreneur / independant,GCA
syn-02534,A2,2,3,3,2,Informatique / Technologie|Mathematiques,Programmation|Redaction / communication|Vente / negociation|Organisation / gestion de projet,Technologie / informatique|Art / design / audiovisuel|Sante / social,Mixte,Commerce / relation client|Entrepreneur / independant,CAA
syn-02535,L,3,2,3,2,Langues etrangeres|Physique-Chimie,Analyse de donnees / logique|Creativite / design|Redaction / communication,Sante / social|BTP / construction|Communication / medias,Mixte,Commerce / relation client,TEH
syn-02536,D,3,2,3,4,Sport|Francais / Litterature,Travail en equipe|Creativite / design|Redaction / communication|Electronique / bricolage technique,Agriculture / environnement|Droit / justice|Communication / medias|Sciences,Bureau,Gestion / management|Recherche / enseignement,DTJA
syn-02537,S,4,3,3,4,Langues etrangeres|Sport,Travail en equipe|Vente / negociation|Programmation|Redaction / communication,Tourisme / hotellerie|Communication / medias,Mixte,Entrepreneur / independant,TEH
syn-02538,C,5,4,3,2,Francais / Litterature|Physique-Chimie,Electronique / bricolage technique|Redaction / communication|Programmation,Sciences|BTP / construction|Technologie / informatique,Bureau,Commerce / relation client,ESIIA
syn-02539,A2,3,3,3,3,Arts|SVT,Creativite / design|Electronique / bricolage technique,Sciences|Communication / medias,Laboratoire,Gestion / management,PIP
syn-02540,D,4,2,4,3,Sport|Francais / Litterature,Travail en equipe|Redaction / communication|Programmation,Droit / justice|Agriculture / environnement,Mixte,Commerce / relation client,DTJA
syn-02541,Technique industrielle,4,3,4,2,Economie / Gestion|Mathematiques,Vente / negociation|Analyse de donnees / logique|Organisation / gestion de projet|Redaction / communication,Sante / social|Finance / comptabilite|Sciences|Art / design / audiovisuel,Laboratoire,Recherche / enseignement,ISAIA
syn-02542,Technique industrielle,5,3,3,4,Sport|Economie / Gestion,Organisation / gestion de projet|Analyse de donnees / logique|Travail en equipe|Vente / negociation,Agriculture / environnement|Finance / comptabilite|Droit / justice|BTP / construction,Terrain / exterieur,Commerce / relation client|Gestion / management,FIC
syn-02543,A1,3,2,4,4,Physique-Chimie|SVT,Programmation|Electronique / bricolage technique|Vente / negociation|Travail en equipe,Sante / social|BTP / construction|Tourisme / hotellerie|Communication / medias,Bureau,Commerce / relation client|Creation / design,TEH
syn-02544,C,4,4,3,4,Economie / Gestion|Histoire-Geographie,Vente / negociation|Creativite / design|Organisation / gestion de projet|Analyse de donnees / logique,Tourisme / hotellerie|Droit / justice|Sante / social,Mixte,Technique / ingenierie,ISAIA
syn-02545,D,3,2,3,3,Arts|Langues etrangeres,Electronique / bricolage technique|Creativite / design,Sciences|Tourisme / hotellerie|Communication / medias,Bureau,Gestion / management|Recherche / enseignement,IMTICIA
syn-02546,C,4,5,3,3,Sport|Mathematiques,Organisation / gestion de projet|Travail en equipe,Entrepreneuriat / business|BTP / construction|Finance / comptabilite|Art / design / audiovisuel,Mixte,Creation / design|Entrepreneur / independant,FIC
syn-02547,Technique industrielle,4,4,2,1,SVT|Histoire-Geographie,Redaction / communication|Programmation|Electronique / bricolage technique|Vente / negociation,Tourisme / hotellerie|Sante / social,Mixte,Recherche / enseignement|Technique / ingenierie,EMII
syn-02548,A1,2,3,3,2,Arts|Physique-Chimie,Programmation|Creativite / design|Electronique / bricolage technique|Analyse de donnees / logique,Agriculture / environnement|Communication / medias|Tourisme / hotellerie|BTP / construction,Laboratoire,Technique / ingenierie|Recherche / enseignement,TEH
syn-02549,S,4,3,3,3,Informatique / Technologie|SVT,Programmation|Electronique / bricolage technique|Redaction / communication|Vente / negociation,Sante / social|Sciences|Art / design / audiovisuel|Agriculture / environnement,Bureau,Recherche / enseignement,IGGLIA
syn-02550,A2,2,2,4,2,Arts|Informatique / Technologie,Programmation|Creativite / design|Vente / negociation,Agriculture / environnement|Technologie / informatique,Mixte,Gestion / management,TEH
syn-02551,A1,3,2,4,3,Economie / Gestion|Langues etrangeres|Francais / Litterature,Electronique / bricolage technique|Redaction / communication|Analyse de donnees / logique|Vente / negociation,Sciences|Communication / medias,Mixte,Creation / design,TEE
syn-02552,D,4,4,4,3,SVT|Mathematiques|Arts,Analyse de donnees / logique|Programmation|Redaction / communication|Creativite / design,Sante / social|Sciences,Bureau,Entrepreneur / independant|Recherche / enseignement,PIP
syn-02553,C,2,3,2,3,Langues etrangeres|Histoire-Geographie|Francais / Litterature,Analyse de donnees / logique|Programmation|Electronique / bricolage technique,Technologie / informatique|Tourisme / hotellerie|Communication / medias,Bureau,Commerce / relation client,TEH
syn-02554,Technique genie civil,3,4,5,4,Langues etrangeres|SVT,Vente / negociation|Electronique / bricolage technique|Creativite / design|Analyse de donnees / logique,Sciences|BTP / construction|Sante / social|Entrepreneuriat / business,Atelier / usine,Entrepreneur / independant|Commerce / relation client,CAA
syn-02555,A2,4,3,3,2,Francais / Litterature|Mathematiques|Sport,Vente / negociation|Travail en equipe,Finance / comptabilite|Agriculture / environnement|Droit / justice|Sciences,Mixte,Gestion / management,CAA
syn-02556,C,4,4,2,2,Informatique / Technologie|Histoire-Geographie|Mathematiques,Organisation / gestion de projet|Electronique / bricolage technique,Tourisme / hotellerie|Droit / justice,Bureau,Creation / design,ESIIA
syn-02557,S,4,4,2,3,Francais / Litterature|Mathematiques|Economie / Gestion,Redaction / communication|Analyse de donnees / logique,Communication / medias|Droit / justice|Finance / comptabilite,Mixte,Creation / design|Gestion / management,FIC
syn-02558,D,3,3,3,4,Physique-Chimie|Histoire-Geographie|Francais / Litterature,Programmation|Organisation / gestion de projet|Analyse de donnees / logique|Electronique / bricolage technique,Tourisme / hotellerie|Sciences|Entrepreneuriat / business|Art / design / audiovisuel,Bureau,Entrepreneur / independant|Creation / design,ISAIA
syn-02559,D,2,5,4,4,Arts|SVT|Langues etrangeres,Analyse de donnees / logique|Redaction / communication,Technologie / informatique|BTP / construction,Terrain / exterieur,Entrepreneur / independant|Technique / ingenierie,EMII
syn-02560,D,3,5,1,4,Mathematiques|Arts,Organisation / gestion de projet|Programmation,Sciences|Art / design / audiovisuel|Agriculture / environnement|Communication / medias,Mixte,Creation / design|Commerce / relation client,IMTICIA
syn-02561,D,3,4,5,3,Francais / Litterature|Physique-Chimie|Langues etrangeres,Organisation / gestion de projet|Electronique / bricolage technique,Droit / justice|Communication / medias|BTP / construction|Tourisme / hotellerie,Mixte,Commerce / relation client|Recherche / enseignement,TEH
syn-02562,S,1,3,3,3,Mathematiques|Physique-Chimie|Informatique / Technologie,Programmation|Analyse de donnees / logique|Electronique / bricolage technique|Vente / negociation,Technologie / informatique|BTP / construction,Mixte,Technique / ingenierie|Gestion / management,ESIIA
syn-02563,C,3,2,4,4,Mathematiques|Economie / Gestion,Vente / negociation|Organisation / gestion de projet|Electronique / bricolage technique,Communication / medias|Entrepreneuriat / business,Terrain / exterieur,Commerce / relation client|Recherche / enseignement,CAA
syn-02564,A1,3,2,3,5,Economie / Gestion|Histoire-Geographie,Redaction / communication|Creativite / design|Vente / negociation|Travail en equipe,Finance / comptabilite|Tourisme / hotellerie|Droit / justice|Technologie / informatique,Terrain / exterieur,Creation / design|Technique / ingenierie,EMP
syn-02565,Technique agricole,3,3,3,4,Francais / Litterature|Langues etrangeres|Histoire-Geographie,Redaction / communication|Electronique / bricolage technique,Communication / medias|Droit / justice|Sante / social,Mixte,Gestion / management|Creation / design,DTJA
syn-02566,S,2,4,4,2,Economie / Gestion|SVT|Arts,Redaction / communication|Vente / negociation|Travail en equipe,Art / design / audiovisuel|BTP / construction|Finance / comptabilite,Mixte,Entrepreneur / independant|Gestion / management,CAA
syn-02567,C,3,3,2,4,Economie / Gestion|Physique-Chimie|Informatique / Technologie,Analyse de donnees / logique|Programmation|Electronique / bricolage technique|Vente / negociation,Finance / comptabilite|Sciences|Art / design / audiovisuel,Atelier / usine,Commerce / relation client|Gestion / management,EMP
syn-02568,A1,4,3,5,2,Langues etrangeres|Francais / Litterature|Economie / Gestion,Electronique / bricolage technique|Redaction / communication|Travail en equipe,Entrepreneuriat / business|Tourisme / hotellerie,Bureau,Creation / design,TEE
syn-02569,L,1,1,2,4,Histoire-Geographie|SVT,Creativite / design|Electronique / bricolage technique,Droit / justice|Sciences|Agriculture / environnement|Entrepreneuriat / business,Terrain / exterieur,Recherche / enseignement|Entrepreneur / independant,CAA
syn-02570,A1,1,4,3,3,Histoire-Geographie|Francais / Litterature|Langues etrangeres,Programmation|Redaction / communication|Vente / negociation|Creativite / design,Art / design / audiovisuel|Droit / justice,Terrain / exterieur,Entrepreneur / independant,DTJA
syn-02571,S,3,4,3,5,Informatique / Technologie|Physique-Chimie|Langues etrangeres,Programmation|Redaction / communication|Electronique / bricolage technique|Analyse de donnees / logique,Tourisme / hotellerie|Sciences|BTP / construction|Communication / medias,Terrain / exterieur,Commerce / relation client|Entrepreneur / independant,ICMP
syn-02572,A2,3,3,2,3,Physique-Chimie|Sport,Analyse de donnees / logique|Electronique / bricolage technique|Vente / negociation|Travail en equipe,Sciences|Sante / social|BTP / construction,Bureau,Commerce / relation client|Gestion / management,PIP
syn-02573,D,3,3,2,3,Mathematiques|Francais / Litterature|Informatique / Technologie,Programmation|Travail en equipe|Analyse de donnees / logique,Communication / medias|Finance / comptabilite|Technologie / informatique,Mixte,Recherche / enseignement,ISAIA
syn-02574,A2,2,3,5,1,Informatique / Technologie|Histoire-Geographie|Arts,Vente / negociation|Creativite / design|Programmation,Communication / medias|Droit / justice,Laboratoire,Recherche / enseignement,DTJA
syn-02575,L,3,3,4,3,Mathematiques|Sport|SVT,Vente / negociation|Organisation / gestion de projet,Sante / social|Tourisme / hotellerie,Laboratoire,Commerce / relation client|Creation / design,TEH
syn-02576,S,3,4,3,5,SVT|Langues etrangeres|Mathematiques,Creativite / design|Redaction / communication|Organisation / gestion de projet|Travail en equipe,Sciences|Communication / medias,Terrain / exterieur,Recherche / enseignement,AEE
syn-02577,S,3,3,2,3,Informatique / Technologie|Physique-Chimie,Electronique / bricolage technique|Vente / negociation|Creativite / design,Sciences|Technologie / informatique|BTP / construction|Agriculture / environnement,Terrain / exterieur,Gestion / management,ESIIA
syn-02578,L,3,4,3,5,Sport|Economie / Gestion,Programmation|Organisation / gestion de projet,Communication / medias|Entrepreneuriat / business,Bureau,Commerce / relation client,CAA
syn-02579,S,3,2,2,4,Physique-Chimie|Histoire-Geographie|Economie / Gestion,Analyse de donnees / logique|Electronique / bricolage technique,Finance / comptabilite|Sciences|BTP / construction,Atelier / usine,Commerce / relation client|Gestion / management,EMII
syn-02580,C,2,3,2,4,Francais / Litterature|Mathematiques,Redaction / communication|Creativite / design|Vente / negociation|Programmation,BTP / construction|Droit / justice|Agriculture / environnement|Sciences,Laboratoire,Commerce / relation client,CAA
syn-02581,Technique genie civil,2,3,3,3,Histoire-Geographie|Francais / Litterature|Sport,Electronique / bricolage technique|Programmation,Tourisme / hotellerie|Art / design / audiovisuel,Mixte,Commerce / relation client|Recherche / enseignement,TEH
syn-02582,D,4,4,3,2,Francais / Litterature|Physique-Chimie|Histoire-Geographie,Redaction / communication|Organisation / gestion de projet|Programmation|Electronique / bricolage technique,Tourisme / hotellerie|Communication / medias|Droit / justice|Sciences,Mixte,Gestion / management|Recherche / enseignement,DTJA
syn-02583,D,4,3,4,4,Mathematiques|Histoire-Geographie,Travail en equipe|Electronique / bricolage technique|Analyse de donnees / logique|Programmation,Technologie / informatique|Sciences,Mixte,Gestion / management,ISAIA
syn-02584,A2,3,3,3,3,Langues etrangeres|Informatique / Technologie,Vente / negociation|Travail en equipe|Electronique / bricolage technique|Redaction / communication,Communication / medias|Finance / comptabilite|Technologie / informatique,Bureau,Entrepreneur / independant,CAA
syn-02585,D,1,3,3,3,SVT|Sport|Economie / Gestion,Electronique / bricolage technique|Organisation / gestion de projet,Agriculture / environnement|Art / design / audiovisuel,Terrain / exterieur,Commerce / relation client,AEE
syn-02586,L,4,3,2,5,Histoire-Geographie|Francais / Litterature|Sport,Analyse de donnees / logique|Vente / negociation|Travail en equipe,Droit / justice|Communication / medias|Technologie / informatique,Bureau,Recherche / enseignement,FIC
syn-02587,S,4,4,2,2,Histoire-Geographie|Sport,Analyse de donnees / logique|Travail en equipe,Droit / justice|Entrepreneuriat / business,Terrain / exterieur,Commerce / relation client,ICMP
syn-02588,C,4,3,4,5,Langues etrangeres|Physique-Chimie,Travail en equipe|Electronique / bricolage technique|Redaction / communication|Analyse de donnees / logique,BTP / construction|Tourisme / hotellerie|Sciences,Terrain / exterieur,Creation / design,ESIIA
syn-02589,C,5,2,2,4,Mathematiques|Arts,Electronique / bricolage technique|Creativite / design|Analyse de donnees / logique,Finance / comptabilite|Agriculture / environnement|Droit / justice|Communication / medias,Laboratoire,Entrepreneur / independant,ISAIA
syn-02590,S,4,3,3,3,Sport|Physique-Chimie,Electronique / bricolage technique|Travail en equipe,Finance / comptabilite|Sciences|Agriculture / environnement,Mixte,Entrepreneur / independant|Recherche / enseignement,PIP
syn-02591,D,4,3,2,4,SVT|Histoire-Geographie,Electronique / bricolage technique|Creativite / design|Analyse de donnees / logique,Agriculture / environnement|Droit / justice|Sciences|Communication / medias,Mixte,Commerce / relation client|Creation / design,IAA
syn-02592,L,3,2,3,3,Langues etrangeres|Informatique / Technologie,Programmation|Creativite / design|Redaction / communication,Communication / medias|Sciences,Mixte,Commerce / relation client,CAA
syn-02593,D,4,3,4,3,Informatique / Technologie|Sport|Mathematiques,Analyse de donnees / logique|Organisation / gestion de projet|Programmation|Electronique / bricolage technique,Sante / social|Art / design / audiovisuel,Terrain / exterieur,Entrepreneur / independant|Commerce / relation client,EMP
syn-02594,D,4,3,3,3,SVT|Francais / Litterature|Histoire-Geographie,Organisation / gestion de projet|Vente / negociation|Redaction / communication|Creativite / design,Sante / social|Droit / justice,Bureau,Commerce / relation client,DTJA
syn-02595,L,3,2,4,4,Economie / Gestion|Arts,Organisation / gestion de projet|Creativite / design|Vente / negociation|Electronique / bricolage technique,Communication / medias|Entrepreneuriat / business,Mixte,Recherche / enseignement,CAA
syn-02596,Technique industrielle,2,3,2,3,Economie / Gestion|Francais / Litterature,Vente / negociation|Analyse de donnees / logique|Creativite / design,Art / design / audiovisuel|Finance / comptabilite|Agriculture / environnement,Bureau,Entrepreneur / independant,IMTICIA
syn-02597,D,3,2,3,3,Sport|SVT|Informatique / Technologie,Programmation|Electronique / bricolage technique,Tourisme / hotellerie|Sciences|Art / design / audiovisuel|Finance / comptabilite,Mixte,Gestion / management,FIC
syn-02598,D,4,4,2,1,Arts|Informatique / Technologie|Mathematiques,Creativite / design|Analyse de donnees / logique,Communication / medias|Finance / comptabilite|Tourisme / hotellerie,Bureau,Gestion / management,ISAIA
syn-02599,D,4,3,3,2,Mathematiques|Economie / Gestion|Francais / Litterature,Redaction / communication|Vente / negociation,Sciences|Communication / medias|Entrepreneuriat / business|Finance / comptabilite,Laboratoire,Creation / design|Entrepreneur / independant,CAA
syn-02600,A2,2,1,4,2,Sport|Langues etrangeres,Travail en equipe|Redaction / communication|Programmation,Agriculture / environnement|Tourisme / hotellerie|Communication / medias|BTP / construction,Mixte,Creation / design|Gestion / management,TEE
syn-02601,C,3,4,2,3,Informatique / Technologie|Mathematiques,Programmation|Creativite / design,Tourisme / hotellerie|Sciences|Finance / comptabilite|Entrepreneuriat / business,Laboratoire,Gestion / management,ISAIA
syn-02602,S,2,2,3,3,Histoire-Geographie|SVT,Redaction / communication|Electronique / bricolage technique|Travail en equipe|Programmation,Sante / social|Droit / justice|Sciences|Entrepreneuriat / business,Bureau,Commerce / relation client|Gestion / management,DTJA
syn-02603,Technique genie civil,3,4,2,2,Physique-Chimie|SVT|Sport,Travail en equipe|Organisation / gestion de projet|Analyse de donnees / logique|Creativite / design,Finance / comptabilite|Droit / justice|Entrepreneuriat / business,Mixte,Creation / design|Technique / ingenierie,FIC
syn-02604,S,4,4,4,3,Economie / Gestion|Physique-Chimie|Mathematiques,Redaction / communication|Vente / negociation|Analyse de donnees / logique,Finance / comptabilite|Sciences,Laboratoire,Recherche / enseignement,ISAIA
syn-02605,D,3,2,3,3,SVT|Informatique / Technologie|Langues etrangeres,Organisation / gestion de projet|Electronique / bricolage technique,Technologie / informatique|Tourisme / hotellerie|Sante / social|Sciences,Atelier / usine,Commerce / relation client,TEH
syn-02606,A1,1,3,3,4,Arts|Informatique / Technologie,Redaction / communication|Programmation|Creativite / design,Entrepreneuriat / business|Communication / medias|Art / design / audiovisuel|Technologie / informatique,Terrain / exterieur,Recherche / enseignement,CAA
syn-02607,Technique genie civil,3,4,4,4,Economie / Gestion|Sport|Informatique / Technologie,Travail en equipe|Organisation / gestion de projet|Electronique / bricolage technique|Creativite / design,Finance / comptabilite|Communication / medias,Atelier / usine,Commerce / relation client|Entrepreneur / independant,FIC
syn-02608,A2,3,3,3,4,Economie / Gestion|Francais / Litterature|Langues etrangeres,Redaction / communication|Organisation / gestion de projet,Communication / medias|Entrepreneuriat / business,Laboratoire,Commerce / relation client,CAA
syn-02609,A2,2,3,3,4,SVT|Mathematiques,Vente / negociation|Analyse de donnees / logique|Organisation / gestion de projet|Electronique / bricolage technique,Entrepreneuriat / business|Communication / medias|Sciences,Mixte,Commerce / relation client,CAA
syn-02610,A2,2,2,3,4,Histoire-Geographie|Langues etrangeres|Informatique / Technologie,Travail en equipe|Electronique / bricolage technique,Sante / social|Tourisme / hotellerie|Technologie / informatique|Entrepreneuriat / business,Bureau,Entrepreneur / independant|Recherche / enseignement,TEH
syn-02611,A2,4,3,3,4,Physique-Chimie|Arts,Electronique / bricolage technique|Analyse de donnees / logique|Vente / negociation,Sante / social|Sciences|Art / design / audiovisuel|Entrepreneuriat / business,Mixte,Commerce / relation client,CAA
syn-02612,D,3,3,4,3,SVT|Histoire-Geographie,Travail en equipe|Programmation|Creativite / design,Sciences|Droit / justice,Bureau,Entrepreneur / independant,IAA
syn-02613,S,4,3,2,3,Physique-Chimie|Arts|SVT,Programmation|Creativite / design,Sciences|Tourisme / hotellerie|Sante / social|BTP / construction,Mixte,Gestion / management,ISAIA
syn-02614,D,4,5,1,3,Informatique / Technologie|Sport,Electronique / bricolage technique|Creativite / design|Travail en equipe,Technologie / informatique|Finance / comptabilite|BTP / construction,Bureau,Creation / design|Gestion / management,EMII
syn-02615,A2,3,3,4,3,Francais / Litterature|Histoire-Geographie,Programmation|Electronique / bricolage technique,Droit / justice|Sciences|Tourisme / hotellerie,Bureau,Gestion / management,DTJA
syn-02616,L,2,3,5,4,Arts|Physique-Chimie,Creativite / design|Analyse de donnees / logique|Organisation / gestion de projet,Sciences|Agriculture / environnement|Art / design / audiovisuel,Mixte,Entrepreneur / independant,EMP
syn-02617,D,4,4,3,4,Sport|Langues etrangeres,Travail en equipe|Analyse de donnees / logique,Communication / medias|Art / design / audiovisuel,Mixte,Gestion / management|Entrepreneur / independant,FIC
syn-02618,D,3,4,2,2,Langues etrangeres|Physique-Chimie,Analyse de donnees / logique|Electronique / bricolage technique|Redaction / communication,Art / design / audiovisuel|Communication / medias,Mixte,Gestion / management,EMII
syn-02619,Technique industrielle,2,4,2,4,SVT|Informatique / Technologie|Francais / Litterature,Electronique / bricolage technique|Travail en equipe|Programmation,Droit / justice|Communication / medias|Technologie / informatique,Bureau,Commerce / relation client,IMTICIA
syn-02620,D,4,4,1,2,Sport|Arts|Informatique / Technologie,Programmation|Redaction / communication|Creativite / design|Travail en equipe,Sante / social|Technologie / informatique|BTP / construction|Finance / comptabilite,Mixte,Entrepreneur / independant,IMTICIA
syn-02621,D,2,5,4,3,Physique-Chimie|Arts|Histoire-Geographie,Redaction / communication|Electronique / bricolage technique,Tourisme / hotellerie|Technologie / informatique|Droit / justice|Sciences,Bureau,Gestion / management,EMP
syn-02622,C,4,2,3,4,Economie / Gestion|SVT|Histoire-Geographie,Travail en equipe|Organisation / gestion de projet|Vente / negociation,Sciences|Agriculture / environnement|Sante / social|Entrepreneuriat / business,Bureau,Creation / design|Technique / ingenierie,CAA
syn-02623,A1,1,3,3,2,Francais / Litterature|Arts,Electronique / bricolage technique|Programmation|Redaction / communication|Creativite / design,BTP / construction|Sciences|Art / design / audiovisuel|Sante / social,Atelier / usine,Entrepreneur / independant,TEE
syn-02624,S,5,4,3,4,Economie / Gestion|Informatique / Technologie|Langues etrangeres,Programmation|Organisation / gestion de projet|Vente / negociation|Analyse de donnees / logique,BTP / construction|Tourisme / hotellerie,Terrain / exterieur,Technique / ingenierie,GCA
syn-02625,S,4,3,2,3,Langues etrangeres|SVT,Redaction / communication|Analyse de donnees / logique,Sciences|Agriculture / environnement,Mixte,Creation / design|Commerce / relation client,AEE
syn-02626,S,4,2,2,2,Arts|SVT|Economie / Gestion,Organisation / gestion de projet|Creativite / design|Vente / negociation|Redaction / communication,Communication / medias|Droit / justice,Bureau,Entrepreneur / independant,CAA
syn-02627,Technique industrielle,5,3,2,3,SVT|Arts,Redaction / communication|Creativite / design|Electronique / bricolage technique,Sciences|Art / design / audiovisuel|Sante / social,Atelier / usine,Commerce / relation client|Entrepreneur / independant,EMII
syn-02628,L,3,2,3,4,Informatique / Technologie|Sport,Programmation|Electronique / bricolage technique|Vente / negociation,Tourisme / hotellerie|Entrepreneuriat / business|Agriculture / environnement,Mixte,Creation / design,CAA
syn-02629,A2,2,3,3,3,Langues etrangeres|Sport,Travail en equipe|Electronique / bricolage technique|Analyse de donnees / logique,Entrepreneuriat / business|Agriculture / environnement|Technologie / informatique,Bureau,Entrepreneur / independant,CAA
syn-02630,D,2,4,3,3,Physique-Chimie|Langues etrangeres,Analyse de donnees / logique|Creativite / design|Travail en equipe|Redaction / communication,Communication / medias|Droit / justice,Bureau,Creation / design|Technique / ingenierie,ICMP
syn-02631,D,2,3,2,2,Informatique / Technologie|Physique-Chimie,Programmation|Vente / negociation|Electronique / bricolage technique,Sciences|Entrepreneuriat / business|Finance / comptabilite,Atelier / usine,Gestion / management,ESIIA
syn-02632,L,2,3,3,4,Informatique / Technologie|Histoire-Geographie|Langues etrangeres,Vente / negociation|Electronique / bricolage technique|Creativite / design|Organisation / gestion de projet,Droit / justice|Communication / medias|Art / design / audiovisuel|Tourisme / hotellerie,Bureau,Commerce / relation client|Recherche / enseignement,TEH
syn-02633,D,4,3,5,2,SVT|Economie / Gestion|Sport,Analyse de donnees / logique|Organisation / gestion de projet,Finance / comptabilite|Agriculture / environnement|Tourisme / hotellerie,Laboratoire,Commerce / relation client|Recherche / enseignement,ISAIA
syn-02634,S,3,4,3,2,Francais / Litterature|Economie / Gestion|SVT,Redaction / communication|Programmation,Entrepreneuriat / business|Agriculture / environnement,Atelier / usine,Recherche / enseignement|Entrepreneur / independant,AEE
syn-02635,L,3,2,4,3,Informatique / Technologie|Economie / Gestion,Programmation|Creativite / design,Finance / comptabilite|Technologie / informatique,Mixte,Creation / design,FIC
syn-02636,L,3,4,3,3,Economie / Gestion|SVT,Vente / negociation|Redaction / communication,Agriculture / environnement|Finance / comptabilite,Mixte,Technique / ingenierie,CAA
syn-02637,S,4,4,4,2,Langues etrangeres|Sport,Travail en equipe|Programmation,Communication / medias|Art / design / audiovisuel|BTP / construction|Sciences,Atelier / usine,Creation / design,IMTICIA
syn-02638,A2,1,4,4,3,SVT|Economie / Gestion,Creativite / design|Redaction / communication|Organisation / gestion de projet,BTP / construction|Sciences|Finance / comptabilite|Sante / social,Atelier / usine,Commerce / relation client|Entrepreneur / independant,DTJA
syn-02639,L,3,3,3,4,Arts|SVT|Francais / Litterature,Analyse de donnees / logique|Programmation|Creativite / design,BTP / construction|Agriculture / environnement|Finance / comptabilite,Terrain / exterieur,Entrepreneur / independant|Technique / ingenierie,EMP
syn-02640,D,4,4,3,3,Informatique / Technologie|Arts,Redaction / communication|Programmation,Sante / social|Technologie / informatique,Terrain / exterieur,Technique / ingenierie,ESIIA
syn-02641,D,4,2,4,2,Sport|Mathematiques|Langues etrangeres,Travail en equipe|Analyse de donnees / logique|Electronique / bricolage technique|Redaction / communication,Communication / medias|Droit / justice|Art / design / audiovisuel|Tourisme / hotellerie,Terrain / exterieur,Gestion / management,TEH
syn-02642,C,3,4,3,3,SVT|Langues etrangeres,Vente / negociation|Analyse de donnees / logique|Redaction / communication|Travail en equipe,Finance / comptabilite|Technologie / informatique|Sante / social|Sciences,Bureau,Recherche / enseignement|Commerce / relation client,PIP
syn-02643,S,4,2,2,3,Economie / Gestion|Arts|Physique-Chimie,Electronique / bricolage technique|Organisation / gestion de projet,Finance / comptabilite|BTP / construction|Agriculture / environnement,Mixte,Commerce / relation client,FIC
syn-02644,D,5,3,1,4,Mathematiques|SVT,Analyse de donnees / logique|Organisation / gestion de projet|Electronique / bricolage technique|Creativite / design,Sante / social|Sciences,Bureau,Recherche / enseignement|Commerce / relation client,ISAIA
syn-02645,S,4,4,3,2,Histoire-Geographie|Arts|Sport,Electronique / bricolage technique|Creativite / design,Agriculture / environnement|Communication / medias,Mixte,Entrepreneur / independant,IMTICIA
syn-02646,A2,3,3,4,4,SVT|Histoire-Geographie|Langues etrangeres,Redaction / communication|Creativite / design|Travail en equipe|Programmation,Sante / social|Communication / medias|Tourisme / hotellerie|Technologie / informatique,Terrain / exterieur,Recherche / enseignement|Creation / design,TEE
syn-02647,D,3,4,3,4,Arts|Histoire-Geographie|Francais / Litterature,Redaction / communication|Creativite / design|Organisation / gestion de projet|Analyse de donnees / logique,Communication / medias|Entrepreneuriat / business|Art / design / audiovisuel,Mixte,Creation / design,IMTICIA
syn-02648,L,4,4,3,2,Physique-Chimie|Francais / Litterature,Redaction / communication|Programmation|Organisation / gestion de projet|Electronique / bricolage technique,Tourisme / hotellerie|Sciences|Finance / comptabilite,Atelier / usine,Entrepreneur / independant|Recherche / enseignement,DTJA
syn-02649,Technique industrielle,4,3,5,3,Physique-Chimie|Langues etrangeres,Redaction / communication|Analyse de donnees / logique|Organisation / gestion de projet|Electronique / bricolage technique,Tourisme / hotellerie|Communication / medias|Sciences|BTP / construction,Mixte,Recherche / enseignement,TEE
syn-02650,C,4,5,5,3,Histoire-Geographie|Langues etrangeres|Physique-Chimie,Travail en equipe|Organisation / gestion de projet|Electronique / bricolage technique,Art / design / audiovisuel|Droit / justice|Tourisme / hotellerie,Terrain / exterieur,Gestion / management|Commerce / relation client,TEE
syn-02651,A1,3,3,3,2,SVT|Physique-Chimie|Sport,Organisation / gestion de projet|Redaction / communication|Analyse de donnees / logique|Electronique / bricolage technique,Sante / social|BTP / construction|Finance / comptabilite,Terrain / exterieur,Gestion / management|Entrepreneur / independant,FIC
syn-02652,D,3,3,4,3,Arts|Francais / Litterature|SVT,Electronique / bricolage technique|Organisation / gestion de projet,Droit / justice|Communication / medias,Mixte,Technique / ingenierie,EMII
syn-02653,D,4,4,2,4,Arts|Economie / Gestion|Sport,Creativite / design|Vente / negociation|Travail en equipe|Analyse de donnees / logique,Communication / medias|Tourisme / hotellerie|Art / design / audiovisuel,Bureau,Entrepreneur / independant|Commerce / relation client,CAA
syn-02654,C,4,4,2,4,Economie / Gestion|SVT,Programmation|Creativite / design|Vente / negociation|Travail en equipe,Agriculture / environnement|Sante / social,Bureau,Gestion / management|Technique / ingenierie,AEE
syn-02655,S,4,3,5,3,SVT|Sport|Informatique / Technologie,Organisation / gestion de projet|Electronique / bricolage technique,Finance / comptabilite|Sciences|Technologie / informatique|Communication / medias,Bureau,Creation / design|Recherche / enseignement,ISAIA
syn-02656,D,2,4,3,3,Histoire-Geographie|Francais / Litterature,Organisation / gestion de projet|Electronique / bricolage technique|Travail en equipe|Vente / negociation,Droit / justice|Tourisme / hotellerie,Terrain / exterieur,Gestion / management,EMP
syn-02657,Technique industrielle,3,3,4,3,Francais / Litterature|Economie / Gestion|Arts,Travail en equipe|Creativite / design|Redaction / communication|Programmation,Agriculture / environnement|Technologie / informatique,Bureau,Creation / design,ISAIA
syn-02658,Technique genie civil,2,3,4,4,Economie / Gestion|Sport,Travail en equipe|Organisation / gestion de projet|Analyse de donnees / logique,Entrepreneuriat / business|Sante / social|Technologie / informatique,Bureau,Commerce / relation client,CAA
syn-02659,A2,2,2,3,3,Langues etrangeres|Informatique / Technologie|Sport,Programmation|Redaction / communication|Travail en equipe|Creativite / design,BTP / construction|Entrepreneuriat / business|Tourisme / hotellerie|Droit / justice,Laboratoire,Recherche / enseignement|Technique / ingenierie,TEH
syn-02660,Technique industrielle,2,3,3,2,Economie / Gestion|Francais / Litterature|SVT,Organisation / gestion de projet|Vente / negociation|Analyse de donnees / logique|Creativite / design,Entrepreneuriat / business|Finance / comptabilite,Laboratoire,Creation / design,CAA
syn-02661,S,5,5,3,3,SVT|Mathematiques,Electronique / bricolage technique|Travail en equipe|Analyse de donnees / logique,Sciences|Tourisme / hotellerie,Terrain / exterieur,Technique / ingenierie,EMII
syn-02662,A2,2,3,4,2,Informatique / Technologie|Physique-Chimie|Histoire-Geographie,Electronique / bricolage technique|Programmation,Tourisme / hotellerie|Sciences,Terrain / exterieur,Entrepreneur / independant|Gestion / management,TEE
syn-02663,C,4,3,3,4,SVT|Francais / Litterature|Histoire-Geographie,Redaction / communication|Electronique / bricolage technique|Vente / negociation|Organisation / gestion de projet,Tourisme / hotellerie|Agriculture / environnement,Mixte,Creation / design,TEE
syn-02664,Technique industrielle,3,3,4,2,Histoire-Geographie|Mathematiques|Sport,Analyse de donnees / logique|Creativite / design|Travail en equipe,Communication / medias|Tourisme / hotellerie,Laboratoire,Creation / design|Technique / ingenierie,IMTICIA
syn-02665,Technique industrielle,2,2,4,1,Sport|Francais / Litterature,Travail en equipe|Analyse de donnees / logique|Vente / negociation|Redaction / communication,Droit / justice|Tourisme / hotellerie,Atelier / usine,Creation / design|Technique / ingenierie,TEE
syn-02666,A2,4,2,4,4,Histoire-Geographie|Francais / Litterature,Redaction / communication|Creativite / design|Programmation|Organisation / gestion de projet,BTP / construction|Art / design / audiovisuel|Technologie / informatique,Terrain / exterieur,Entrepreneur / independant,TEE
syn-02667,A1,3,1,4,4,Langues etrangeres|Francais / Litterature|Sport,Redaction / communication|Creativite / design|Travail en equipe|Vente / negociation,Technologie / informatique|Communication / medias,Mixte,Creation / design,TEH
syn-02668,S,4,3,4,3,SVT|Langues etrangeres|Arts,Organisation / gestion de projet|Programmation|Vente / negociation|Travail en equipe,Communication / medias|Art / design / audiovisuel,Atelier / usine,Gestion / management,IMTICIA
syn-02669,S,3,4,4,2,Mathematiques|Economie / Gestion,Analyse de donnees / logique|Organisation / gestion de projet,Droit / justice|Entrepreneuriat / business|Technologie / informatique,Bureau,Entrepreneur / independant|Commerce / relation client,ISAIA
syn-02670,A2,4,2,4,4,Langues etrangeres|Arts,Creativite / design|Redaction / communication,Communication / medias|Droit / justice,Bureau,Creation / design|Entrepreneur / independant,DTJA
syn-02671,Technique industrielle,3,3,2,3,Sport|SVT,Analyse de donnees / logique|Travail en equipe,Sante / social|BTP / construction|Tourisme / hotellerie,Mixte,Technique / ingenierie|Commerce / relation client,TEH
syn-02672,D,3,3,2,2,Physique-Chimie|Arts,Creativite / design|Analyse de donnees / logique,Tourisme / hotellerie|BTP / construction|Art / design / audiovisuel,Bureau,Gestion / management,IMTICIA
syn-02673,D,4,1,3,1,Langues etrangeres|Histoire-Geographie|Francais / Litterature,Organisation / gestion de projet|Redaction / communication|Electronique / bricolage technique,Communication / medias|Droit / justice,Terrain / exterieur,Gestion / management|Technique / ingenierie,DTJA
syn-02674,D,5,2,4,2,Arts|Physique-Chimie|Informatique / Technologie,Electronique / bricolage technique|Analyse de donnees / logique,BTP / construction|Technologie / informatique,Atelier / usine,Entrepreneur / independant,EMII
syn-02675,D,2,3,3,4,Informatique / Technologie|Francais / Litterature|Physique-Chimie,Electronique / bricolage technique|Redaction / communication|Creativite / design|Programmation,BTP / construction|Droit / justice|Technologie / informatique,Laboratoire,Entrepreneur / independant|Commerce / relation client,ESIIA
syn-02676,D,3,3,3,5,Langues etrangeres|Arts,Creativite / design|Redaction / communication|Travail en equipe|Analyse de donnees / logique,Droit / justice|Art / design / audiovisuel|Sante / social|Technologie / informatique,Atelier / usine,Entrepreneur / independant|Recherche / enseignement,DTJA
syn-02677,S,4,5,3,2,Physique-Chimie|SVT|Histoire-Geographie,Analyse de donnees / logique|Travail en equipe,Sciences|Tourisme / hotellerie,Bureau,Gestion / management|Recherche / enseignement,PIP
syn-02678,C,3,3,5,5,Histoire-Geographie|Francais / Litterature|Arts,Creativite / design|Vente / negociation|Redaction / communication,Tourisme / hotellerie|Droit / justice|Communication / medias,Mixte,Creation / design,EMP
syn-02679,L,2,2,5,3,SVT|Economie / Gestion|Mathematiques,Vente / negociation|Creativite / design,Agriculture / environnement|BTP / construction|Finance / comptabilite|Technologie / informatique,Mixte,Commerce / relation client,CAA
syn-02680,D,3,2,4,5,Arts|Economie / Gestion|Histoire-Geographie,Analyse de donnees / logique|Organisation / gestion de projet|Redaction / communication,Art / design / audiovisuel|Tourisme / hotellerie|Entrepreneuriat / business,Laboratoire,Recherche / enseignement,CAA
syn-02681,C,4,5,4,3,Mathematiques|Arts,Creativite / design|Electronique / bricolage technique|Analyse de donnees / logique|Redaction / communication,Sciences|Communication / medias|Entrepreneuriat / business|Art / design / audiovisuel,Atelier / usine,Recherche / enseignement,EMII
syn-02682,L,3,2,4,3,Histoire-Geographie|Informatique / Technologie|Physique-Chimie,Travail en equipe|Analyse de donnees / logique|Electronique / bricolage technique|Programmation,Technologie / informatique|Art / design / audiovisuel,Terrain / exterieur,Entrepreneur / independant|Recherche / enseignement,TEH
syn-02683,S,4,4,4,2,Langues etrangeres|Economie / Gestion|Sport,Travail en equipe|Redaction / communication,Entrepreneuriat / business|Communication / medias,Bureau,Commerce / relation client,CAA
syn-02684,A2,3,3,3,5,Economie / Gestion|Mathematiques,Vente / negociation|Redaction / communication|Creativite / design,Entrepreneuriat / business|Finance / comptabilite,Mixte,Commerce / relation client,CAA
syn-02685,A2,3,3,4,4,Arts|Informatique / Technologie,Creativite / design|Vente / negociation|Programmation|Organisation / gestion de projet,Communication / medias|Finance / comptabilite|Entrepreneuriat / business,Bureau,Commerce / relation client|Entrepreneur / independant,CAA
syn-02686,D,1,3,3,3,Mathematiques|Francais / Litterature,Redaction / communication|Analyse de donnees / logique,Sciences|Finance / comptabilite|Communication / medias|Droit / justice,Terrain / exterieur,Commerce / relation client|Technique / ingenierie,ICMP
syn-02687,C,3,4,4,3,Economie / Gestion|Sport|Francais / Litterature,Electronique / bricolage technique|Organisation / gestion de projet,Droit / justice|Finance / comptabilite|Technologie / informatique|Art / design / audiovisuel,Mixte,Commerce / relation client|Technique / ingenierie,FIC
syn-02688,D,4,3,3,4,Histoire-Geographie|Arts,Electronique / bricolage technique|Creativite / design|Analyse de donnees / logique,Sciences|Art / design / audiovisuel|BTP / construction|Communication / medias,Laboratoire,Recherche / enseignement,ISAIA
syn-02689,C,4,4,2,4,Arts|SVT|Histoire-Geographie,Creativite / design|Electronique / bricolage technique|Vente / negociation,Sante / social|Art / design / audiovisuel|Communication / medias,Bureau,Commerce / relation client,IMTICIA
syn-02690,C,3,2,3,3,Economie / Gestion|Informatique / Technologie|Mathematiques,Vente / negociation|Programmation|Analyse de donnees / logique|Organisation / gestion de projet,Technologie / informatique|Droit / justice|Finance / comptabilite|Entrepreneuriat / business,Terrain / exterieur,Technique / ingenierie,IGGLIA
syn-02691,A1,2,3,3,5,SVT|Histoire-Geographie|Arts,Creativite / design|Electronique / bricolage technique,Art / design / audiovisuel|Communication / medias|Sciences,Laboratoire,Technique / ingenierie|Commerce / relation client,EMP
syn-02692,S,4,4,3,4,Mathematiques|Langues etrangeres|Histoire-Geographie,Analyse de donnees / logique|Redaction / communication|Travail en equipe,Communication / medias|BTP / construction|Sante / social,Mixte,Gestion / management,TEE
syn-02693,D,1,3,3,2,Histoire-Geographie|Economie / Gestion,Organisation / gestion de projet|Redaction / communication|Creativite / design|Travail en equipe,Droit / justice|Finance / comptabilite|Tourisme / hotellerie,Mixte,Creation / design|Gestion / management,EMP
syn-02694,C,4,4,3,3,Francais / Litterature|Arts,Organisation / gestion de projet|Electronique / bricolage technique|Creativite / design,Communication / medias|Art / design / audiovisuel|Tourisme / hotellerie,Mixte,Recherche / enseignement,PIP
syn-02695,A1,3,3,3,5,Informatique / Technologie|Physique-Chimie,Electronique / bricolage technique|Analyse de donnees / logique|Creativite / design,Tourisme / hotellerie|Sciences,Terrain / exterieur,Gestion / management|Creation / design,FIC
syn-02696,C,4,2,4,2,Arts|Mathematiques|Physique-Chimie,Vente / negociation|Creativite / design|Electronique / bricolage technique,BTP / construction|Communication / medias|Sciences|Art / design / audiovisuel,Laboratoire,Entrepreneur / independant,GCA
syn-02697,D,3,3,3,2,Economie / Gestion|Langues etrangeres|Francais / Litterature,Vente / negociation|Redaction / communication|Organisation / gestion de projet,Droit / justice|Entrepreneuriat / business,Bureau,Commerce / relation client,CAA
syn-02698,Technique genie civil,5,4,2,5,Informatique / Technologie|SVT,Electronique / bricolage technique|Vente / negociation|Redaction / communication,Agriculture / environnement|Sante / social|Technologie / informatique,Bureau,Commerce / relation client,CAA
syn-02699,Technique agricole,4,5,3,3,Informatique / Technologie|SVT,Travail en equipe|Analyse de donnees / logique|Electronique / bricolage technique,Sante / social|Agriculture / environnement,Laboratoire,Entrepreneur / independant,PIP
syn-02700,C,3,3,3,4,Informatique / Technologie|SVT|Histoire-Geographie,Electronique / bricolage technique|Analyse de donnees / logique,Finance / comptabilite|Agriculture / environnement,Terrain / exterieur,Commerce / relation client|Entrepreneur / independant,AEE
syn-02701,S,2,2,3,3,Mathematiques|Sport|SVT,Analyse de donnees / logique|Travail en equipe|Redaction / communication,Art / design / audiovisuel|Technologie / informatique|Sciences,Terrain / exterieur,Creation / design,ISAIA
syn-02702,L,2,2,3,2,Arts|Langues etrangeres|Informatique / Technologie,Redaction / communication|Programmation|Electronique / bricolage technique,Agriculture / environnement|Sciences,Terrain / exterieur,Entrepreneur / independant,TEE
syn-02703,S,3,3,4,4,Physique-Chimie|Economie / Gestion|Histoire-Geographie,Travail en equipe|Analyse de donnees / logique,Sante / social|Sciences|Art / design / audiovisuel,Bureau,Entrepreneur / independant|Recherche / enseignement,PIP
syn-02704,L,3,4,4,4,Francais / Litterature|Mathematiques,Redaction / communication|Vente / negociation|Travail en equipe|Programmation,Sciences|BTP / construction|Communication / medias|Entrepreneuriat / business,Terrain / exterieur,Creation / design,CAA
syn-02705,S,3,3,3,2,SVT|Mathematiques|Informatique / Technologie,Analyse de donnees / logique|Organisation / gestion de projet|Electronique / bricolage technique,Communication / medias|Technologie / informatique,Bureau,Commerce / relation client,IGGLIA
syn-02706,L,2,3,3,3,Arts|Francais / Litterature,Travail en equipe|Analyse de donnees / logique|Programmation|Creativite / design,Sante / social|Art / design / audiovisuel,Bureau,Technique / ingenierie,TEH
syn-02707,A1,2,1,3,2,Francais / Litterature|Sport,Redaction / communication|Travail en equipe,BTP / construction|Agriculture / environnement,Mixte,Entrepreneur / independant|Creation / design,TEE
syn-02708,A1,3,2,4,3,Langues etrangeres|Arts,Vente / negociation|Creativite / design|Analyse de donnees / logique|Travail en equipe,Communication / medias|Sante / social|Tourisme / hotellerie|Art / design / audiovisuel,Bureau,Entrepreneur / independant|Creation / design,TEH
syn-02709,S,4,3,4,2,Francais / Litterature|Mathematiques|SVT,Travail en equipe|Vente / negociation|Redaction / communication,Communication / medias|Sante / social,Mixte,Gestion / management,IGGLIA
syn-02710,Technique agricole,4,5,3,2,Francais / Litterature|Sport|SVT,Travail en equipe|Programmation|Redaction / communication,Droit / justice|Sciences|Communication / medias|Sante / social,Bureau,Gestion / management|Entrepreneur / independant,DTJA
syn-02711,D,4,3,3,1,Langues etrangeres|Francais / Litterature|Sport,Travail en equipe|Redaction / communication|Electronique / bricolage technique|Programmation,Entrepreneuriat / business|Communication / medias|Sante / social,Mixte,Commerce / relation client|Entrepreneur / independant,CAA
syn-02712,S,3,4,4,4,Langues etrangeres|Economie / Gestion|Francais / Litterature,Vente / negociation|Redaction / communication,Agriculture / environnement|Droit / justice|Tourisme / hotellerie|Communication / medias,Laboratoire,Commerce / relation client,DTJA
syn-02713,Technique industrielle,3,4,3,3,Francais / Litterature|Langues etrangeres,Vente / negociation|Redaction / communication,Communication / medias|BTP / construction|Droit / justice,Terrain / exterieur,Gestion / management|Commerce / relation client,DTJA
syn-02714,A1,2,1,4,5,Mathematiques|Langues etrangeres|Sport,Travail en equipe|Programmation|Electronique / bricolage technique|Vente / negociation,Sciences|Tourisme / hotellerie|Finance / comptabilite|Communication / medias,Bureau,Technique / ingenierie,TEH
syn-02715,S,3,4,2,2,Informatique / Technologie|SVT|Francais / Litterature,Redaction / communication|Electronique / bricolage technique|Programmation,Droit / justice|Communication / medias|Sciences,Terrain / exterieur,Entrepreneur / independant|Creation / design,PIP
syn-02716,Technique industrielle,3,5,5,3,Langues etrangeres|SVT|Histoire-Geographie,Analyse de donnees / logique|Redaction / communication|Electronique / bricolage technique,Tourisme / hotellerie|Art / design / audiovisuel,Laboratoire,Commerce / relation client|Recherche / enseignement,TEH
syn-02717,D,2,4,3,4,Arts|Langues etrangeres,Organisation / gestion de projet|Electronique / bricolage technique|Creativite / design|Redaction / communication,Art / design / audiovisuel|Communication / medias|Entrepreneuriat / business,Bureau,Recherche / enseignement|Entrepreneur / independant,IMTICIA
syn-02718,D,4,3,2,3,Sport|Histoire-Geographie,Travail en equipe|Electronique / bricolage technique|Analyse de donnees / logique,Droit / justice|Tourisme / hotellerie|Technologie / informatique,Atelier / usine,Recherche / enseignement|Entrepreneur / independant,ISAIA
syn-02719,D,3,4,4,4,Informatique / Technologie|Langues etrangeres,Redaction / communication|Travail en equipe|Programmation|Organisation / gestion de projet,Entrepreneuriat / business|Communication / medias|Tourisme / hotellerie|BTP / construction,Atelier / usine,Commerce / relation client|Entrepreneur / independant,CAA
syn-02720,Technique industrielle,4,3,4,3,Histoire-Geographie|Arts|SVT,Vente / negociation|Analyse de donnees / logique,Sante / social|Tourisme / hotellerie|Communication / medias,Bureau,Recherche / enseignement,TEE
syn-02721,A1,4,1,3,4,Histoire-Geographie|Francais / Litterature|Arts,Redaction / communication|Creativite / design,Tourisme / hotellerie|Communication / medias|Droit / justice,Bureau,Commerce / relation client|Creation / design,DTJA
syn-02722,A2,4,2,2,3,Histoire-Geographie|Informatique / Technologie,Programmation|Redaction / communication|Travail en equipe,Droit / justice|Tourisme / hotellerie,Mixte,Entrepreneur / independant,TEH
syn-02723,L,1,4,3,5,Sport|SVT|Histoire-Geographie,Creativite / design|Electronique / bricolage technique|Programmation|Analyse de donnees / logique,Agriculture / environnement|Art / design / audiovisuel|Sante / social,Laboratoire,Gestion / management,EMP
syn-02724,D,3,3,2,2,Histoire-Geographie|Arts|Physique-Chimie,Programmation|Analyse de donnees / logique|Organisation / gestion de projet|Vente / negociation,Sante / social|Art / design / audiovisuel|Communication / medias|Droit / justice,Atelier / usine,Recherche / enseignement|Technique / ingenierie,IGGLIA
syn-02725,D,3,2,4,3,SVT|Physique-Chimie|Langues etrangeres,Electronique / bricolage technique|Organisation / gestion de projet|Analyse de donnees / logique|Redaction / communication,Finance / comptabilite|Agriculture / environnement,Mixte,Technique / ingenierie,EMP
syn-02726,S,3,3,3,4,Mathematiques|Histoire-Geographie|Economie / Gestion,Analyse de donnees / logique|Vente / negociation|Travail en equipe,Finance / comptabilite|Droit / justice|Sante / social,Mixte,Gestion / management,EMP
syn-02727,A1,4,3,2,4,Informatique / Technologie|Sport|Mathematiques,Travail en equipe|Programmation,Sciences|Entrepreneuriat / business|BTP / construction,Mixte,Technique / ingenierie,TEH
syn-02728,A2,1,2,5,3,Francais / Litterature|Langues etrangeres,Electronique / bricolage technique|Vente / negociation|Travail en equipe|Redaction / communication,Sciences|Droit / justice|Communication / medias,Laboratoire,Gestion / management,DTJA
syn-02729,C,3,4,4,3,Economie / Gestion|Langues etrangeres|Histoire-Geographie,Programmation|Analyse de donnees / logique|Vente / negociation|Travail en equipe,Communication / medias|Finance / comptabilite|Tourisme / hotellerie,Mixte,Technique / ingenierie|Commerce / relation client,TEH
syn-02730,A2,2,3,4,3,SVT|Francais / Litterature,Redaction / communication|Vente / negociation|Analyse de donnees / logique|Organisation / gestion de projet,Sante / social|Technologie / informatique|Agriculture / environnement,Bureau,Gestion / management|Recherche / enseignement,DTJA
syn-02731,D,4,4,4,4,Economie / Gestion|SVT|Mathematiques,Vente / negociation|Travail en equipe,Sante / social|Droit / justice|Agriculture / environnement|Tourisme / hotellerie,Mixte,Technique / ingenierie|Entrepreneur / independant,CAA
syn-02732,S,5,2,2,2,Arts|Mathematiques,Programmation|Analyse de donnees / logique,Agriculture / environnement|Finance / comptabilite|Art / design / audiovisuel,Mixte,Recherche / enseignement,ISAIA
syn-02733,A2,4,3,3,2,Informatique / Technologie|Economie / Gestion,Analyse de donnees / logique|Programmation|Organisation / gestion de projet|Redaction / communication,Sciences|Entrepreneuriat / business,Atelier / usine,Technique / ingenierie|Gestion / management,EMP
syn-02734,C,5,5,1,3,Physique-Chimie|Economie / Gestion,Analyse de donnees / logique|Creativite / design,Finance / comptabilite|Droit / justice|Art / design / audiovisuel|Sciences,Mixte,Entrepreneur / independant,ISAIA
syn-02735,A2,3,2,4,3,Francais / Litterature|Sport,Creativite / design|Travail en equipe|Organisation / gestion de projet,BTP / construction|Sante / social,Laboratoire,Recherche / enseignement|Technique / ingenierie,DTJA
syn-02736,L,3,2,3,3,Histoire-Geographie|Langues etrangeres|Sport,Creativite / design|Vente / negociation,Droit / justice|Communication / medias,Mixte,Recherche / enseignement,TEH
syn-02737,D,3,4,2,4,Mathematiques|Sport,Electronique / bricolage technique|Organisation / gestion de projet,Sciences|Finance / comptabilite,Laboratoire,Creation / design,ISAIA
syn-02738,Technique industrielle,3,4,3,1,Informatique / Technologie|Langues etrangeres,Redaction / communication|Electronique / bricolage technique|Programmation|Travail en equipe,Technologie / informatique|Communication / medias,Bureau,Recherche / enseignement|Creation / design,IMTICIA
syn-02739,D,1,3,3,3,Histoire-Geographie|Francais / Litterature,Vente / negociation|Redaction / communication|Analyse de donnees / logique|Programmation,Droit / justice|Technologie / informatique|Finance / comptabilite,Atelier / usine,Commerce / relation client|Recherche / enseignement,DTJA
syn-02740,Technique industrielle,3,5,2,3,Economie / Gestion|SVT,Programmation|Redaction / communication|Organisation / gestion de projet,Tourisme / hotellerie|Finance / comptabilite|BTP / construction,Mixte,Creation / design|Recherche / enseignement,EMP
syn-02741,C,3,4,3,4,Francais / Litterature|Physique-Chimie|Mathematiques,Organisation / gestion de projet|Analyse de donnees / logique|Electronique / bricolage technique,BTP / construction|Entrepreneuriat / business|Finance / comptabilite|Art / design / audiovisuel,Laboratoire,Gestion / management|Creation / design,FIC
syn-02742,A1,2,2,3,4,Economie / Gestion|Sport,Organisation / gestion de projet|Redaction / communication|Travail en equipe,Art / design / audiovisuel|Finance / comptabilite|Entrepreneuriat / business|Communication / medias,Bureau,Technique / ingenierie|Recherche / enseignement,CAA
syn-02743,S,3,3,2,3,Informatique / Technologie|SVT|Arts,Vente / negociation|Analyse de donnees / logique,Technologie / informatique|Sciences,Bureau,Commerce / relation client,IGGLIA
syn-02744,A2,2,2,2,3,Physique-Chimie|Francais / Litterature,Electronique / bricolage technique|Redaction / communication|Travail en equipe|Analyse de donnees / logique,Sciences|Tourisme / hotellerie|Technologie / informatique|Droit / justice,Terrain / exterieur,Entrepreneur / independant,TEH
syn-02745,Technique agricole,3,5,3,1,SVT|Arts|Physique-Chimie,Electronique / bricolage technique|Analyse de donnees / logique,BTP / construction|Art / design / audiovisuel,Mixte,Technique / ingenierie|Entrepreneur / independant,AEE
syn-02746,L,2,2,3,2,SVT|Sport,Analyse de donnees / logique|Vente / negociation,Sante / social|Entrepreneuriat / business|Finance / comptabilite|Sciences,Mixte,Gestion / management|Commerce / relation client,CAA
syn-02747,Technique industrielle,4,3,3,3,Mathematiques|Arts,Creativite / design|Analyse de donnees / logique|Travail en equipe|Vente / negociation,Finance / comptabilite|Art / design / audiovisuel,Bureau,Creation / design,IMTICIA
syn-02748,A2,3,5,3,3,Mathematiques|Francais / Litterature,Vente / negociation|Redaction / communication|Organisation / gestion de projet,Droit / justice|Finance / comptabilite,Bureau,Recherche / enseignement,DTJA
syn-02749,D,3,4,3,3,Physique-Chimie|Histoire-Geographie,Electronique / bricolage technique|Travail en equipe|Redaction / communication,Tourisme / hotellerie|Communication / medias|Droit / justice|Sciences,Mixte,Commerce / relation client,DTJA
syn-02750,S,3,2,4,3,Histoire-Geographie|Arts,Creativite / design|Redaction / communication|Organisation / gestion de projet,Entrepreneuriat / business|Tourisme / hotellerie,Mixte,Recherche / enseignement,TEH
syn-02751,S,3,4,3,3,Economie / Gestion|SVT|Francais / Litterature,Organisation / gestion de projet|Redaction / communication|Electronique / bricolage technique|Vente / negociation,Droit / justice|Art / design / audiovisuel,Mixte,Entrepreneur / independant,CAA
syn-02752,Technique industrielle,4,3,3,4,Mathematiques|SVT|Sport,Organisation / gestion de projet|Travail en equipe|Electronique / bricolage technique,Agriculture / environnement|Sciences,Laboratoire,Gestion / management|Creation / design,FIC
syn-02753,S,4,3,2,2,Mathematiques|Langues etrangeres,Electronique / bricolage technique|Programmation,Communication / medias|Sciences|Agriculture / environnement|Art / design / audiovisuel,Mixte,Creation / design,ISAIA
syn-02754,A1,2,2,4,4,Sport|Francais / Litterature,Redaction / communication|Programmation|Vente / negociation|Travail en equipe,Finance / comptabilite|Sciences|Communication / medias,Bureau,Recherche / enseignement|Gestion / management,CAA
syn-02755,D,3,4,3,3,Physique-Chimie|Sport|Arts,Creativite / design|Analyse de donnees / logique|Vente / negociation|Programmation,BTP / construction|Sciences,Bureau,Gestion / management|Recherche / enseignement,ISAIA
syn-02756,A2,4,3,5,4,Physique-Chimie|Informatique / Technologie,Electronique / bricolage technique|Organisation / gestion de projet,Technologie / informatique|Sciences|Droit / justice,Bureau,Creation / design|Entrepreneur / independant,DTJA
syn-02757,D,2,5,2,2,Physique-Chimie|SVT,Vente / negociation|Organisation / gestion de projet,Agriculture / environnement|BTP / construction|Art / design / audiovisuel|Tourisme / hotellerie,Bureau,Creation / design,AEE
syn-02758,S,5,5,1,2,Mathematiques|Sport,Electronique / bricolage technique|Analyse de donnees / logique|Travail en equipe,Entrepreneuriat / business|Finance / comptabilite,Terrain / exterieur,Commerce / relation client|Recherche / enseignement,ISAIA
syn-02759,A1,2,4,4,3,Economie / Gestion|Sport,Organisation / gestion de projet|Electronique / bricolage technique,Finance / comptabilite|Agriculture / environnement|Entrepreneuriat / business,Bureau,Gestion / management,EMP
syn-02760,D,2,3,3,3,Arts|SVT|Informatique / Technologie,Organisation / gestion de projet|Creativite / design|Redaction / communication,Agriculture / environnement|Technologie / informatique|Art / design / audiovisuel|Droit / justice,Bureau,Recherche / enseignement,IMTICIA
syn-02761,D,1,5,3,3,Mathematiques|Economie / Gestion|Langues etrangeres,Redaction / communication|Electronique / bricolage technique,Tourisme / hotellerie|Communication / medias,Mixte,Entrepreneur / independant,EMII
syn-02762,C,5,3,2,4,Arts|Sport,Travail en equipe|Redaction / communication,Art / design / audiovisuel|Communication / medias,Terrain / exterieur,Entrepreneur / independant,IMTICIA
syn-02763,S,4,5,3,2,SVT|Sport|Francais / Litterature,Travail en equipe|Redaction / communication|Vente / negociation,Technologie / informatique|Agriculture / environnement|Sciences,Mixte,Creation / design,IAA
syn-02764,C,4,3,4,3,Arts|Mathematiques,Redaction / communication|Analyse de donnees / logique,Finance / comptabilite|Communication / medias|Agriculture / environnement|Tourisme / hotellerie,Terrain / exterieur,Technique / ingenierie,TEE
syn-02765,Technique industrielle,3,5,4,2,Physique-Chimie|Sport|SVT,Analyse de donnees / logique|Travail en equipe|Redaction / communication,Agriculture / environnement|Sciences,Mixte,Technique / ingenierie|Creation / design,ICMP
syn-02766,S,4,3,3,2,Physique-Chimie|SVT|Francais / Litterature,Programmation|Electronique / bricolage technique,BTP / construction|Agriculture / environnement,Terrain / exterieur,Gestion / management,GCA
syn-02767,A1,2,4,4,4,Histoire-Geographie|Langues etrangeres|SVT,Vente / negociation|Programmation|Creativite / design,Tourisme / hotellerie|Finance / comptabilite|Sante / social,Terrain / exterieur,Technique / ingenierie|Commerce / relation client,TEH
syn-02768,D,3,4,3,5,Histoire-Geographie|Francais / Litterature,Electronique / bricolage technique|Travail en equipe,Tourisme / hotellerie|BTP / construction|Finance / comptabilite|Communication / medias,Mixte,Gestion / management|Technique / ingenierie,EMP
syn-02769,Technique agricole,5,4,3,4,Francais / Litterature|Langues etrangeres,Creativite / design|Redaction / communication,Tourisme / hotellerie|Communication / medias|Droit / justice,Terrain / exterieur,Commerce / relation client|Recherche / enseignement,TEH
syn-02770,S,5,3,3,3,Arts|SVT|Informatique / Technologie,Electronique / bricolage technique|Organisation / gestion de projet|Vente / negociation,Technologie / informatique|Entrepreneuriat / business|Agriculture / environnement|Sante / social,Terrain / exterieur,Entrepreneur / independant|Commerce / relation client,AEE
syn-02771,A2,3,3,3,4,Economie / Gestion|Francais / Litterature|Arts,Redaction / communication|Vente / negociation,Art / design / audiovisuel|Droit / justice|Entrepreneuriat / business,Laboratoire,Recherche / enseignement|Entrepreneur / independant,CAA
syn-02772,A1,1,2,4,3,Physique-Chimie|Economie / Gestion,Organisation / gestion de projet|Vente / negociation|Electronique / bricolage technique,Finance / comptabilite|BTP / construction|Art / design / audiovisuel|Sciences,Terrain / exterieur,Technique / ingenierie,CAA
syn-02773,A1,3,3,3,2,Physique-Chimie|SVT,Travail en equipe|Analyse de donnees / logique|Electronique / bricolage technique,Technologie / informatique|Tourisme / hotellerie|Sante / social|Agriculture / environnement,Mixte,Creation / design|Entrepreneur / independant,TEE
syn-02774,S,4,4,4,1,Histoire-Geographie|SVT,Redaction / communication|Travail en equipe|Vente / negociation,Agriculture / environnement|Droit / justice|Tourisme / hotellerie|Sante / social,Bureau,Technique / ingenierie,TEE
syn-02775,S,4,4,4,2,Sport|Histoire-Geographie|Mathematiques,Analyse de donnees / logique|Creativite / design|Travail en equipe,Droit / justice|Sciences|Tourisme / hotellerie|Technologie / informatique,Terrain / exterieur,Entrepreneur / independant,TEH
syn-02776,C,5,3,2,2,Physique-Chimie|SVT|Arts,Creativite / design|Analyse de donnees / logique|Vente / negociation,Communication / medias|BTP / construction|Art / design / audiovisuel|Agriculture / environnement,Mixte,Recherche / enseignement,GCA
syn-02777,A1,2,2,5,3,Physique-Chimie|Langues etrangeres,Vente / negociation|Electronique / bricolage technique,Communication / medias|Tourisme / hotellerie,Terrain / exterieur,Commerce / relation client,TEH
syn-02778,S,4,3,3,4,Francais / Litterature|Economie / Gestion,Vente / negociation|Redaction / communication,Agriculture / environnement|Entrepreneuriat / business,Mixte,Recherche / enseignement,CAA
syn-02779,A2,3,3,3,3,Economie / Gestion|Langues etrangeres,Organisation / gestion de projet|Analyse de donnees / logique|Vente / negociation|Redaction / communication,Finance / comptabilite|Art / design / audiovisuel|Entrepreneuriat / business|Sciences,Bureau,Commerce / relation client|Creation / design,CAA
syn-02780,L,4,3,3,5,Mathematiques|Economie / Gestion,Analyse de donnees / logique|Vente / negociation,Finance / comptabilite|Sante / social|Sciences|Communication / medias,Atelier / usine,Creation / design,FIC
syn-02781,A2,1,3,4,4,Economie / Gestion|Physique-Chimie|Langues etrangeres,Vente / negociation|Redaction / communication,Entrepreneuriat / business|Sciences,Atelier / usine,Technique / ingenierie|Entrepreneur / independant,CAA
syn-02782,L,3,4,2,4,Informatique / Technologie|SVT|Langues etrangeres,Electronique / bricolage technique|Programmation|Vente / negociation,Tourisme / hotellerie|Agriculture / environnement|Art / design / audiovisuel|Finance / comptabilite,Bureau,Commerce / relation client,CAA
syn-02783,A2,2,3,3,3,Mathematiques|Physique-Chimie|Langues etrangeres,Redaction / communication|Vente / negociation,Communication / medias|Tourisme / hotellerie|Technologie / informatique,Mixte,Commerce / relation client|Gestion / management,CAA
syn-02784,A1,2,3,4,4,Informatique / Technologie|Histoire-Geographie,Electronique / bricolage technique|Programmation|Travail en equipe|Redaction / communication,Tourisme / hotellerie|Art / design / audiovisuel|Droit / justice,Bureau,Creation / design|Gestion / management,TEH
syn-02785,D,4,5,3,3,Arts|Langues etrangeres,Electronique / bricolage technique|Programmation|Vente / negociation|Travail en equipe,Droit / justice|BTP / construction|Communication / medias,Bureau,Technique / ingenierie,EMII
syn-02786,S,2,5,2,2,Economie / Gestion|SVT|Langues etrangeres,Organisation / gestion de projet|Electronique / bricolage technique,Sciences|Agriculture / environnement|Tourisme / hotellerie|Communication / medias,Terrain / exterieur,Gestion / management,AEE
syn-02787,Technique genie civil,4,3,3,1,Economie / Gestion|Francais / Litterature|Physique-Chimie,Electronique / bricolage technique|Vente / negociation|Organisation / gestion de projet,Communication / medias|Entrepreneuriat / business,Terrain / exterieur,Commerce / relation client|Technique / ingenierie,CAA
syn-02788,D,3,5,3,4,Informatique / Technologie|Langues etrangeres,Analyse de donnees / logique|Programmation,Droit / justice|Finance / comptabilite,Bureau,Entrepreneur / independant|Commerce / relation client,ISAIA
syn-02789,A1,2,2,5,3,Informatique / Technologie|Histoire-Geographie|Economie / Gestion,Electronique / bricolage technique|Programmation|Analyse de donnees / logique,Agriculture / environnement|Droit / justice|Communication / medias|Technologie / informatique,Terrain / exterieur,Entrepreneur / independant,TEE
syn-02790,S,5,4,3,2,Physique-Chimie|Informatique / Technologie|Mathematiques,Analyse de donnees / logique|Programmation|Electronique / bricolage technique,Entrepreneuriat / business|BTP / construction|Agriculture / environnement|Technologie / informatique,Mixte,Commerce / relation client|Creation / design,EMII
syn-02791,C,3,5,4,2,SVT|Mathematiques,Organisation / gestion de projet|Analyse de donnees / logique,Sciences|Sante / social|Finance / comptabilite,Bureau,Commerce / relation client,PIP
syn-02792,S,3,4,3,3,Physique-Chimie|Sport,Travail en equipe|Electronique / bricolage technique,BTP / construction|Entrepreneuriat / business|Tourisme / hotellerie|Art / design / audiovisuel,Mixte,Gestion / management,ICMP
syn-02793,C,5,4,4,4,Physique-Chimie|Mathematiques|Langues etrangeres,Vente / negociation|Travail en equipe|Electronique / bricolage technique|Programmation,Sciences|Technologie / informatique|Sante / social|Droit / justice,Bureau,Technique / ingenierie|Commerce / relation client,ESIIA
syn-02794,C,5,4,3,3,Histoire-Geographie|SVT|Informatique / Technologie,Programmation|Redaction / communication|Organisation / gestion de projet,Technologie / informatique|Entrepreneuriat / business|Sante / social,Bureau,Entrepreneur / independant,IGGLIA
syn-02795,A2,1,4,3,3,Sport|Economie / Gestion,Creativite / design|Vente / negociation,Entrepreneuriat / business|Sante / social,Mixte,Entrepreneur / independant,CAA
syn-02796,A1,2,2,3,4,Langues etrangeres|Economie / Gestion,Vente / negociation|Electronique / bricolage technique,Droit / justice|Tourisme / hotellerie|Art / design / audiovisuel|Finance / comptabilite,Terrain / exterieur,Commerce / relation client,TEH
syn-02797,D,4,4,3,2,Informatique / Technologie|Langues etrangeres,Programmation|Vente / negociation,Tourisme / hotellerie|Agriculture / environnement|Sciences|Technologie / informatique,Mixte,Recherche / enseignement|Gestion / management,ISAIA
syn-02798,D,3,4,3,3,Informatique / Technologie|SVT,Electronique / bricolage technique|Redaction / communication|Vente / negociation|Programmation,Sciences|BTP / construction|Technologie / informatique|Art / design / audiovisuel,Bureau,Commerce / relation client,AEE
syn-02799,A2,4,3,3,3,Histoire-Geographie|Arts,Creativite / design|Redaction / communication,Droit / justice|Communication / medias|Finance / comptabilite|Sciences,Atelier / usine,Technique / ingenierie,FIC
syn-02800,S,3,5,2,3,Physique-Chimie|Informatique / Technologie|Economie / Gestion,Analyse de donnees / logique|Programmation|Creativite / design,Sciences|Entrepreneuriat / business|Technologie / informatique|Tourisme / hotellerie,Bureau,Gestion / management,IGGLIA
syn-02801,S,4,4,4,3,SVT|Mathematiques,Analyse de donnees / logique|Electronique / bricolage technique|Programmation|Travail en equipe,Sciences|Sante / social|Agriculture / environnement,Mixte,Commerce / relation client|Gestion / management,PIP
syn-02802,C,5,4,4,4,Economie / Gestion|Mathematiques|Francais / Litterature,Analyse de donnees / logique|Organisation / gestion de projet|Travail en equipe,Finance / comptabilite|Tourisme / hotellerie,Mixte,Gestion / management|Commerce / relation client,FIC
syn-02803,Technique genie civil,4,3,2,2,SVT|Physique-Chimie,Analyse de donnees / logique|Programmation|Electronique / bricolage technique|Vente / negociation,Sante / social|Art / design / audiovisuel|Sciences|BTP / construction,Bureau,Creation / design,TEH
syn-02804,A1,1,3,3,4,Arts|Informatique / Technologie,Programmation|Organisation / gestion de projet|Electronique / bricolage technique,Tourisme / hotellerie|Sante / social,Bureau,Technique / ingenierie,EMP
syn-02805,A1,4,1,4,3,Francais / Litterature|Physique-Chimie|Mathematiques,Analyse de donnees / logique|Redaction / communication|Organisation / gestion de projet,BTP / construction|Finance / comptabilite|Tourisme / hotellerie|Communication / medias,Terrain / exterieur,Recherche / enseignement|Entrepreneur / independant,TEE
syn-02806,S,1,3,3,3,Arts|Sport,Electronique / bricolage technique|Creativite / design|Programmation|Travail en equipe,Entrepreneuriat / business|Communication / medias,Bureau,Commerce / relation client|Creation / design,IMTICIA
syn-02807,Technique industrielle,2,3,2,3,Histoire-Geographie|Informatique / Technologie|Physique-Chimie,Organisation / gestion de projet|Creativite / design,Sciences|Technologie / informatique|Communication / medias|Droit / justice,Bureau,Technique / ingenierie|Recherche / enseignement,IMTICIA
syn-02808,D,3,4,4,3,Arts|Economie / Gestion,Creativite / design|Organisation / gestion de projet,Finance / comptabilite|Droit / justice|Sante / social|BTP / construction,Bureau,Creation / design|Commerce / relation client,FIC
syn-02809,S,4,5,3,4,Mathematiques|Sport,Analyse de donnees / logique|Travail en equipe|Redaction / communication|Creativite / design,Finance / comptabilite|Communication / medias|Sciences|Agriculture / environnement,Laboratoire,Recherche / enseignement|Entrepreneur / independant,ISAIA
syn-02810,Technique industrielle,3,5,2,3,Informatique / Technologie|Arts|Physique-Chimie,Creativite / design|Analyse de donnees / logique,Sante / social|BTP / construction|Finance / comptabilite,Laboratoire,Gestion / management,ICMP
syn-02811,D,3,3,3,3,Informatique / Technologie|Francais / Litterature,Analyse de donnees / logique|Programmation|Redaction / communication,Technologie / informatique|Communication / medias,Mixte,Entrepreneur / independant|Recherche / enseignement,IGGLIA
syn-02812,D,4,2,4,4,Histoire-Geographie|Langues etrangeres,Analyse de donnees / logique|Vente / negociation,Finance / comptabilite|Droit / justice|Agriculture / environnement,Atelier / usine,Entrepreneur / independant|Creation / design,FIC
syn-02813,D,4,2,3,3,Sport|SVT|Arts,Travail en equipe|Redaction / communication|Analyse de donnees / logique|Creativite / design,Finance / comptabilite|Sciences,Bureau,Creation / design,FIC
syn-02814,L,3,1,5,4,Francais / Litterature|Informatique / Technologie|Mathematiques,Programmation|Redaction / communication|Organisation / gestion de projet,Sante / social|Sciences|Finance / comptabilite,Bureau,Gestion / management|Commerce / relation client,FIC
syn-02815,Technique agricole,3,3,3,3,Informatique / Technologie|Physique-Chimie|Francais / Litterature,Electronique / bricolage technique|Programmation,Communication / medias|Agriculture / environnement|Finance / comptabilite,Terrain / exterieur,Commerce / relation client|Creation / design,TEE
syn-02816,A2,2,2,4,2,Mathematiques|SVT,Vente / negociation|Analyse de donnees / logique|Electronique / bricolage technique|Creativite / design,Finance / comptabilite|Sciences|Droit / justice|Agriculture / environnement,Atelier / usine,Commerce / relation client|Creation / design,DTJA
syn-02817,D,4,2,2,2,SVT|Sport,Travail en equipe|Creativite / design,Communication / medias|Sante / social,Laboratoire,Commerce / relation client|Creation / design,IMTICIA
syn-02818,L,1,4,2,3,Sport|SVT,Organisation / gestion de projet|Analyse de donnees / logique,Art / design / audiovisuel|Entrepreneuriat / business|Sante / social|Agriculture / environnement,Laboratoire,Commerce / relation client|Entrepreneur / independant,CAA
syn-02819,L,2,3,4,3,SVT|Sport|Francais / Litterature,Analyse de donnees / logique|Vente / negociation,Tourisme / hotellerie|Art / design / audiovisuel|BTP / construction,Mixte,Gestion / management|Creation / design,TEH
syn-02820,S,5,5,3,5,Economie / Gestion|Histoire-Geographie,Vente / negociation|Electronique / bricolage technique|Redaction / communication|Organisation / gestion de projet,Sante / social|Communication / medias,Laboratoire,Entrepreneur / independant|Technique / ingenierie,EMII
syn-02821,C,3,2,3,2,SVT|Physique-Chimie,Electronique / bricolage technique|Travail en equipe|Analyse de donnees / logique|Programmation,BTP / construction|Droit / justice|Sante / social|Agriculture / environnement,Mixte,Creation / design|Commerce / relation client,AEE
syn-02822,L,1,1,3,3,Francais / Litterature|SVT,Redaction / communication|Organisation / gestion de projet,Communication / medias|Droit / justice,Mixte,Recherche / enseignement,DTJA
syn-02823,C,3,4,3,3,Sport|Francais / Litterature,Redaction / communication|Travail en equipe,Finance / comptabilite|Droit / justice|Sciences|Communication / medias,Mixte,Recherche / enseignement|Technique / ingenierie,PIP
syn-02824,A2,2,3,5,3,Francais / Litterature|Physique-Chimie,Redaction / communication|Electronique / bricolage technique|Analyse de donnees / logique|Vente / negociation,Sciences|Droit / justice,Laboratoire,Recherche / enseignement,DTJA
syn-02825,Technique industrielle,3,5,4,1,Francais / Litterature|SVT|Langues etrangeres,Electronique / bricolage technique|Redaction / communication|Organisation / gestion de projet|Travail en equipe,Sciences|Tourisme / hotellerie|Communication / medias|Agriculture / environnement,Bureau,Technique / ingenierie,ESIIA
syn-02826,S,3,3,2,4,Arts|Mathematiques,Creativite / design|Analyse de donnees / logique,Technologie / informatique|Communication / medias|Sciences,Atelier / usine,Recherche / enseignement,IMTICIA
syn-02827,L,3,2,4,3,Mathematiques|Sport|Langues etrangeres,Redaction / communication|Analyse de donnees / logique|Electronique / bricolage technique|Programmation,Technologie / informatique|Communication / medias|Art / design / audiovisuel|Finance / comptabilite,Mixte,Commerce / relation client,TEH
syn-02828,C,3,4,3,3,Francais / Litterature|Mathematiques|Informatique / Technologie,Programmation|Redaction / communication|Electronique / bricolage technique|Vente / negociation,Communication / medias|Entrepreneuriat / business,Atelier / usine,Technique / ingenierie,EMII
syn-02829,L,3,2,4,4,Economie / Gestion|Sport|Histoire-Geographie,Vente / negociation|Organisation / gestion de projet|Programmation|Electronique / bricolage technique,Finance / comptabilite|Sante / social|BTP / construction,Laboratoire,Gestion / management,FIC
syn-02830,A2,2,2,3,2,Langues etrangeres|Arts|Sport,Vente / negociation|Creativite / design|Travail en equipe,Tourisme / hotellerie|Sante / social|BTP / construction|Communication / medias,Terrain / exterieur,Commerce / relation client|Gestion / management,TEE
syn-02831,L,2,2,4,3,Informatique / Technologie|Francais / Litterature|Economie / Gestion,Organisation / gestion de projet|Creativite / design|Travail en equipe,Entrepreneuriat / business|Communication / medias,Terrain / exterieur,Recherche / enseignement,CAA
syn-02832,C,5,2,4,4,Mathematiques|Sport|Francais / Litterature,Redaction / communication|Programmation,Communication / medias|Finance / comptabilite|Sciences,Bureau,Entrepreneur / independant|Recherche / enseignement,ISAIA
syn-02833,A1,1,3,3,4,Economie / Gestion|Arts,Vente / negociation|Organisation / gestion de projet|Creativite / design|Travail en equipe,Entrepreneuriat / business|Communication / medias|Sciences|Agriculture / environnement,Laboratoire,Commerce / relation client|Recherche / enseignement,CAA
syn-02834,C,4,4,1,4,Economie / Gestion|Sport|Mathematiques,Analyse de donnees / logique|Travail en equipe|Vente / negociation,Finance / comptabilite|Sciences|Droit / justice,Terrain / exterieur,Gestion / management,ISAIA
syn-02835,S,4,4,3,2,Mathematiques|Histoire-Geographie|Informatique / Technologie,Programmation|Travail en equipe,Sciences|Tourisme / hotellerie|Technologie / informatique|Droit / justice,Atelier / usine,Creation / design|Recherche / enseignement,ESIIA
syn-02836,A2,3,2,3,2,Langues etrangeres|Francais / Litterature,Vente / negociation|Redaction / communication|Electronique / bricolage technique,Communication / medias|Tourisme / hotellerie|Agriculture / environnement,Mixte,Gestion / management,DTJA
syn-02837,C,3,3,1,2,Histoire-Geographie|SVT|Physique-Chimie,Analyse de donnees / logique|Creativite / design|Programmation|Electronique / bricolage technique,Sante / social|Tourisme / hotellerie|Technologie / informatique,Bureau,Recherche / enseignement|Creation / design,ESIIA
syn-02838,C,4,4,3,3,Arts|SVT,Creativite / design|Electronique / bricolage technique,Sciences|Agriculture / environnement,Atelier / usine,Recherche / enseignement|Creation / design,IAA
syn-02839,A1,3,2,4,2,Arts|Langues etrangeres|Informatique / Technologie,Electronique / bricolage technique|Redaction / communication|Travail en equipe|Creativite / design,Tourisme / hotellerie|BTP / construction|Technologie / informatique,Bureau,Recherche / enseignement,TEH
syn-02840,A2,3,3,2,2,Physique-Chimie|Histoire-Geographie,Travail en equipe|Redaction / communication,Tourisme / hotellerie|Droit / justice|BTP / construction|Technologie / informatique,Bureau,Recherche / enseignement|Commerce / relation client,DTJA
syn-02841,D,4,3,4,3,SVT|Mathematiques|Economie / Gestion,Analyse de donnees / logique|Organisation / gestion de projet,Entrepreneuriat / business|Finance / comptabilite|Sciences|Technologie / informatique,Terrain / exterieur,Gestion / management|Technique / ingenierie,ISAIA
syn-02842,D,3,4,4,2,Arts|Histoire-Geographie|Mathematiques,Creativite / design|Programmation|Travail en equipe,Droit / justice|Sciences|Agriculture / environnement|Tourisme / hotellerie,Atelier / usine,Recherche / enseignement,TEE
syn-02843,S,3,3,3,3,Langues etrangeres|Sport|SVT,Redaction / communication|Programmation|Electronique / bricolage technique|Organisation / gestion de projet,Agriculture / environnement|BTP / construction|Tourisme / hotellerie,Mixte,Commerce / relation client|Creation / design,TEE
syn-02844,D,4,4,4,3,Francais / Litterature|Mathematiques|Sport,Programmation|Travail en equipe|Creativite / design|Vente / negociation,Communication / medias|Sciences|Droit / justice,Bureau,Creation / design,ISAIA
syn-02845,C,3,4,4,3,Mathematiques|Histoire-Geographie|Physique-Chimie,Analyse de donnees / logique|Electronique / bricolage technique|Programmation|Vente / negociation,BTP / construction|Sciences|Droit / justice|Tourisme / hotellerie,Atelier / usine,Creation / design,EMII
syn-02846,C,3,5,3,3,Physique-Chimie|Francais / Litterature|Informatique / Technologie,Analyse de donnees / logique|Electronique / bricolage technique|Redaction / communication,Entrepreneuriat / business|Droit / justice|Sciences,Atelier / usine,Entrepreneur / independant|Commerce / relation client,EMII
syn-02847,C,4,4,3,5,Histoire-Geographie|Sport|Economie / Gestion,Travail en equipe|Organisation / gestion de projet|Electronique / bricolage technique,Droit / justice|Entrepreneuriat / business|Tourisme / hotellerie,Bureau,Creation / design|Recherche / enseignement,FIC
syn-02848,L,2,3,5,3,Sport|Physique-Chimie,Redaction / communication|Creativite / design,Tourisme / hotellerie|Sciences|Droit / justice,Mixte,Gestion / management|Recherche / enseignement,DTJA
syn-02849,D,3,4,2,2,Physique-Chimie|SVT,Analyse de donnees / logique|Redaction / communication,Sciences|Sante / social|Technologie / informatique|Agriculture / environnement,Bureau,Recherche / enseignement,PIP
syn-02850,S,4,4,3,3,Physique-Chimie|Informatique / Technologie|Economie / Gestion,Vente / negociation|Creativite / design|Analyse de donnees / logique|Programmation,Technologie / informatique|Entrepreneuriat / business|Communication / medias|Agriculture / environnement,Mixte,Creation / design,CAA
syn-02851,D,4,5,5,3,Francais / Litterature|SVT|Economie / Gestion,Analyse de donnees / logique|Organisation / gestion de projet|Creativite / design,Sciences|Droit / justice,Mixte,Creation / design|Gestion / management,IAA
syn-02852,D,4,2,3,4,Sport|Arts,Creativite / design|Travail en equipe|Programmation|Electronique / bricolage technique,Agriculture / environnement|Sante / social,Terrain / exterieur,Creation / design,AEE
syn-02853,C,4,3,3,4,Histoire-Geographie|Arts|Langues etrangeres,Creativite / design|Redaction / communication,Communication / medias|Agriculture / environnement|Droit / justice,Mixte,Creation / design,IMTICIA
syn-02854,C,5,5,2,3,Mathematiques|Arts,Analyse de donnees / logique|Travail en equipe|Redaction / communication,Sciences|Finance / comptabilite|BTP / construction,Bureau,Gestion / management,IAA
syn-02855,A2,3,3,4,3,Informatique / Technologie|Arts|Physique-Chimie,Organisation / gestion de projet|Creativite / design|Electronique / bricolage technique,Art / design / audiovisuel|Sciences|BTP / construction|Finance / comptabilite,Terrain / exterieur,Recherche / enseignement|Technique / ingenierie,IAA
syn-02856,D,3,5,3,2,Economie / Gestion|Francais / Litterature|Arts,Travail en equipe|Creativite / design|Analyse de donnees / logique,Communication / medias|Art / design / audiovisuel,Terrain / exterieur,Commerce / relation client,IMTICIA
syn-02857,S,4,3,2,5,Langues etrangeres|Physique-Chimie,Organisation / gestion de projet|Analyse de donnees / logique|Vente / negociation|Travail en equipe,Agriculture / environnement|Tourisme / hotellerie|Finance / comptabilite|Entrepreneuriat / business,Atelier / usine,Gestion / management|Commerce / relation client,EMP
syn-02858,A1,2,2,3,3,Mathematiques|Arts,Creativite / design|Programmation|Analyse de donnees / logique,Art / design / audiovisuel|BTP / construction|Entrepreneuriat / business,Bureau,Gestion / management,FIC
syn-02859,D,4,3,2,1,Economie / Gestion|Mathematiques|Histoire-Geographie,Analyse de donnees / logique|Vente / negociation|Organisation / gestion de projet|Electronique / bricolage technique,Droit / justice|Sciences|Finance / comptabilite|Entrepreneuriat / business,Terrain / exterieur,Technique / ingenierie|Entrepreneur / independant,ISAIA
syn-02860,L,2,5,4,5,Histoire-Geographie|Informatique / Technologie|Francais / Litterature,Organisation / gestion de projet|Redaction / communication|Programmation,Droit / justice|Tourisme / hotellerie|Sante / social,Mixte,Creation / design|Technique / ingenierie,DTJA
syn-02861,D,4,4,2,5,Mathematiques|SVT,Analyse de donnees / logique|Programmation|Redaction / communication,Technologie / informatique|Communication / medias|Finance / comptabilite,Mixte,Gestion / management|Creation / design,ISAIA
syn-02862,S,5,2,3,3,Economie / Gestion|Francais / Litterature|Sport,Redaction / communication|Organisation / gestion de projet,Communication / medias|Technologie / informatique|Tourisme / hotellerie|Sciences,Mixte,Gestion / management,FIC
syn-02863,A2,2,4,4,5,Histoire-Geographie|Mathematiques,Analyse de donnees / logique|Creativite / design|Travail en equipe,Tourisme / hotellerie|Finance / comptabilite|Communication / medias,Mixte,Entrepreneur / independant,TEH
syn-02864,A1,3,3,4,4,Economie / Gestion|SVT|Arts,Organisation / gestion de projet|Analyse de donnees / logique|Creativite / design,Art / design / audiovisuel|Tourisme / hotellerie|Entrepreneuriat / business|Technologie / informatique,Laboratoire,Technique / ingenierie|Creation / design,EMP
syn-02865,D,4,3,2,1,Sport|Informatique / Technologie|Arts,Vente / negociation|Travail en equipe|Programmation|Electronique / bricolage technique,Agriculture / environnement|Sciences|Technologie / informatique,Atelier / usine,Creation / design|Technique / ingenierie,IGGLIA
syn-02866,S,2,4,2,4,Physique-Chimie|SVT|Economie / Gestion,Organisation / gestion de projet|Analyse de donnees / logique|Vente / negociation,Sante / social|Finance / comptabilite|Tourisme / hotellerie|Droit / justice,Mixte,Creation / design,EMP
syn-02867,S,4,4,1,4,Sport|Informatique / Technologie|Francais / Litterature,Programmation|Redaction / communication|Electronique / bricolage technique,Finance / comptabilite|Technologie / informatique|Sante / social|BTP / construction,Mixte,Technique / ingenierie,IGGLIA
syn-02868,D,4,3,2,3,Mathematiques|Informatique / Technologie|Physique-Chimie,Electronique / bricolage technique|Analyse de donnees / logique,Sciences|Finance / comptabilite|Agriculture / environnement|Sante / social,Bureau,Recherche / enseignement,ISAIA
syn-02869,S,5,2,4,2,Mathematiques|Francais / Litterature|Economie / Gestion,Programmation|Organisation / gestion de projet|Redaction / communication|Vente / negociation,Communication / medias|Droit / justice,Bureau,Recherche / enseignement,IMTICIA
syn-02870,L,2,2,3,2,Sport|Arts,Creativite / design|Programmation,Communication / medias|Sciences|Art / design / audiovisuel,Bureau,Recherche / enseignement|Creation / design,TEH
syn-02871,Technique agricole,2,4,3,2,Physique-Chimie|SVT|Informatique / Technologie,Electronique / bricolage technique|Organisation / gestion de projet|Creativite / design,Sante / social|Tourisme / hotellerie|Sciences|Art / design / audiovisuel,Bureau,Entrepreneur / independant|Technique / ingenierie,PIP
syn-02872,S,4,4,4,3,Mathematiques|SVT,Analyse de donnees / logique|Programmation|Organisation / gestion de projet|Redaction / communication,Sciences|Agriculture / environnement|BTP / construction,Terrain / exterieur,Technique / ingenierie,ISAIA
syn-02873,D,3,4,4,4,SVT|Francais / Litterature|Arts,Creativite / design|Programmation|Electronique / bricolage technique|Travail en equipe,Communication / medias|Agriculture / environnement|Sante / social|Technologie / informatique,Bureau,Gestion / management,IMTICIA
syn-02874,S,4,4,3,3,Economie / Gestion|SVT|Sport,Redaction / communication|Vente / negociation|Organisation / gestion de projet,Sciences|Communication / medias|Entrepreneuriat / business,Mixte,Entrepreneur / independant|Recherche / enseignement,CAA
syn-02875,S,4,4,3,4,SVT|Histoire-Geographie,Analyse de donnees / logique|Electronique / bricolage technique|Redaction / communication|Programmation,Agriculture / environnement|Sciences|Tourisme / hotellerie|Communication / medias,Mixte,Recherche / enseignement,ESIIA
syn-02876,L,3,3,2,3,Economie / Gestion|Mathematiques|Histoire-Geographie,Vente / negociation|Programmation|Organisation / gestion de projet,Finance / comptabilite|Agriculture / environnement,Terrain / exterieur,Gestion / management,FIC
syn-02877,S,4,3,3,3,Arts|Langues etrangeres|Informatique / Technologie,Electronique / bricolage technique|Creativite / design|Analyse de donnees / logique,Technologie / informatique|Entrepreneuriat / business|Finance / comptabilite|Communication / medias,Laboratoire,Recherche / enseignement|Entrepreneur / independant,ISAIA
syn-02878,C,4,4,3,3,Physique-Chimie|Francais / Litterature,Redaction / communication|Analyse de donnees / logique|Vente / negociation,Entrepreneuriat / business|Communication / medias|Sante / social,Atelier / usine,Technique / ingenierie|Recherche / enseignement,EMII
syn-02879,D,2,2,3,2,Informatique / Technologie|Histoire-Geographie,Electronique / bricolage technique|Organisation / gestion de projet|Programmation,Technologie / informatique|Sante / social|Tourisme / hotellerie,Atelier / usine,Commerce / relation client|Recherche / enseignement,ESIIA
syn-02880,D,4,4,4,3,Langues etrangeres|Physique-Chimie|Sport,Electronique / bricolage technique|Organisation / gestion de projet|Analyse de donnees / logique|Redaction / communication,Art / design / audiovisuel|BTP / construction,Bureau,Commerce / relation client,EMII
syn-02881,D,2,5,2,2,Mathematiques|Economie / Gestion|Sport,Programmation|Travail en equipe|Vente / negociation|Organisation / gestion de projet,Entrepreneuriat / business|Tourisme / hotellerie,Bureau,Commerce / relation client|Gestion / management,CAA
syn-02882,S,4,3,2,5,Physique-Chimie|Mathematiques,Analyse de donnees / logique|Organisation / gestion de projet|Electronique / bricolage technique,BTP / construction|Finance / comptabilite|Sciences,Mixte,Creation / design|Commerce / relation client,FIC
syn-02883,S,4,3,5,3,Physique-Chimie|Francais / Litterature,Electronique / bricolage technique|Redaction / communication|Analyse de donnees / logique|Programmation,Communication / medias|Finance / comptabilite|Sciences|Droit / justice,Atelier / usine,Technique / ingenierie,DTJA
syn-02884,S,3,2,3,2,SVT|Francais / Litterature,Electronique / bricolage technique|Programmation|Redaction / communication|Organisation / gestion de projet,Sciences|Droit / justice|Communication / medias|Sante / social,Laboratoire,Gestion / management|Technique / ingenierie,DTJA
syn-02885,Technique agricole,2,5,2,3,Langues etrangeres|SVT|Histoire-Geographie,Analyse de donnees / logique|Redaction / communication|Programmation|Travail en equipe,Tourisme / hotellerie|Agriculture / environnement|Communication / medias|Droit / justice,Bureau,Recherche / enseignement,AEE
syn-02886,S,4,2,4,2,Francais / Litterature|Langues etrangeres,Organisation / gestion de projet|Redaction / communication,Droit / justice|Art / design / audiovisuel|Finance / comptabilite,Mixte,Entrepreneur / independant,DTJA
syn-02887,S,3,3,3,4,Francais / Litterature|Mathematiques,Electronique / bricolage technique|Analyse de donnees / logique|Programmation,Sante / social|Communication / medias,Bureau,Recherche / enseignement,ISAIA
syn-02888,L,1,1,2,4,Sport|Physique-Chimie|Histoire-Geographie,Electronique / bricolage technique|Organisation / gestion de projet|Travail en equipe|Analyse de donnees / logique,BTP / construction|Sciences|Tourisme / hotellerie,Mixte,Gestion / management,EMP
syn-02889,Technique industrielle,2,3,2,3,Economie / Gestion|SVT,Redaction / communication|Electronique / bricolage technique|Organisation / gestion de projet|Programmation,Finance / comptabilite|Tourisme / hotellerie|Sciences,Bureau,Creation / design|Recherche / enseignement,TEE
syn-02890,L,3,3,4,5,Arts|Francais / Litterature,Redaction / communication|Creativite / design|Electronique / bricolage technique,Art / design / audiovisuel|Communication / medias|Droit / justice,Terrain / exterieur,Commerce / relation client|Gestion / management,DTJA
syn-02891,D,4,5,3,3,Mathematiques|Francais / Litterature,Organisation / gestion de projet|Programmation,BTP / construction|Finance / comptabilite|Droit / justice|Communication / medias,Bureau,Entrepreneur / independant|Creation / design,ISAIA
syn-02892,C,5,4,2,3,SVT|Arts|Francais / Litterature,Redaction / communication|Organisation / gestion de projet|Analyse de donnees / logique|Programmation,Droit / justice|BTP / construction|Agriculture / environnement,Terrain / exterieur,Commerce / relation client|Technique / ingenierie,ISAIA
syn-02893,C,4,2,3,3,Francais / Litterature|Physique-Chimie|Economie / Gestion,Analyse de donnees / logique|Vente / negociation|Electronique / bricolage technique,Sciences|Droit / justice|BTP / construction,Atelier / usine,Entrepreneur / independant,CAA
syn-02894,C,3,4,4,2,Physique-Chimie|Economie / Gestion,Vente / negociation|Analyse de donnees / logique|Organisation / gestion de projet|Electronique / bricolage technique,Sciences|Entrepreneuriat / business|Agriculture / environnement|BTP / construction,Atelier / usine,Entrepreneur / independant,AEE
syn-02895,C,4,4,2,3,Physique-Chimie|Sport,Travail en equipe|Organisation / gestion de projet|Electronique / bricolage technique|Vente / negociation,BTP / construction|Communication / medias|Sante / social|Entrepreneuriat / business,Terrain / exterieur,Gestion / management|Commerce / relation client,PIP
syn-02896,A2,3,1,3,4,Histoire-Geographie|Arts|Economie / Gestion,Travail en equipe|Creativite / design,Agriculture / environnement|Finance / comptabilite|Art / design / audiovisuel|BTP / construction,Laboratoire,Entrepreneur / independant|Commerce / relation client,EMP
syn-02897,D,3,5,1,4,Mathematiques|Informatique / Technologie|Langues etrangeres,Vente / negociation|Programmation|Redaction / communication,Technologie / informatique|Communication / medias|Agriculture / environnement,Terrain / exterieur,Commerce / relation client|Entrepreneur / independant,IGGLIA
syn-02898,A1,1,4,4,4,Langues etrangeres|Economie / Gestion|Francais / Litterature,Organisation / gestion de projet|Creativite / design|Vente / negociation|Analyse de donnees / logique,Agriculture / environnement|Droit / justice|Sciences|Communication / medias,Atelier / usine,Commerce / relation client,FIC
syn-02899,D,3,3,2,3,Arts|Mathematiques|Economie / Gestion,Vente / negociation|Creativite / design,Sante / social|Entrepreneuriat / business|BTP / construction|Tourisme / hotellerie,Terrain / exterieur,Commerce / relation client,CAA
syn-02900,D,4,3,4,4,Sport|Economie / Gestion,Vente / negociation|Organisation / gestion de projet|Travail en equipe|Redaction / communication,Finance / comptabilite|Entrepreneuriat / business|Sciences,Mixte,Recherche / enseignement,ISAIA
syn-02901,S,5,3,2,5,Physique-Chimie|Mathematiques,Programmation|Analyse de donnees / logique,Droit / justice|Finance / comptabilite,Bureau,Technique / ingenierie|Recherche / enseignement,ISAIA
syn-02902,S,4,4,3,3,Histoire-Geographie|Sport|Physique-Chimie,Vente / negociation|Electronique / bricolage technique|Travail en equipe,Agriculture / environnement|Tourisme / hotellerie,Mixte,Technique / ingenierie,TEE
syn-02903,S,4,3,3,4,Langues etrangeres|Arts,Creativite / design|Redaction / communication|Programmation|Analyse de donnees / logique,Tourisme / hotellerie|Communication / medias|Art / design / audiovisuel,Terrain / exterieur,Entrepreneur / independant|Creation / design,IMTICIA
syn-02904,C,5,2,3,1,Mathematiques|Histoire-Geographie|Sport,Analyse de donnees / logique|Travail en equipe|Electronique / bricolage technique|Redaction / communication,Sciences|Technologie / informatique|Droit / justice|Tourisme / hotellerie,Mixte,Recherche / enseignement|Entrepreneur / independant,ISAIA
syn-02905,D,3,4,3,1,Physique-Chimie|Sport,Analyse de donnees / logique|Electronique / bricolage technique|Redaction / communication,BTP / construction|Tourisme / hotellerie|Communication / medias,Terrain / exterieur,Technique / ingenierie,EMII
syn-02906,C,5,2,2,3,Physique-Chimie|Mathematiques|Arts,Redaction / communication|Electronique / bricolage technique|Analyse de donnees / logique,Communication / medias|Sante / social|Art / design / audiovisuel,Bureau,Recherche / enseignement|Gestion / management,ISAIA
syn-02907,D,4,2,2,3,Langues etrangeres|Economie / Gestion|Francais / Litterature,Electronique / bricolage technique|Redaction / communication,Communication / medias|Sante / social|Entrepreneuriat / business|Tourisme / hotellerie,Bureau,Recherche / enseignement,CAA
syn-02908,S,4,3,2,2,Informatique / Technologie|Sport,Electronique / bricolage technique|Redaction / communication|Travail en equipe,Technologie / informatique|BTP / construction,Terrain / exterieur,Commerce / relation client|Technique / ingenierie,ISAIA
syn-02909,C,3,3,3,2,SVT|Informatique / Technologie,Analyse de donnees / logique|Programmation|Organisation / gestion de projet,Sante / social|Droit / justice,Terrain / exterieur,Creation / design|Commerce / relation client,IMTICIA
syn-02910,C,3,2,2,2,Physique-Chimie|Arts|Langues etrangeres,Analyse de donnees / logique|Vente / negociation,Technologie / informatique|Communication / medias|Art / design / audiovisuel,Bureau,Entrepreneur / independant|Recherche / enseignement,IMTICIA
syn-02911,A1,3,2,4,3,Physique-Chimie|Sport|SVT,Creativite / design|Travail en equipe,Sante / social|Sciences|Agriculture / environnement|Technologie / informatique,Mixte,Creation / design,TEE
syn-02912,C,2,2,2,2,Francais / Litterature|Physique-Chimie|Sport,Analyse de donnees / logique|Redaction / communication,Art / design / audiovisuel|Droit / justice,Mixte,Recherche / enseignement,DTJA
syn-02913,S,4,3,3,4,Langues etrangeres|Mathematiques,Redaction / communication|Organisation / gestion de projet|Vente / negociation|Travail en equipe,Sciences|Tourisme / hotellerie|Finance / comptabilite|Technologie / informatique,Bureau,Technique / ingenierie|Entrepreneur / independant,FIC
syn-02914,A1,2,2,3,2,SVT|Francais / Litterature|Economie / Gestion,Programmation|Redaction / communication|Vente / negociation|Organisation / gestion de projet,Finance / comptabilite|Communication / medias|Sciences,Bureau,Commerce / relation client,CAA
syn-02915,C,2,3,2,4,Informatique / Technologie|Sport,Programmation|Organisation / gestion de projet|Travail en equipe|Vente / negociation,Technologie / informatique|Art / design / audiovisuel|Sciences,Atelier / usine,Gestion / management,ESIIA
syn-02916,L,3,2,3,2,Sport|Langues etrangeres|Mathematiques,Redaction / communication|Vente / negociation|Travail en equipe,Technologie / informatique|Tourisme / hotellerie,Bureau,Technique / ingenierie|Entrepreneur / independant,TEE
syn-02917,S,4,4,1,4,Economie / Gestion|Histoire-Geographie|Informatique / Technologie,Programmation|Electronique / bricolage technique|Vente / negociation,Technologie / informatique|BTP / construction,Mixte,Technique / ingenierie,EMII
syn-02918,A2,3,2,4,4,Francais / Litterature|Sport,Redaction / communication|Programmation|Travail en equipe,Droit / justice|Agriculture / environnement,Mixte,Entrepreneur / independant,DTJA
syn-02919,D,3,4,3,3,Arts|Economie / Gestion|Informatique / Technologie,Creativite / design|Programmation,Sciences|Communication / medias|Finance / comptabilite|Technologie / informatique,Bureau,Recherche / enseignement|Creation / design,IMTICIA
syn-02920,D,4,3,3,4,Sport|Informatique / Technologie|Langues etrangeres,Analyse de donnees / logique|Programmation|Organisation / gestion de projet|Travail en equipe,Sciences|Droit / justice|Tourisme / hotellerie,Bureau,Technique / ingenierie|Entrepreneur / independant,ISAIA
syn-02921,A2,2,2,3,3,Physique-Chimie|Informatique / Technologie,Creativite / design|Electronique / bricolage technique,Technologie / informatique|Tourisme / hotellerie,Atelier / usine,Technique / ingenierie|Entrepreneur / independant,TEH
syn-02922,S,4,4,4,3,SVT|Francais / Litterature|Arts,Redaction / communication|Organisation / gestion de projet|Analyse de donnees / logique|Creativite / design,Agriculture / environnement|Communication / medias|Finance / comptabilite|Sciences,Bureau,Recherche / enseignement|Technique / ingenierie,IAA
syn-02923,D,3,5,4,2,SVT|Francais / Litterature,Redaction / communication|Vente / negociation|Travail en equipe|Organisation / gestion de projet,Sciences|Communication / medias|Droit / justice,Terrain / exterieur,Commerce / relation client|Gestion / management,TEE
syn-02924,A2,3,3,3,3,Physique-Chimie|SVT|Histoire-Geographie,Analyse de donnees / logique|Organisation / gestion de projet|Travail en equipe|Redaction / communication,Technologie / informatique|Communication / medias|Sante / social|Entrepreneuriat / business,Bureau,Technique / ingenierie,PIP
syn-02925,S,4,4,3,3,Arts|Economie / Gestion|SVT,Vente / negociation|Programmation,Finance / comptabilite|Entrepreneuriat / business,Bureau,Creation / design|Recherche / enseignement,CAA
syn-02926,C,4,2,2,2,Informatique / Technologie|Francais / Litterature|Histoire-Geographie,Electronique / bricolage technique|Programmation|Creativite / design|Analyse de donnees / logique,Technologie / informatique|Tourisme / hotellerie|Communication / medias|Droit / justice,Mixte,Gestion / management,IGGLIA
syn-02927,S,5,3,2,3,Histoire-Geographie|Physique-Chimie|Sport,Travail en equipe|Organisation / gestion de projet|Analyse de donnees / logique|Electronique / bricolage technique,Art / design / audiovisuel|BTP / construction,Bureau,Recherche / enseignement|Gestion / management,ISAIA
syn-02928,D,2,3,2,3,Economie / Gestion|Langues etrangeres,Electronique / bricolage technique|Vente / negociation,Entrepreneuriat / business|Tourisme / hotellerie|Finance / comptabilite|Droit / justice,Laboratoire,Commerce / relation client,CAA
syn-02929,C,3,3,4,3,Economie / Gestion|Langues etrangeres,Creativite / design|Programmation|Organisation / gestion de projet,Droit / justice|Sciences,Mixte,Recherche / enseignement,TEH
syn-02930,Technique genie civil,2,4,3,3,Langues etrangeres|Informatique / Technologie,Organisation / gestion de projet|Redaction / communication,Agriculture / environnement|Communication / medias,Bureau,Gestion / management|Creation / design,TEE
syn-02931,A2,3,3,3,3,Langues etrangeres|Histoire-Geographie|Francais / Litterature,Redaction / communication|Vente / negociation|Creativite / design,Communication / medias|Droit / justice|Sciences|Technologie / informatique,Laboratoire,Recherche / enseignement,DTJA
syn-02932,D,2,4,4,2,SVT|Economie / Gestion|Francais / Litterature,Programmation|Organisation / gestion de projet|Redaction / communication|Travail en equipe,Agriculture / environnement|Finance / comptabilite,Bureau,Gestion / management,FIC
syn-02933,S,4,3,3,3,SVT|Histoire-Geographie,Vente / negociation|Organisation / gestion de projet|Analyse de donnees / logique,Sante / social|Entrepreneuriat / business|Sciences,Bureau,Recherche / enseignement|Technique / ingenierie,ISAIA
syn-02934,D,3,3,3,3,Physique-Chimie|Langues etrangeres|Histoire-Geographie,Creativite / design|Electronique / bricolage technique,Communication / medias|Art / design / audiovisuel|Droit / justice|Tourisme / hotellerie,Bureau,Entrepreneur / independant,ESIIA
syn-02935,D,5,2,1,4,Economie / Gestion|Mathematiques,Vente / negociation|Analyse de donnees / logique|Programmation,Entrepreneuriat / business|Art / design / audiovisuel,Mixte,Creation / design,ISAIA
syn-02936,C,3,5,3,3,Mathematiques|Histoire-Geographie,Organisation / gestion de projet|Analyse de donnees / logique|Redaction / communication|Electronique / bricolage technique,Sciences|Agriculture / environnement|Tourisme / hotellerie|Droit / justice,Bureau,Gestion / management|Entrepreneur / independant,DTJA
syn-02937,A2,3,3,2,2,Sport|Physique-Chimie|SVT,Analyse de donnees / logique|Travail en equipe,Sante / social|Agriculture / environnement|Sciences|BTP / construction,Bureau,Commerce / relation client|Entrepreneur / independant,IAA
syn-02938,L,2,2,3,3,Economie / Gestion|Informatique / Technologie,Electronique / bricolage technique|Programmation|Travail en equipe|Vente / negociation,Tourisme / hotellerie|Entrepreneuriat / business,Bureau,Technique / ingenierie,CAA
syn-02939,S,4,4,2,3,Francais / Litterature|SVT,Organisation / gestion de projet|Creativite / design|Redaction / communication|Analyse de donnees / logique,Agriculture / environnement|Sante / social|Droit / justice|Communication / medias,Mixte,Entrepreneur / independant|Commerce / relation client,AEE
syn-02940,A1,1,2,3,3,Physique-Chimie|Informatique / Technologie,Electronique / bricolage technique|Programmation|Organisation / gestion de projet,BTP / construction|Sciences|Sante / social|Agriculture / environnement,Terrain / exterieur,Technique / ingenierie|Recherche / enseignement,EMP
syn-02941,S,3,3,3,3,Physique-Chimie|Informatique / Technologie,Vente / negociation|Electronique / bricolage technique|Programmation|Analyse de donnees / logique,Technologie / informatique|Droit / justice|Tourisme / hotellerie,Terrain / exterieur,Creation / design,ESIIA
syn-02942,D,5,4,4,3,Mathematiques|Sport,Travail en equipe|Analyse de donnees / logique,Communication / medias|Art / design / audiovisuel,Mixte,Commerce / relation client|Creation / design,ISAIA
syn-02943,S,5,3,3,2,Informatique / Technologie|Physique-Chimie,Organisation / gestion de projet|Travail en equipe,Communication / medias|Entrepreneuriat / business,Bureau,Recherche / enseignement,ISAIA
syn-02944,D,4,4,3,5,Informatique / Technologie|Arts|Sport,Analyse de donnees / logique|Travail en equipe|Programmation,Sciences|Communication / medias|Technologie / informatique,Terrain / exterieur,Technique / ingenierie,ISAIA
syn-02945,A1,2,1,4,3,Langues etrangeres|Arts|Sport,Creativite / design|Electronique / bricolage technique|Redaction / communication|Travail en equipe,Tourisme / hotellerie|Agriculture / environnement,Mixte,Entrepreneur / independant,TEH
syn-02946,A1,2,3,2,3,Sport|Histoire-Geographie,Vente / negociation|Analyse de donnees / logique|Travail en equipe,BTP / construction|Droit / justice,Terrain / exterieur,Technique / ingenierie|Commerce / relation client,TEH
syn-02947,A2,4,4,3,2,Physique-Chimie|Sport|Economie / Gestion,Redaction / communication|Programmation,Droit / justice|Finance / comptabilite|Entrepreneuriat / business,Terrain / exterieur,Creation / design|Recherche / enseignement,FIC
syn-02948,A2,3,2,5,3,Histoire-Geographie|Mathematiques,Analyse de donnees / logique|Redaction / communication|Creativite / design|Organisation / gestion de projet,Tourisme / hotellerie|Sciences|Finance / comptabilite,Atelier / usine,Commerce / relation client|Entrepreneur / independant,FIC
syn-02949,A2,4,4,3,2,Mathematiques|SVT|Sport,Travail en equipe|Electronique / bricolage technique|Analyse de donnees / logique,Finance / comptabilite|BTP / construction|Sante / social|Agriculture / environnement,Mixte,Creation / design|Entrepreneur / independant,PIP
syn-02950,D,4,3,4,3,Mathematiques|Physique-Chimie,Electronique / bricolage technique|Analyse de donnees / logique|Travail en equipe,Sciences|Finance / comptabilite|BTP / construction,Bureau,Commerce / relation client,ISAIA
syn-02951,L,2,2,4,4,Arts|Histoire-Geographie,Programmation|Redaction / communication,Art / design / audiovisuel|Tourisme / hotellerie|Entrepreneuriat / business|Sante / social,Mixte,Technique / ingenierie,TEH
syn-02952,L,3,2,4,3,Physique-Chimie|Francais / Litterature,Analyse de donnees / logique|Electronique / bricolage technique,Communication / medias|BTP / construction,Bureau,Recherche / enseignement,DTJA
syn-02953,D,2,2,4,4,Langues etrangeres|Histoire-Geographie|Sport,Redaction / communication|Travail en equipe,Agriculture / environnement|Tourisme / hotellerie|Droit / justice,Bureau,Technique / ingenierie|Recherche / enseignement,TEE
syn-02954,A2,2,2,4,3,Arts|Sport|Economie / Gestion,Electronique / bricolage technique|Travail en equipe|Creativite / design|Organisation / gestion de projet,Communication / medias|Finance / comptabilite|Tourisme / hotellerie,Bureau,Creation / design,TEH
syn-02955,A2,3,3,4,5,Histoire-Geographie|Francais / Litterature|Arts,Programmation|Vente / negociation,Art / design / audiovisuel|Tourisme / hotellerie|Communication / medias,Mixte,Gestion / management|Creation / design,EMP
syn-02956,Technique industrielle,4,3,2,3,SVT|Economie / Gestion,Redaction / communication|Vente / negociation,Entrepreneuriat / business|Tourisme / hotellerie|Sante / social,Bureau,Technique / ingenierie,CAA
syn-02957,S,5,2,3,3,Francais / Litterature|SVT,Vente / negociation|Analyse de donnees / logique,Entrepreneuriat / business|Agriculture / environnement,Bureau,Entrepreneur / independant|Recherche / enseignement,AEE
syn-02958,A1,2,3,4,4,Informatique / Technologie|Physique-Chimie,Electronique / bricolage technique|Analyse de donnees / logique,Art / design / audiovisuel|Technologie / informatique|Finance / comptabilite|Sante / social,Bureau,Recherche / enseignement,EMP
syn-02959,D,2,4,4,3,Arts|Francais / Litterature,Redaction / communication|Electronique / bricolage technique|Creativite / design,Art / design / audiovisuel|Droit / justice|Communication / medias|BTP / construction,Bureau,Entrepreneur / independant|Gestion / management,DTJA
syn-02960,D,4,3,3,3,Economie / Gestion|Mathematiques,Electronique / bricolage technique|Analyse de donnees / logique,Finance / comptabilite|Droit / justice|Entrepreneuriat / business|Tourisme / hotellerie,Atelier / usine,Commerce / relation client,ISAIA
syn-02961,C,3,4,4,4,SVT|Mathematiques|Histoire-Geographie,Analyse de donnees / logique|Creativite / design,Sciences|Tourisme / hotellerie|Agriculture / environnement|Sante / social,Bureau,Creation / design,TEH
syn-02962,C,4,5,2,3,SVT|Histoire-Geographie|Mathematiques,Redaction / communication|Analyse de donnees / logique|Programmation|Travail en equipe,Tourisme / hotellerie|Sciences|Sante / social,Bureau,Commerce / relation client,PIP
syn-02963,A1,5,3,3,4,Histoire-Geographie|Informatique / Technologie|SVT,Programmation|Electronique / bricolage technique|Analyse de donnees / logique,Droit / justice|Communication / medias|Sciences,Mixte,Gestion / management,FIC
syn-02964,C,4,4,4,4,Histoire-Geographie|Physique-Chimie|Economie / Gestion,Electronique / bricolage technique|Analyse de donnees / logique,Entrepreneuriat / business|Communication / medias|Tourisme / hotellerie|Finance / comptabilite,Bureau,Gestion / management|Creation / design,EMP
syn-02965,L,3,3,4,4,Langues etrangeres|Informatique / Technologie|SVT,Electronique / bricolage technique|Programmation|Redaction / communication,Sciences|Technologie / informatique|Droit / justice|Tourisme / hotellerie,Mixte,Creation / design,TEH
syn-02966,D,4,4,4,2,SVT|Sport,Programmation|Organisation / gestion de projet,Communication / medias|BTP / construction|Sante / social,Laboratoire,Recherche / enseignement|Technique / ingenierie,GCA
syn-02967,C,3,5,4,3,Sport|Langues etrangeres|Francais / Litterature,Travail en equipe|Redaction / communication|Electronique / bricolage technique|Creativite / design,Communication / medias|Droit / justice|Sciences|Tourisme / hotellerie,Terrain / exterieur,Gestion / management,DTJA
syn-02968,A2,2,2,4,4,Physique-Chimie|Mathematiques,Vente / negociation|Electronique / bricolage technique,Sciences|Art / design / audiovisuel|BTP / construction,Terrain / exterieur,Creation / design|Technique / ingenierie,TEH
syn-02969,S,5,4,3,1,Francais / Litterature|Informatique / Technologie|Economie / Gestion,Travail en equipe|Electronique / bricolage technique|Vente / negociation|Programmation,Entrepreneuriat / business|Finance / comptabilite|Technologie / informatique|Tourisme / hotellerie,Atelier / usine,Entrepreneur / independant|Gestion / management,ESIIA
syn-02970,A1,1,3,4,3,SVT|Arts,Programmation|Creativite / design|Electronique / bricolage technique|Travail en equipe,Sante / social|Communication / medias|Sciences|Agriculture / environnement,Mixte,Gestion / management|Commerce / relation client,TEH
syn-02971,A2,2,4,3,4,Mathematiques|Physique-Chimie|Arts,Analyse de donnees / logique|Creativite / design|Electronique / bricolage technique,Sciences|Tourisme / hotellerie|Finance / comptabilite,Mixte,Commerce / relation client|Technique / ingenierie,FIC
syn-02972,D,3,3,5,3,Arts|Economie / Gestion|Physique-Chimie,Redaction / communication|Programmation,Finance / comptabilite|BTP / construction|Communication / medias|Sciences,Bureau,Gestion / management,PIP
syn-02973,C,4,4,3,3,Physique-Chimie|Economie / Gestion|Mathematiques,Analyse de donnees / logique|Vente / negociation|Travail en equipe,Droit / justice|BTP / construction,Mixte,Entrepreneur / independant|Recherche / enseignement,ISAIA
syn-02974,D,3,5,4,4,Langues etrangeres|Physique-Chimie|Mathematiques,Redaction / communication|Organisation / gestion de projet|Electronique / bricolage technique,Communication / medias|Tourisme / hotellerie,Bureau,Recherche / enseignement,EMII
syn-02975,C,3,3,2,4,Economie / Gestion|Physique-Chimie,Creativite / design|Electronique / bricolage technique,Sante / social|Communication / medias|Tourisme / hotellerie,Laboratoire,Creation / design,EMP
syn-02976,D,3,4,4,4,Langues etrangeres|Arts,Electronique / bricolage technique|Programmation|Redaction / communication|Analyse de donnees / logique,Tourisme / hotellerie|Sante / social,Mixte,Entrepreneur / independant,AEE
syn-02977,L,3,4,3,4,Sport|Mathematiques|Physique-Chimie,Analyse de donnees / logique|Travail en equipe,BTP / construction|Sciences,Bureau,Creation / design,EMP
syn-02978,C,4,2,4,4,Physique-Chimie|Langues etrangeres|SVT,Electronique / bricolage technique|Analyse de donnees / logique|Creativite / design,Art / design / audiovisuel|Sante / social|Sciences,Terrain / exterieur,Technique / ingenierie|Creation / design,IAA
syn-02979,C,3,3,3,3,Economie / Gestion|Francais / Litterature|Physique-Chimie,Organisation / gestion de projet|Vente / negociation,Finance / comptabilite|BTP / construction|Tourisme / hotellerie,Mixte,Entrepreneur / independant|Creation / design,EMP
syn-02980,S,3,3,3,2,Francais / Litterature|Langues etrangeres|Informatique / Technologie,Analyse de donnees / logique|Electronique / bricolage technique|Creativite / design,Tourisme / hotellerie|Communication / medias|Droit / justice|Technologie / informatique,Mixte,Commerce / relation client|Technique / ingenierie,IGGLIA
syn-02981,D,4,4,3,3,SVT|Economie / Gestion|Informatique / Technologie,Organisation / gestion de projet|Electronique / bricolage technique,Droit / justice|Tourisme / hotellerie|Finance / comptabilite|Agriculture / environnement,Mixte,Creation / design|Gestion / management,FIC
syn-02982,A2,2,3,3,3,Informatique / Technologie|Histoire-Geographie,Redaction / communication|Analyse de donnees / logique|Creativite / design|Programmation,Droit / justice|BTP / construction|Tourisme / hotellerie,Laboratoire,Commerce / relation client|Recherche / enseignement,DTJA
syn-02983,C,4,2,4,3,Mathematiques|Arts,Programmation|Travail en equipe|Creativite / design|Vente / negociation,Tourisme / hotellerie|Art / design / audiovisuel,Atelier / usine,Recherche / enseignement|Commerce / relation client,TEH
syn-02984,A2,3,2,3,5,Mathematiques|Francais / Litterature,Analyse de donnees / logique|Organisation / gestion de projet|Programmation|Creativite / design,Technologie / informatique|Finance / comptabilite|Droit / justice,Bureau,Gestion / management|Recherche / enseignement,FIC
syn-02985,S,4,4,3,3,Informatique / Technologie|Histoire-Geographie|Mathematiques,Electronique / bricolage technique|Creativite / design,Finance / comptabilite|BTP / construction|Agriculture / environnement,Bureau,Gestion / management,ISAIA
syn-02986,D,3,5,2,2,Physique-Chimie|Sport|Histoire-Geographie,Analyse de donnees / logique|Creativite / design,BTP / construction|Agriculture / environnement|Tourisme / hotellerie|Droit / justice,Bureau,Gestion / management|Technique / ingenierie,ICMP
syn-02987,A2,1,3,3,4,Francais / Litterature|Informatique / Technologie,Organisation / gestion de projet|Programmation|Travail en equipe|Creativite / design,Technologie / informatique|Sciences|Communication / medias,Terrain / exterieur,Creation / design|Entrepreneur / independant,EMP
syn-02988,L,2,3,4,2,Arts|Langues etrangeres,Creativite / design|Organisation / gestion de projet|Vente / negociation|Redaction / communication,Technologie / informatique|Tourisme / hotellerie|Entrepreneuriat / business|Communication / medias,Bureau,Recherche / enseignement|Creation / design,TEH
syn-02989,C,3,3,2,3,Histoire-Geographie|Langues etrangeres,Analyse de donnees / logique|Redaction / communication,Communication / medias|Tourisme / hotellerie|Droit / justice|BTP / construction,Mixte,Entrepreneur / independant,GCA
syn-02990,C,2,2,2,3,Economie / Gestion|Arts|Sport,Analyse de donnees / logique|Creativite / design|Travail en equipe,Communication / medias|Art / design / audiovisuel,Bureau,Commerce / relation client,IMTICIA
syn-02991,D,4,3,4,4,Arts|Mathematiques,Redaction / communication|Electronique / bricolage technique,Finance / comptabilite|Sciences,Atelier / usine,Gestion / management,ISAIA
syn-02992,A2,2,2,3,3,Francais / Litterature|Histoire-Geographie,Redaction / communication|Organisation / gestion de projet|Analyse de donnees / logique,Sante / social|Tourisme / hotellerie|Technologie / informatique,Terrain / exterieur,Gestion / management|Commerce / relation client,TEE
syn-02993,L,2,3,4,5,Informatique / Technologie|Physique-Chimie|Histoire-Geographie,Programmation|Analyse de donnees / logique|Vente / negociation|Redaction / communication,BTP / construction|Sciences|Art / design / audiovisuel|Agriculture / environnement,Terrain / exterieur,Gestion / management|Technique / ingenierie,EMP
syn-02994,S,3,3,3,3,Physique-Chimie|Mathematiques|Sport,Creativite / design|Electronique / bricolage technique|Analyse de donnees / logique,Sciences|BTP / construction|Finance / comptabilite|Agriculture / environnement,Mixte,Technique / ingenierie|Creation / design,GCA
syn-02995,D,3,4,3,3,Economie / Gestion|Physique-Chimie|Informatique / Technologie,Analyse de donnees / logique|Programmation,Technologie / informatique|Communication / medias|Agriculture / environnement|Sciences,Mixte,Creation / design,IMTICIA
syn-02996,Technique industrielle,3,4,3,3,Physique-Chimie|Arts|Sport,Travail en equipe|Electronique / bricolage technique|Vente / negociation,Communication / medias|Entrepreneuriat / business|Sciences|BTP / construction,Mixte,Entrepreneur / independant,CAA
syn-02997,Technique industrielle,4,4,4,2,Arts|Informatique / Technologie,Analyse de donnees / logique|Electronique / bricolage technique|Travail en equipe,Technologie / informatique|Droit / justice|Art / design / audiovisuel|Communication / medias,Mixte,Creation / design,IMTICIA
syn-02998,A2,2,2,3,3,Histoire-Geographie|Langues etrangeres|Arts,Organisation / gestion de projet|Electronique / bricolage technique|Redaction / communication,Communication / medias|Art / design / audiovisuel|Technologie / informatique,Mixte,Technique / ingenierie,DTJA
syn-02999,C,4,5,2,3,Histoire-Geographie|Sport|Mathematiques,Travail en equipe|Analyse de donnees / logique|Organisation / gestion de projet|Programmation,BTP / construction|Finance / comptabilite|Communication / medias,Terrain / exterieur,Creation / design,ICMP
